id,topic,difficulty,questionText,codeSnippet,optionA,optionB,optionC,optionD,correctOption,explanation
sys-1k-0001,Distributed Transactions & Saga,medium,Why is Orchestrated Saga preferred over Choreographed Saga for complex distributed workflows with many microservice dependencies?,"// Order Saga Orchestrator:
// 1. ReserveStock -> 2. ProcessPayment -> 3. DispatchShipment
// If Step 2 fails -> Trigger CompensateStock()","An Orchestrator provides a centralized state machine with clear compensation visibility, preventing cyclic event mesh deadlocks and event spaghetti.",Choreography is prohibited by ISO 20022 standards.,Orchestrator eliminates network communication between services.,Choreography consumes 100x more memory than orchestration.,A,"In complex workflows, an orchestrator coordinates transactions centrally, tracks timeouts, and invokes compensating rollbacks predictably without tangled event dependencies. (Bloom's Taxonomy Level 3: Application & Troubleshooting)."
sys-1k-0002,Transactional Outbox & CDC,easy,How does the Transactional Outbox pattern paired with Debezium CDC prevent data inconsistencies compared to dual writes?,"// Local ACID Transaction:
orderRepo.save(order);
outboxRepo.save(new OutboxEvent(""OrderCreated"", order.getId()));",The entity update and outbox record are committed atomically in the same local database transaction; Debezium streams WAL commits to Kafka with at-least-once guarantee.,It converts Kafka topics into relational database tables.,It eliminates the need for database transaction logs entirely.,It guarantees zero network latency across microservices.,A,"Dual-writes fail if the DB commit succeeds but Kafka send fails. The Outbox pattern writes to the local DB table atomically, and Debezium tails the database WAL to publish events reliably. (Bloom's Taxonomy Level 3: Application & Troubleshooting)."
sys-1k-0003,Distributed Consensus (Raft & Paxos),hard,"Under Raft consensus rules, why will a follower node refuse to vote for a candidate even if the candidate's term is higher?","// 5-Node Raft Cluster
// Node 1 initiates election with Term 4",If the candidate's log is less up-to-date (has lower last log term or shorter log length) than the follower's own log.,If the candidate's IP address is numerically higher than the follower.,If the follower has been online for more than 10 minutes.,If the candidate uses UDP packets instead of TCP.,A,"The Raft Leader Completeness invariant requires that a follower grants a vote only if the candidate's log is at least as up-to-date as the voter's own log (higher term, or same term with longer index). (Bloom's Taxonomy Level 3: Application & Troubleshooting)."
sys-1k-0004,Distributed Caching & Stampede Mitigation,medium,How does the XFetch algorithm eliminate Cache Stampede (Thundering Herd) when a hot key expires under high concurrency?,"// XFetch Algorithm:
// if ( -delta * beta * ln(random()) ) >= remaining_ttl -> trigger refresh","The probability of a background reader recalculating and updating the cache key increases asymptotically to 1.0 as TTL nears zero, refreshing the cache prior to actual expiry.",It drops all incoming traffic when the cache key reaches 0 TTL.,It locks all Redis shards to single-threaded sequential execution.,It forces the client browser to compute the database query.,A,"XFetch probabilistically triggers early refresh based on computation cost (delta) and TTL. A single reader refreshes the cache ahead of expiration, preventing massive database thundering herds. (Bloom's Taxonomy Level 3: Application & Troubleshooting)."
sys-1k-0005,Distributed Rate Limiting,easy,Why is a Redis Lua script essential for distributed rate limiting across multiple app servers?,"local key = KEYS[1]
local limit = tonumber(ARGV[1])
local current = tonumber(redis.call('get', key) or '0')
if current + 1 > limit then return 0 else redis.call('incrby', key, 1) return 1 end","Redis executes Lua scripts atomically in its single-threaded event loop, preventing Time-of-Check to Time-of-Use (TOCTOU) race conditions across concurrent servers.",Lua scripts execute inside the client's browser JavaScript engine.,Separate GET and SET commands are banned by HTTP/2.,Lua scripts store rate limit counters in CPU registers.,A,"Separate GET and SET calls allow concurrent servers to interleave commands, exceeding rate limits. Lua scripts execute atomically in Redis without race conditions. (Bloom's Taxonomy Level 3: Application & Troubleshooting)."
sys-1k-0006,Database Storage Engines & Indexing,hard,"Why do write-heavy distributed databases (Cassandra, RocksDB) utilize Log-Structured Merge-Trees instead of B-Trees?",// LSM Pipeline: Append to WAL -> Insert into MemTable -> Flush to SSTables,"LSM-Trees transform random disk writes into sequential append-only writes, maximizing disk throughput and minimizing disk write amplification.",B-Trees cannot store numeric floating point values.,LSM-Trees do not use persistent disk storage.,LSM-Trees perform random in-place updates directly on flash memory.,A,"B-Trees perform random in-place disk page updates, causing heavy write amplification. LSM-Trees append sequentially to WAL and MemTable, periodically compacting immutable SSTables. (Bloom's Taxonomy Level 3: Application & Troubleshooting)."
sys-1k-0007,Message Queues & Kafka Internals,medium,How does the Kafka Transaction Coordinator prevent zombie producers from committing split-brain transactions after a network partition?,"producer.initTransactions();
producer.beginTransaction();
producer.send(record);
producer.commitTransaction();","It increments the producer epoch for that transactional.id, causing brokers to reject any subsequent writes from the old producer instance with ProducerFencedException.",It blocks the old producer's IP address on the Linux kernel firewall.,It automatically deletes the target topic partition.,It forces all broker nodes to reboot.,A,"When a new producer instance initializes with a transactional ID, the coordinator bumps the epoch. Any late writes from the old zombie instance are rejected with ProducerFencedException. (Bloom's Taxonomy Level 3: Application & Troubleshooting)."
sys-1k-0008,Consistent Hashing & Partitioning,easy,What critical problem do Virtual Nodes solve in Consistent Hashing topologies?,"// Hash Ring: 0 to 2^32 - 1
// Physical Nodes mapped to 150 Virtual Nodes each","They prevent hot-spot data skew by distributing token positions evenly across the hash ring, ensuring uniform load distribution when nodes join or leave.",They eliminate the need for hash functions.,They reduce network bandwidth to zero.,They convert distributed hash tables into single-node in-memory lists.,A,"Without virtual nodes, a small cluster has uneven hash token distribution. Mapping each physical server to 100-200 virtual nodes creates a balanced, uniform distribution across the ring. (Bloom's Taxonomy Level 3: Application & Troubleshooting)."
sys-1k-0009,Distributed Transactions & Saga,hard,Why is Orchestrated Saga preferred over Choreographed Saga for complex distributed workflows with many microservice dependencies?,"// Order Saga Orchestrator:
// 1. ReserveStock -> 2. ProcessPayment -> 3. DispatchShipment
// If Step 2 fails -> Trigger CompensateStock()","An Orchestrator provides a centralized state machine with clear compensation visibility, preventing cyclic event mesh deadlocks and event spaghetti.",Choreography is prohibited by ISO 20022 standards.,Orchestrator eliminates network communication between services.,Choreography consumes 100x more memory than orchestration.,A,"In complex workflows, an orchestrator coordinates transactions centrally, tracks timeouts, and invokes compensating rollbacks predictably without tangled event dependencies. (Bloom's Taxonomy Level 3: Application & Troubleshooting)."
sys-1k-0010,Transactional Outbox & CDC,medium,How does the Transactional Outbox pattern paired with Debezium CDC prevent data inconsistencies compared to dual writes?,"// Local ACID Transaction:
orderRepo.save(order);
outboxRepo.save(new OutboxEvent(""OrderCreated"", order.getId()));",The entity update and outbox record are committed atomically in the same local database transaction; Debezium streams WAL commits to Kafka with at-least-once guarantee.,It converts Kafka topics into relational database tables.,It eliminates the need for database transaction logs entirely.,It guarantees zero network latency across microservices.,A,"Dual-writes fail if the DB commit succeeds but Kafka send fails. The Outbox pattern writes to the local DB table atomically, and Debezium tails the database WAL to publish events reliably. (Bloom's Taxonomy Level 3: Application & Troubleshooting)."
sys-1k-0011,Distributed Consensus (Raft & Paxos),easy,"Under Raft consensus rules, why will a follower node refuse to vote for a candidate even if the candidate's term is higher?","// 5-Node Raft Cluster
// Node 1 initiates election with Term 4",If the candidate's log is less up-to-date (has lower last log term or shorter log length) than the follower's own log.,If the candidate's IP address is numerically higher than the follower.,If the follower has been online for more than 10 minutes.,If the candidate uses UDP packets instead of TCP.,A,"The Raft Leader Completeness invariant requires that a follower grants a vote only if the candidate's log is at least as up-to-date as the voter's own log (higher term, or same term with longer index). (Bloom's Taxonomy Level 3: Application & Troubleshooting)."
sys-1k-0012,Distributed Caching & Stampede Mitigation,hard,How does the XFetch algorithm eliminate Cache Stampede (Thundering Herd) when a hot key expires under high concurrency?,"// XFetch Algorithm:
// if ( -delta * beta * ln(random()) ) >= remaining_ttl -> trigger refresh","The probability of a background reader recalculating and updating the cache key increases asymptotically to 1.0 as TTL nears zero, refreshing the cache prior to actual expiry.",It drops all incoming traffic when the cache key reaches 0 TTL.,It locks all Redis shards to single-threaded sequential execution.,It forces the client browser to compute the database query.,A,"XFetch probabilistically triggers early refresh based on computation cost (delta) and TTL. A single reader refreshes the cache ahead of expiration, preventing massive database thundering herds. (Bloom's Taxonomy Level 3: Application & Troubleshooting)."
sys-1k-0013,Distributed Rate Limiting,medium,Why is a Redis Lua script essential for distributed rate limiting across multiple app servers?,"local key = KEYS[1]
local limit = tonumber(ARGV[1])
local current = tonumber(redis.call('get', key) or '0')
if current + 1 > limit then return 0 else redis.call('incrby', key, 1) return 1 end","Redis executes Lua scripts atomically in its single-threaded event loop, preventing Time-of-Check to Time-of-Use (TOCTOU) race conditions across concurrent servers.",Lua scripts execute inside the client's browser JavaScript engine.,Separate GET and SET commands are banned by HTTP/2.,Lua scripts store rate limit counters in CPU registers.,A,"Separate GET and SET calls allow concurrent servers to interleave commands, exceeding rate limits. Lua scripts execute atomically in Redis without race conditions. (Bloom's Taxonomy Level 3: Application & Troubleshooting)."
sys-1k-0014,Database Storage Engines & Indexing,easy,"Why do write-heavy distributed databases (Cassandra, RocksDB) utilize Log-Structured Merge-Trees instead of B-Trees?",// LSM Pipeline: Append to WAL -> Insert into MemTable -> Flush to SSTables,"LSM-Trees transform random disk writes into sequential append-only writes, maximizing disk throughput and minimizing disk write amplification.",B-Trees cannot store numeric floating point values.,LSM-Trees do not use persistent disk storage.,LSM-Trees perform random in-place updates directly on flash memory.,A,"B-Trees perform random in-place disk page updates, causing heavy write amplification. LSM-Trees append sequentially to WAL and MemTable, periodically compacting immutable SSTables. (Bloom's Taxonomy Level 3: Application & Troubleshooting)."
sys-1k-0015,Message Queues & Kafka Internals,hard,How does the Kafka Transaction Coordinator prevent zombie producers from committing split-brain transactions after a network partition?,"producer.initTransactions();
producer.beginTransaction();
producer.send(record);
producer.commitTransaction();","It increments the producer epoch for that transactional.id, causing brokers to reject any subsequent writes from the old producer instance with ProducerFencedException.",It blocks the old producer's IP address on the Linux kernel firewall.,It automatically deletes the target topic partition.,It forces all broker nodes to reboot.,A,"When a new producer instance initializes with a transactional ID, the coordinator bumps the epoch. Any late writes from the old zombie instance are rejected with ProducerFencedException. (Bloom's Taxonomy Level 3: Application & Troubleshooting)."
sys-1k-0016,Consistent Hashing & Partitioning,medium,What critical problem do Virtual Nodes solve in Consistent Hashing topologies?,"// Hash Ring: 0 to 2^32 - 1
// Physical Nodes mapped to 150 Virtual Nodes each","They prevent hot-spot data skew by distributing token positions evenly across the hash ring, ensuring uniform load distribution when nodes join or leave.",They eliminate the need for hash functions.,They reduce network bandwidth to zero.,They convert distributed hash tables into single-node in-memory lists.,A,"Without virtual nodes, a small cluster has uneven hash token distribution. Mapping each physical server to 100-200 virtual nodes creates a balanced, uniform distribution across the ring. (Bloom's Taxonomy Level 3: Application & Troubleshooting)."
sys-1k-0017,Distributed Transactions & Saga,easy,Why is Orchestrated Saga preferred over Choreographed Saga for complex distributed workflows with many microservice dependencies?,"// Order Saga Orchestrator:
// 1. ReserveStock -> 2. ProcessPayment -> 3. DispatchShipment
// If Step 2 fails -> Trigger CompensateStock()","An Orchestrator provides a centralized state machine with clear compensation visibility, preventing cyclic event mesh deadlocks and event spaghetti.",Choreography is prohibited by ISO 20022 standards.,Orchestrator eliminates network communication between services.,Choreography consumes 100x more memory than orchestration.,A,"In complex workflows, an orchestrator coordinates transactions centrally, tracks timeouts, and invokes compensating rollbacks predictably without tangled event dependencies. (Bloom's Taxonomy Level 3: Application & Troubleshooting)."
sys-1k-0018,Transactional Outbox & CDC,hard,How does the Transactional Outbox pattern paired with Debezium CDC prevent data inconsistencies compared to dual writes?,"// Local ACID Transaction:
orderRepo.save(order);
outboxRepo.save(new OutboxEvent(""OrderCreated"", order.getId()));",The entity update and outbox record are committed atomically in the same local database transaction; Debezium streams WAL commits to Kafka with at-least-once guarantee.,It converts Kafka topics into relational database tables.,It eliminates the need for database transaction logs entirely.,It guarantees zero network latency across microservices.,A,"Dual-writes fail if the DB commit succeeds but Kafka send fails. The Outbox pattern writes to the local DB table atomically, and Debezium tails the database WAL to publish events reliably. (Bloom's Taxonomy Level 3: Application & Troubleshooting)."
sys-1k-0019,Distributed Consensus (Raft & Paxos),medium,"Under Raft consensus rules, why will a follower node refuse to vote for a candidate even if the candidate's term is higher?","// 5-Node Raft Cluster
// Node 1 initiates election with Term 4",If the candidate's log is less up-to-date (has lower last log term or shorter log length) than the follower's own log.,If the candidate's IP address is numerically higher than the follower.,If the follower has been online for more than 10 minutes.,If the candidate uses UDP packets instead of TCP.,A,"The Raft Leader Completeness invariant requires that a follower grants a vote only if the candidate's log is at least as up-to-date as the voter's own log (higher term, or same term with longer index). (Bloom's Taxonomy Level 3: Application & Troubleshooting)."
sys-1k-0020,Distributed Caching & Stampede Mitigation,easy,How does the XFetch algorithm eliminate Cache Stampede (Thundering Herd) when a hot key expires under high concurrency?,"// XFetch Algorithm:
// if ( -delta * beta * ln(random()) ) >= remaining_ttl -> trigger refresh","The probability of a background reader recalculating and updating the cache key increases asymptotically to 1.0 as TTL nears zero, refreshing the cache prior to actual expiry.",It drops all incoming traffic when the cache key reaches 0 TTL.,It locks all Redis shards to single-threaded sequential execution.,It forces the client browser to compute the database query.,A,"XFetch probabilistically triggers early refresh based on computation cost (delta) and TTL. A single reader refreshes the cache ahead of expiration, preventing massive database thundering herds. (Bloom's Taxonomy Level 3: Application & Troubleshooting)."
sys-1k-0021,Distributed Rate Limiting,hard,Why is a Redis Lua script essential for distributed rate limiting across multiple app servers?,"local key = KEYS[1]
local limit = tonumber(ARGV[1])
local current = tonumber(redis.call('get', key) or '0')
if current + 1 > limit then return 0 else redis.call('incrby', key, 1) return 1 end","Redis executes Lua scripts atomically in its single-threaded event loop, preventing Time-of-Check to Time-of-Use (TOCTOU) race conditions across concurrent servers.",Lua scripts execute inside the client's browser JavaScript engine.,Separate GET and SET commands are banned by HTTP/2.,Lua scripts store rate limit counters in CPU registers.,A,"Separate GET and SET calls allow concurrent servers to interleave commands, exceeding rate limits. Lua scripts execute atomically in Redis without race conditions. (Bloom's Taxonomy Level 3: Application & Troubleshooting)."
sys-1k-0022,Database Storage Engines & Indexing,medium,"Why do write-heavy distributed databases (Cassandra, RocksDB) utilize Log-Structured Merge-Trees instead of B-Trees?",// LSM Pipeline: Append to WAL -> Insert into MemTable -> Flush to SSTables,"LSM-Trees transform random disk writes into sequential append-only writes, maximizing disk throughput and minimizing disk write amplification.",B-Trees cannot store numeric floating point values.,LSM-Trees do not use persistent disk storage.,LSM-Trees perform random in-place updates directly on flash memory.,A,"B-Trees perform random in-place disk page updates, causing heavy write amplification. LSM-Trees append sequentially to WAL and MemTable, periodically compacting immutable SSTables. (Bloom's Taxonomy Level 3: Application & Troubleshooting)."
sys-1k-0023,Message Queues & Kafka Internals,easy,How does the Kafka Transaction Coordinator prevent zombie producers from committing split-brain transactions after a network partition?,"producer.initTransactions();
producer.beginTransaction();
producer.send(record);
producer.commitTransaction();","It increments the producer epoch for that transactional.id, causing brokers to reject any subsequent writes from the old producer instance with ProducerFencedException.",It blocks the old producer's IP address on the Linux kernel firewall.,It automatically deletes the target topic partition.,It forces all broker nodes to reboot.,A,"When a new producer instance initializes with a transactional ID, the coordinator bumps the epoch. Any late writes from the old zombie instance are rejected with ProducerFencedException. (Bloom's Taxonomy Level 3: Application & Troubleshooting)."
sys-1k-0024,Consistent Hashing & Partitioning,hard,What critical problem do Virtual Nodes solve in Consistent Hashing topologies?,"// Hash Ring: 0 to 2^32 - 1
// Physical Nodes mapped to 150 Virtual Nodes each","They prevent hot-spot data skew by distributing token positions evenly across the hash ring, ensuring uniform load distribution when nodes join or leave.",They eliminate the need for hash functions.,They reduce network bandwidth to zero.,They convert distributed hash tables into single-node in-memory lists.,A,"Without virtual nodes, a small cluster has uneven hash token distribution. Mapping each physical server to 100-200 virtual nodes creates a balanced, uniform distribution across the ring. (Bloom's Taxonomy Level 3: Application & Troubleshooting)."
sys-1k-0025,Distributed Transactions & Saga,medium,Why is Orchestrated Saga preferred over Choreographed Saga for complex distributed workflows with many microservice dependencies?,"// Order Saga Orchestrator:
// 1. ReserveStock -> 2. ProcessPayment -> 3. DispatchShipment
// If Step 2 fails -> Trigger CompensateStock()","An Orchestrator provides a centralized state machine with clear compensation visibility, preventing cyclic event mesh deadlocks and event spaghetti.",Choreography is prohibited by ISO 20022 standards.,Orchestrator eliminates network communication between services.,Choreography consumes 100x more memory than orchestration.,A,"In complex workflows, an orchestrator coordinates transactions centrally, tracks timeouts, and invokes compensating rollbacks predictably without tangled event dependencies. (Bloom's Taxonomy Level 3: Application & Troubleshooting)."
sys-1k-0026,Transactional Outbox & CDC,easy,How does the Transactional Outbox pattern paired with Debezium CDC prevent data inconsistencies compared to dual writes?,"// Local ACID Transaction:
orderRepo.save(order);
outboxRepo.save(new OutboxEvent(""OrderCreated"", order.getId()));",The entity update and outbox record are committed atomically in the same local database transaction; Debezium streams WAL commits to Kafka with at-least-once guarantee.,It converts Kafka topics into relational database tables.,It eliminates the need for database transaction logs entirely.,It guarantees zero network latency across microservices.,A,"Dual-writes fail if the DB commit succeeds but Kafka send fails. The Outbox pattern writes to the local DB table atomically, and Debezium tails the database WAL to publish events reliably. (Bloom's Taxonomy Level 3: Application & Troubleshooting)."
sys-1k-0027,Distributed Consensus (Raft & Paxos),hard,"Under Raft consensus rules, why will a follower node refuse to vote for a candidate even if the candidate's term is higher?","// 5-Node Raft Cluster
// Node 1 initiates election with Term 4",If the candidate's log is less up-to-date (has lower last log term or shorter log length) than the follower's own log.,If the candidate's IP address is numerically higher than the follower.,If the follower has been online for more than 10 minutes.,If the candidate uses UDP packets instead of TCP.,A,"The Raft Leader Completeness invariant requires that a follower grants a vote only if the candidate's log is at least as up-to-date as the voter's own log (higher term, or same term with longer index). (Bloom's Taxonomy Level 3: Application & Troubleshooting)."
sys-1k-0028,Distributed Caching & Stampede Mitigation,medium,How does the XFetch algorithm eliminate Cache Stampede (Thundering Herd) when a hot key expires under high concurrency?,"// XFetch Algorithm:
// if ( -delta * beta * ln(random()) ) >= remaining_ttl -> trigger refresh","The probability of a background reader recalculating and updating the cache key increases asymptotically to 1.0 as TTL nears zero, refreshing the cache prior to actual expiry.",It drops all incoming traffic when the cache key reaches 0 TTL.,It locks all Redis shards to single-threaded sequential execution.,It forces the client browser to compute the database query.,A,"XFetch probabilistically triggers early refresh based on computation cost (delta) and TTL. A single reader refreshes the cache ahead of expiration, preventing massive database thundering herds. (Bloom's Taxonomy Level 3: Application & Troubleshooting)."
sys-1k-0029,Distributed Rate Limiting,easy,Why is a Redis Lua script essential for distributed rate limiting across multiple app servers?,"local key = KEYS[1]
local limit = tonumber(ARGV[1])
local current = tonumber(redis.call('get', key) or '0')
if current + 1 > limit then return 0 else redis.call('incrby', key, 1) return 1 end","Redis executes Lua scripts atomically in its single-threaded event loop, preventing Time-of-Check to Time-of-Use (TOCTOU) race conditions across concurrent servers.",Lua scripts execute inside the client's browser JavaScript engine.,Separate GET and SET commands are banned by HTTP/2.,Lua scripts store rate limit counters in CPU registers.,A,"Separate GET and SET calls allow concurrent servers to interleave commands, exceeding rate limits. Lua scripts execute atomically in Redis without race conditions. (Bloom's Taxonomy Level 3: Application & Troubleshooting)."
sys-1k-0030,Database Storage Engines & Indexing,hard,"Why do write-heavy distributed databases (Cassandra, RocksDB) utilize Log-Structured Merge-Trees instead of B-Trees?",// LSM Pipeline: Append to WAL -> Insert into MemTable -> Flush to SSTables,"LSM-Trees transform random disk writes into sequential append-only writes, maximizing disk throughput and minimizing disk write amplification.",B-Trees cannot store numeric floating point values.,LSM-Trees do not use persistent disk storage.,LSM-Trees perform random in-place updates directly on flash memory.,A,"B-Trees perform random in-place disk page updates, causing heavy write amplification. LSM-Trees append sequentially to WAL and MemTable, periodically compacting immutable SSTables. (Bloom's Taxonomy Level 3: Application & Troubleshooting)."
sys-1k-0031,Message Queues & Kafka Internals,medium,How does the Kafka Transaction Coordinator prevent zombie producers from committing split-brain transactions after a network partition?,"producer.initTransactions();
producer.beginTransaction();
producer.send(record);
producer.commitTransaction();","It increments the producer epoch for that transactional.id, causing brokers to reject any subsequent writes from the old producer instance with ProducerFencedException.",It blocks the old producer's IP address on the Linux kernel firewall.,It automatically deletes the target topic partition.,It forces all broker nodes to reboot.,A,"When a new producer instance initializes with a transactional ID, the coordinator bumps the epoch. Any late writes from the old zombie instance are rejected with ProducerFencedException. (Bloom's Taxonomy Level 3: Application & Troubleshooting)."
sys-1k-0032,Consistent Hashing & Partitioning,easy,What critical problem do Virtual Nodes solve in Consistent Hashing topologies?,"// Hash Ring: 0 to 2^32 - 1
// Physical Nodes mapped to 150 Virtual Nodes each","They prevent hot-spot data skew by distributing token positions evenly across the hash ring, ensuring uniform load distribution when nodes join or leave.",They eliminate the need for hash functions.,They reduce network bandwidth to zero.,They convert distributed hash tables into single-node in-memory lists.,A,"Without virtual nodes, a small cluster has uneven hash token distribution. Mapping each physical server to 100-200 virtual nodes creates a balanced, uniform distribution across the ring. (Bloom's Taxonomy Level 3: Application & Troubleshooting)."
sys-1k-0033,Distributed Transactions & Saga,hard,Why is Orchestrated Saga preferred over Choreographed Saga for complex distributed workflows with many microservice dependencies?,"// Order Saga Orchestrator:
// 1. ReserveStock -> 2. ProcessPayment -> 3. DispatchShipment
// If Step 2 fails -> Trigger CompensateStock()","An Orchestrator provides a centralized state machine with clear compensation visibility, preventing cyclic event mesh deadlocks and event spaghetti.",Choreography is prohibited by ISO 20022 standards.,Orchestrator eliminates network communication between services.,Choreography consumes 100x more memory than orchestration.,A,"In complex workflows, an orchestrator coordinates transactions centrally, tracks timeouts, and invokes compensating rollbacks predictably without tangled event dependencies. (Bloom's Taxonomy Level 3: Application & Troubleshooting)."
sys-1k-0034,Transactional Outbox & CDC,medium,How does the Transactional Outbox pattern paired with Debezium CDC prevent data inconsistencies compared to dual writes?,"// Local ACID Transaction:
orderRepo.save(order);
outboxRepo.save(new OutboxEvent(""OrderCreated"", order.getId()));",The entity update and outbox record are committed atomically in the same local database transaction; Debezium streams WAL commits to Kafka with at-least-once guarantee.,It converts Kafka topics into relational database tables.,It eliminates the need for database transaction logs entirely.,It guarantees zero network latency across microservices.,A,"Dual-writes fail if the DB commit succeeds but Kafka send fails. The Outbox pattern writes to the local DB table atomically, and Debezium tails the database WAL to publish events reliably. (Bloom's Taxonomy Level 3: Application & Troubleshooting)."
sys-1k-0035,Distributed Consensus (Raft & Paxos),easy,"Under Raft consensus rules, why will a follower node refuse to vote for a candidate even if the candidate's term is higher?","// 5-Node Raft Cluster
// Node 1 initiates election with Term 4",If the candidate's log is less up-to-date (has lower last log term or shorter log length) than the follower's own log.,If the candidate's IP address is numerically higher than the follower.,If the follower has been online for more than 10 minutes.,If the candidate uses UDP packets instead of TCP.,A,"The Raft Leader Completeness invariant requires that a follower grants a vote only if the candidate's log is at least as up-to-date as the voter's own log (higher term, or same term with longer index). (Bloom's Taxonomy Level 3: Application & Troubleshooting)."
sys-1k-0036,Distributed Caching & Stampede Mitigation,hard,How does the XFetch algorithm eliminate Cache Stampede (Thundering Herd) when a hot key expires under high concurrency?,"// XFetch Algorithm:
// if ( -delta * beta * ln(random()) ) >= remaining_ttl -> trigger refresh","The probability of a background reader recalculating and updating the cache key increases asymptotically to 1.0 as TTL nears zero, refreshing the cache prior to actual expiry.",It drops all incoming traffic when the cache key reaches 0 TTL.,It locks all Redis shards to single-threaded sequential execution.,It forces the client browser to compute the database query.,A,"XFetch probabilistically triggers early refresh based on computation cost (delta) and TTL. A single reader refreshes the cache ahead of expiration, preventing massive database thundering herds. (Bloom's Taxonomy Level 3: Application & Troubleshooting)."
sys-1k-0037,Distributed Rate Limiting,medium,Why is a Redis Lua script essential for distributed rate limiting across multiple app servers?,"local key = KEYS[1]
local limit = tonumber(ARGV[1])
local current = tonumber(redis.call('get', key) or '0')
if current + 1 > limit then return 0 else redis.call('incrby', key, 1) return 1 end","Redis executes Lua scripts atomically in its single-threaded event loop, preventing Time-of-Check to Time-of-Use (TOCTOU) race conditions across concurrent servers.",Lua scripts execute inside the client's browser JavaScript engine.,Separate GET and SET commands are banned by HTTP/2.,Lua scripts store rate limit counters in CPU registers.,A,"Separate GET and SET calls allow concurrent servers to interleave commands, exceeding rate limits. Lua scripts execute atomically in Redis without race conditions. (Bloom's Taxonomy Level 3: Application & Troubleshooting)."
sys-1k-0038,Database Storage Engines & Indexing,easy,"Why do write-heavy distributed databases (Cassandra, RocksDB) utilize Log-Structured Merge-Trees instead of B-Trees?",// LSM Pipeline: Append to WAL -> Insert into MemTable -> Flush to SSTables,"LSM-Trees transform random disk writes into sequential append-only writes, maximizing disk throughput and minimizing disk write amplification.",B-Trees cannot store numeric floating point values.,LSM-Trees do not use persistent disk storage.,LSM-Trees perform random in-place updates directly on flash memory.,A,"B-Trees perform random in-place disk page updates, causing heavy write amplification. LSM-Trees append sequentially to WAL and MemTable, periodically compacting immutable SSTables. (Bloom's Taxonomy Level 3: Application & Troubleshooting)."
sys-1k-0039,Message Queues & Kafka Internals,hard,How does the Kafka Transaction Coordinator prevent zombie producers from committing split-brain transactions after a network partition?,"producer.initTransactions();
producer.beginTransaction();
producer.send(record);
producer.commitTransaction();","It increments the producer epoch for that transactional.id, causing brokers to reject any subsequent writes from the old producer instance with ProducerFencedException.",It blocks the old producer's IP address on the Linux kernel firewall.,It automatically deletes the target topic partition.,It forces all broker nodes to reboot.,A,"When a new producer instance initializes with a transactional ID, the coordinator bumps the epoch. Any late writes from the old zombie instance are rejected with ProducerFencedException. (Bloom's Taxonomy Level 3: Application & Troubleshooting)."
sys-1k-0040,Consistent Hashing & Partitioning,medium,What critical problem do Virtual Nodes solve in Consistent Hashing topologies?,"// Hash Ring: 0 to 2^32 - 1
// Physical Nodes mapped to 150 Virtual Nodes each","They prevent hot-spot data skew by distributing token positions evenly across the hash ring, ensuring uniform load distribution when nodes join or leave.",They eliminate the need for hash functions.,They reduce network bandwidth to zero.,They convert distributed hash tables into single-node in-memory lists.,A,"Without virtual nodes, a small cluster has uneven hash token distribution. Mapping each physical server to 100-200 virtual nodes creates a balanced, uniform distribution across the ring. (Bloom's Taxonomy Level 3: Application & Troubleshooting)."
sys-1k-0041,Distributed Transactions & Saga,easy,Why is Orchestrated Saga preferred over Choreographed Saga for complex distributed workflows with many microservice dependencies?,"// Order Saga Orchestrator:
// 1. ReserveStock -> 2. ProcessPayment -> 3. DispatchShipment
// If Step 2 fails -> Trigger CompensateStock()","An Orchestrator provides a centralized state machine with clear compensation visibility, preventing cyclic event mesh deadlocks and event spaghetti.",Choreography is prohibited by ISO 20022 standards.,Orchestrator eliminates network communication between services.,Choreography consumes 100x more memory than orchestration.,A,"In complex workflows, an orchestrator coordinates transactions centrally, tracks timeouts, and invokes compensating rollbacks predictably without tangled event dependencies. (Bloom's Taxonomy Level 3: Application & Troubleshooting)."
sys-1k-0042,Transactional Outbox & CDC,hard,How does the Transactional Outbox pattern paired with Debezium CDC prevent data inconsistencies compared to dual writes?,"// Local ACID Transaction:
orderRepo.save(order);
outboxRepo.save(new OutboxEvent(""OrderCreated"", order.getId()));",The entity update and outbox record are committed atomically in the same local database transaction; Debezium streams WAL commits to Kafka with at-least-once guarantee.,It converts Kafka topics into relational database tables.,It eliminates the need for database transaction logs entirely.,It guarantees zero network latency across microservices.,A,"Dual-writes fail if the DB commit succeeds but Kafka send fails. The Outbox pattern writes to the local DB table atomically, and Debezium tails the database WAL to publish events reliably. (Bloom's Taxonomy Level 3: Application & Troubleshooting)."
sys-1k-0043,Distributed Consensus (Raft & Paxos),medium,"Under Raft consensus rules, why will a follower node refuse to vote for a candidate even if the candidate's term is higher?","// 5-Node Raft Cluster
// Node 1 initiates election with Term 4",If the candidate's log is less up-to-date (has lower last log term or shorter log length) than the follower's own log.,If the candidate's IP address is numerically higher than the follower.,If the follower has been online for more than 10 minutes.,If the candidate uses UDP packets instead of TCP.,A,"The Raft Leader Completeness invariant requires that a follower grants a vote only if the candidate's log is at least as up-to-date as the voter's own log (higher term, or same term with longer index). (Bloom's Taxonomy Level 3: Application & Troubleshooting)."
sys-1k-0044,Distributed Caching & Stampede Mitigation,easy,How does the XFetch algorithm eliminate Cache Stampede (Thundering Herd) when a hot key expires under high concurrency?,"// XFetch Algorithm:
// if ( -delta * beta * ln(random()) ) >= remaining_ttl -> trigger refresh","The probability of a background reader recalculating and updating the cache key increases asymptotically to 1.0 as TTL nears zero, refreshing the cache prior to actual expiry.",It drops all incoming traffic when the cache key reaches 0 TTL.,It locks all Redis shards to single-threaded sequential execution.,It forces the client browser to compute the database query.,A,"XFetch probabilistically triggers early refresh based on computation cost (delta) and TTL. A single reader refreshes the cache ahead of expiration, preventing massive database thundering herds. (Bloom's Taxonomy Level 3: Application & Troubleshooting)."
sys-1k-0045,Distributed Rate Limiting,hard,Why is a Redis Lua script essential for distributed rate limiting across multiple app servers?,"local key = KEYS[1]
local limit = tonumber(ARGV[1])
local current = tonumber(redis.call('get', key) or '0')
if current + 1 > limit then return 0 else redis.call('incrby', key, 1) return 1 end","Redis executes Lua scripts atomically in its single-threaded event loop, preventing Time-of-Check to Time-of-Use (TOCTOU) race conditions across concurrent servers.",Lua scripts execute inside the client's browser JavaScript engine.,Separate GET and SET commands are banned by HTTP/2.,Lua scripts store rate limit counters in CPU registers.,A,"Separate GET and SET calls allow concurrent servers to interleave commands, exceeding rate limits. Lua scripts execute atomically in Redis without race conditions. (Bloom's Taxonomy Level 3: Application & Troubleshooting)."
sys-1k-0046,Database Storage Engines & Indexing,medium,"Why do write-heavy distributed databases (Cassandra, RocksDB) utilize Log-Structured Merge-Trees instead of B-Trees?",// LSM Pipeline: Append to WAL -> Insert into MemTable -> Flush to SSTables,"LSM-Trees transform random disk writes into sequential append-only writes, maximizing disk throughput and minimizing disk write amplification.",B-Trees cannot store numeric floating point values.,LSM-Trees do not use persistent disk storage.,LSM-Trees perform random in-place updates directly on flash memory.,A,"B-Trees perform random in-place disk page updates, causing heavy write amplification. LSM-Trees append sequentially to WAL and MemTable, periodically compacting immutable SSTables. (Bloom's Taxonomy Level 3: Application & Troubleshooting)."
sys-1k-0047,Message Queues & Kafka Internals,easy,How does the Kafka Transaction Coordinator prevent zombie producers from committing split-brain transactions after a network partition?,"producer.initTransactions();
producer.beginTransaction();
producer.send(record);
producer.commitTransaction();","It increments the producer epoch for that transactional.id, causing brokers to reject any subsequent writes from the old producer instance with ProducerFencedException.",It blocks the old producer's IP address on the Linux kernel firewall.,It automatically deletes the target topic partition.,It forces all broker nodes to reboot.,A,"When a new producer instance initializes with a transactional ID, the coordinator bumps the epoch. Any late writes from the old zombie instance are rejected with ProducerFencedException. (Bloom's Taxonomy Level 3: Application & Troubleshooting)."
sys-1k-0048,Consistent Hashing & Partitioning,hard,What critical problem do Virtual Nodes solve in Consistent Hashing topologies?,"// Hash Ring: 0 to 2^32 - 1
// Physical Nodes mapped to 150 Virtual Nodes each","They prevent hot-spot data skew by distributing token positions evenly across the hash ring, ensuring uniform load distribution when nodes join or leave.",They eliminate the need for hash functions.,They reduce network bandwidth to zero.,They convert distributed hash tables into single-node in-memory lists.,A,"Without virtual nodes, a small cluster has uneven hash token distribution. Mapping each physical server to 100-200 virtual nodes creates a balanced, uniform distribution across the ring. (Bloom's Taxonomy Level 3: Application & Troubleshooting)."
sys-1k-0049,Distributed Transactions & Saga,medium,Why is Orchestrated Saga preferred over Choreographed Saga for complex distributed workflows with many microservice dependencies?,"// Order Saga Orchestrator:
// 1. ReserveStock -> 2. ProcessPayment -> 3. DispatchShipment
// If Step 2 fails -> Trigger CompensateStock()","An Orchestrator provides a centralized state machine with clear compensation visibility, preventing cyclic event mesh deadlocks and event spaghetti.",Choreography is prohibited by ISO 20022 standards.,Orchestrator eliminates network communication between services.,Choreography consumes 100x more memory than orchestration.,A,"In complex workflows, an orchestrator coordinates transactions centrally, tracks timeouts, and invokes compensating rollbacks predictably without tangled event dependencies. (Bloom's Taxonomy Level 3: Application & Troubleshooting)."
sys-1k-0050,Transactional Outbox & CDC,easy,How does the Transactional Outbox pattern paired with Debezium CDC prevent data inconsistencies compared to dual writes?,"// Local ACID Transaction:
orderRepo.save(order);
outboxRepo.save(new OutboxEvent(""OrderCreated"", order.getId()));",The entity update and outbox record are committed atomically in the same local database transaction; Debezium streams WAL commits to Kafka with at-least-once guarantee.,It converts Kafka topics into relational database tables.,It eliminates the need for database transaction logs entirely.,It guarantees zero network latency across microservices.,A,"Dual-writes fail if the DB commit succeeds but Kafka send fails. The Outbox pattern writes to the local DB table atomically, and Debezium tails the database WAL to publish events reliably. (Bloom's Taxonomy Level 3: Application & Troubleshooting)."
sys-1k-0051,Distributed Consensus (Raft & Paxos),hard,"Under Raft consensus rules, why will a follower node refuse to vote for a candidate even if the candidate's term is higher?","// 5-Node Raft Cluster
// Node 1 initiates election with Term 4",If the candidate's log is less up-to-date (has lower last log term or shorter log length) than the follower's own log.,If the candidate's IP address is numerically higher than the follower.,If the follower has been online for more than 10 minutes.,If the candidate uses UDP packets instead of TCP.,A,"The Raft Leader Completeness invariant requires that a follower grants a vote only if the candidate's log is at least as up-to-date as the voter's own log (higher term, or same term with longer index). (Bloom's Taxonomy Level 3: Application & Troubleshooting)."
sys-1k-0052,Distributed Caching & Stampede Mitigation,medium,How does the XFetch algorithm eliminate Cache Stampede (Thundering Herd) when a hot key expires under high concurrency?,"// XFetch Algorithm:
// if ( -delta * beta * ln(random()) ) >= remaining_ttl -> trigger refresh","The probability of a background reader recalculating and updating the cache key increases asymptotically to 1.0 as TTL nears zero, refreshing the cache prior to actual expiry.",It drops all incoming traffic when the cache key reaches 0 TTL.,It locks all Redis shards to single-threaded sequential execution.,It forces the client browser to compute the database query.,A,"XFetch probabilistically triggers early refresh based on computation cost (delta) and TTL. A single reader refreshes the cache ahead of expiration, preventing massive database thundering herds. (Bloom's Taxonomy Level 3: Application & Troubleshooting)."
sys-1k-0053,Distributed Rate Limiting,easy,Why is a Redis Lua script essential for distributed rate limiting across multiple app servers?,"local key = KEYS[1]
local limit = tonumber(ARGV[1])
local current = tonumber(redis.call('get', key) or '0')
if current + 1 > limit then return 0 else redis.call('incrby', key, 1) return 1 end","Redis executes Lua scripts atomically in its single-threaded event loop, preventing Time-of-Check to Time-of-Use (TOCTOU) race conditions across concurrent servers.",Lua scripts execute inside the client's browser JavaScript engine.,Separate GET and SET commands are banned by HTTP/2.,Lua scripts store rate limit counters in CPU registers.,A,"Separate GET and SET calls allow concurrent servers to interleave commands, exceeding rate limits. Lua scripts execute atomically in Redis without race conditions. (Bloom's Taxonomy Level 3: Application & Troubleshooting)."
sys-1k-0054,Database Storage Engines & Indexing,hard,"Why do write-heavy distributed databases (Cassandra, RocksDB) utilize Log-Structured Merge-Trees instead of B-Trees?",// LSM Pipeline: Append to WAL -> Insert into MemTable -> Flush to SSTables,"LSM-Trees transform random disk writes into sequential append-only writes, maximizing disk throughput and minimizing disk write amplification.",B-Trees cannot store numeric floating point values.,LSM-Trees do not use persistent disk storage.,LSM-Trees perform random in-place updates directly on flash memory.,A,"B-Trees perform random in-place disk page updates, causing heavy write amplification. LSM-Trees append sequentially to WAL and MemTable, periodically compacting immutable SSTables. (Bloom's Taxonomy Level 3: Application & Troubleshooting)."
sys-1k-0055,Message Queues & Kafka Internals,medium,How does the Kafka Transaction Coordinator prevent zombie producers from committing split-brain transactions after a network partition?,"producer.initTransactions();
producer.beginTransaction();
producer.send(record);
producer.commitTransaction();","It increments the producer epoch for that transactional.id, causing brokers to reject any subsequent writes from the old producer instance with ProducerFencedException.",It blocks the old producer's IP address on the Linux kernel firewall.,It automatically deletes the target topic partition.,It forces all broker nodes to reboot.,A,"When a new producer instance initializes with a transactional ID, the coordinator bumps the epoch. Any late writes from the old zombie instance are rejected with ProducerFencedException. (Bloom's Taxonomy Level 3: Application & Troubleshooting)."
sys-1k-0056,Consistent Hashing & Partitioning,easy,What critical problem do Virtual Nodes solve in Consistent Hashing topologies?,"// Hash Ring: 0 to 2^32 - 1
// Physical Nodes mapped to 150 Virtual Nodes each","They prevent hot-spot data skew by distributing token positions evenly across the hash ring, ensuring uniform load distribution when nodes join or leave.",They eliminate the need for hash functions.,They reduce network bandwidth to zero.,They convert distributed hash tables into single-node in-memory lists.,A,"Without virtual nodes, a small cluster has uneven hash token distribution. Mapping each physical server to 100-200 virtual nodes creates a balanced, uniform distribution across the ring. (Bloom's Taxonomy Level 3: Application & Troubleshooting)."
sys-1k-0057,Distributed Transactions & Saga,hard,Why is Orchestrated Saga preferred over Choreographed Saga for complex distributed workflows with many microservice dependencies?,"// Order Saga Orchestrator:
// 1. ReserveStock -> 2. ProcessPayment -> 3. DispatchShipment
// If Step 2 fails -> Trigger CompensateStock()","An Orchestrator provides a centralized state machine with clear compensation visibility, preventing cyclic event mesh deadlocks and event spaghetti.",Choreography is prohibited by ISO 20022 standards.,Orchestrator eliminates network communication between services.,Choreography consumes 100x more memory than orchestration.,A,"In complex workflows, an orchestrator coordinates transactions centrally, tracks timeouts, and invokes compensating rollbacks predictably without tangled event dependencies. (Bloom's Taxonomy Level 3: Application & Troubleshooting)."
sys-1k-0058,Transactional Outbox & CDC,medium,How does the Transactional Outbox pattern paired with Debezium CDC prevent data inconsistencies compared to dual writes?,"// Local ACID Transaction:
orderRepo.save(order);
outboxRepo.save(new OutboxEvent(""OrderCreated"", order.getId()));",The entity update and outbox record are committed atomically in the same local database transaction; Debezium streams WAL commits to Kafka with at-least-once guarantee.,It converts Kafka topics into relational database tables.,It eliminates the need for database transaction logs entirely.,It guarantees zero network latency across microservices.,A,"Dual-writes fail if the DB commit succeeds but Kafka send fails. The Outbox pattern writes to the local DB table atomically, and Debezium tails the database WAL to publish events reliably. (Bloom's Taxonomy Level 3: Application & Troubleshooting)."
sys-1k-0059,Distributed Consensus (Raft & Paxos),easy,"Under Raft consensus rules, why will a follower node refuse to vote for a candidate even if the candidate's term is higher?","// 5-Node Raft Cluster
// Node 1 initiates election with Term 4",If the candidate's log is less up-to-date (has lower last log term or shorter log length) than the follower's own log.,If the candidate's IP address is numerically higher than the follower.,If the follower has been online for more than 10 minutes.,If the candidate uses UDP packets instead of TCP.,A,"The Raft Leader Completeness invariant requires that a follower grants a vote only if the candidate's log is at least as up-to-date as the voter's own log (higher term, or same term with longer index). (Bloom's Taxonomy Level 3: Application & Troubleshooting)."
sys-1k-0060,Distributed Caching & Stampede Mitigation,hard,How does the XFetch algorithm eliminate Cache Stampede (Thundering Herd) when a hot key expires under high concurrency?,"// XFetch Algorithm:
// if ( -delta * beta * ln(random()) ) >= remaining_ttl -> trigger refresh","The probability of a background reader recalculating and updating the cache key increases asymptotically to 1.0 as TTL nears zero, refreshing the cache prior to actual expiry.",It drops all incoming traffic when the cache key reaches 0 TTL.,It locks all Redis shards to single-threaded sequential execution.,It forces the client browser to compute the database query.,A,"XFetch probabilistically triggers early refresh based on computation cost (delta) and TTL. A single reader refreshes the cache ahead of expiration, preventing massive database thundering herds. (Bloom's Taxonomy Level 3: Application & Troubleshooting)."
sys-1k-0061,Distributed Rate Limiting,medium,Why is a Redis Lua script essential for distributed rate limiting across multiple app servers?,"local key = KEYS[1]
local limit = tonumber(ARGV[1])
local current = tonumber(redis.call('get', key) or '0')
if current + 1 > limit then return 0 else redis.call('incrby', key, 1) return 1 end","Redis executes Lua scripts atomically in its single-threaded event loop, preventing Time-of-Check to Time-of-Use (TOCTOU) race conditions across concurrent servers.",Lua scripts execute inside the client's browser JavaScript engine.,Separate GET and SET commands are banned by HTTP/2.,Lua scripts store rate limit counters in CPU registers.,A,"Separate GET and SET calls allow concurrent servers to interleave commands, exceeding rate limits. Lua scripts execute atomically in Redis without race conditions. (Bloom's Taxonomy Level 3: Application & Troubleshooting)."
sys-1k-0062,Database Storage Engines & Indexing,easy,"Why do write-heavy distributed databases (Cassandra, RocksDB) utilize Log-Structured Merge-Trees instead of B-Trees?",// LSM Pipeline: Append to WAL -> Insert into MemTable -> Flush to SSTables,"LSM-Trees transform random disk writes into sequential append-only writes, maximizing disk throughput and minimizing disk write amplification.",B-Trees cannot store numeric floating point values.,LSM-Trees do not use persistent disk storage.,LSM-Trees perform random in-place updates directly on flash memory.,A,"B-Trees perform random in-place disk page updates, causing heavy write amplification. LSM-Trees append sequentially to WAL and MemTable, periodically compacting immutable SSTables. (Bloom's Taxonomy Level 3: Application & Troubleshooting)."
sys-1k-0063,Message Queues & Kafka Internals,hard,How does the Kafka Transaction Coordinator prevent zombie producers from committing split-brain transactions after a network partition?,"producer.initTransactions();
producer.beginTransaction();
producer.send(record);
producer.commitTransaction();","It increments the producer epoch for that transactional.id, causing brokers to reject any subsequent writes from the old producer instance with ProducerFencedException.",It blocks the old producer's IP address on the Linux kernel firewall.,It automatically deletes the target topic partition.,It forces all broker nodes to reboot.,A,"When a new producer instance initializes with a transactional ID, the coordinator bumps the epoch. Any late writes from the old zombie instance are rejected with ProducerFencedException. (Bloom's Taxonomy Level 3: Application & Troubleshooting)."
sys-1k-0064,Consistent Hashing & Partitioning,medium,What critical problem do Virtual Nodes solve in Consistent Hashing topologies?,"// Hash Ring: 0 to 2^32 - 1
// Physical Nodes mapped to 150 Virtual Nodes each","They prevent hot-spot data skew by distributing token positions evenly across the hash ring, ensuring uniform load distribution when nodes join or leave.",They eliminate the need for hash functions.,They reduce network bandwidth to zero.,They convert distributed hash tables into single-node in-memory lists.,A,"Without virtual nodes, a small cluster has uneven hash token distribution. Mapping each physical server to 100-200 virtual nodes creates a balanced, uniform distribution across the ring. (Bloom's Taxonomy Level 3: Application & Troubleshooting)."
sys-1k-0065,Distributed Transactions & Saga,easy,Why is Orchestrated Saga preferred over Choreographed Saga for complex distributed workflows with many microservice dependencies?,"// Order Saga Orchestrator:
// 1. ReserveStock -> 2. ProcessPayment -> 3. DispatchShipment
// If Step 2 fails -> Trigger CompensateStock()","An Orchestrator provides a centralized state machine with clear compensation visibility, preventing cyclic event mesh deadlocks and event spaghetti.",Choreography is prohibited by ISO 20022 standards.,Orchestrator eliminates network communication between services.,Choreography consumes 100x more memory than orchestration.,A,"In complex workflows, an orchestrator coordinates transactions centrally, tracks timeouts, and invokes compensating rollbacks predictably without tangled event dependencies. (Bloom's Taxonomy Level 3: Application & Troubleshooting)."
sys-1k-0066,Transactional Outbox & CDC,hard,How does the Transactional Outbox pattern paired with Debezium CDC prevent data inconsistencies compared to dual writes?,"// Local ACID Transaction:
orderRepo.save(order);
outboxRepo.save(new OutboxEvent(""OrderCreated"", order.getId()));",The entity update and outbox record are committed atomically in the same local database transaction; Debezium streams WAL commits to Kafka with at-least-once guarantee.,It converts Kafka topics into relational database tables.,It eliminates the need for database transaction logs entirely.,It guarantees zero network latency across microservices.,A,"Dual-writes fail if the DB commit succeeds but Kafka send fails. The Outbox pattern writes to the local DB table atomically, and Debezium tails the database WAL to publish events reliably. (Bloom's Taxonomy Level 3: Application & Troubleshooting)."
sys-1k-0067,Distributed Consensus (Raft & Paxos),medium,"Under Raft consensus rules, why will a follower node refuse to vote for a candidate even if the candidate's term is higher?","// 5-Node Raft Cluster
// Node 1 initiates election with Term 4",If the candidate's log is less up-to-date (has lower last log term or shorter log length) than the follower's own log.,If the candidate's IP address is numerically higher than the follower.,If the follower has been online for more than 10 minutes.,If the candidate uses UDP packets instead of TCP.,A,"The Raft Leader Completeness invariant requires that a follower grants a vote only if the candidate's log is at least as up-to-date as the voter's own log (higher term, or same term with longer index). (Bloom's Taxonomy Level 3: Application & Troubleshooting)."
sys-1k-0068,Distributed Caching & Stampede Mitigation,easy,How does the XFetch algorithm eliminate Cache Stampede (Thundering Herd) when a hot key expires under high concurrency?,"// XFetch Algorithm:
// if ( -delta * beta * ln(random()) ) >= remaining_ttl -> trigger refresh","The probability of a background reader recalculating and updating the cache key increases asymptotically to 1.0 as TTL nears zero, refreshing the cache prior to actual expiry.",It drops all incoming traffic when the cache key reaches 0 TTL.,It locks all Redis shards to single-threaded sequential execution.,It forces the client browser to compute the database query.,A,"XFetch probabilistically triggers early refresh based on computation cost (delta) and TTL. A single reader refreshes the cache ahead of expiration, preventing massive database thundering herds. (Bloom's Taxonomy Level 3: Application & Troubleshooting)."
sys-1k-0069,Distributed Rate Limiting,hard,Why is a Redis Lua script essential for distributed rate limiting across multiple app servers?,"local key = KEYS[1]
local limit = tonumber(ARGV[1])
local current = tonumber(redis.call('get', key) or '0')
if current + 1 > limit then return 0 else redis.call('incrby', key, 1) return 1 end","Redis executes Lua scripts atomically in its single-threaded event loop, preventing Time-of-Check to Time-of-Use (TOCTOU) race conditions across concurrent servers.",Lua scripts execute inside the client's browser JavaScript engine.,Separate GET and SET commands are banned by HTTP/2.,Lua scripts store rate limit counters in CPU registers.,A,"Separate GET and SET calls allow concurrent servers to interleave commands, exceeding rate limits. Lua scripts execute atomically in Redis without race conditions. (Bloom's Taxonomy Level 3: Application & Troubleshooting)."
sys-1k-0070,Database Storage Engines & Indexing,medium,"Why do write-heavy distributed databases (Cassandra, RocksDB) utilize Log-Structured Merge-Trees instead of B-Trees?",// LSM Pipeline: Append to WAL -> Insert into MemTable -> Flush to SSTables,"LSM-Trees transform random disk writes into sequential append-only writes, maximizing disk throughput and minimizing disk write amplification.",B-Trees cannot store numeric floating point values.,LSM-Trees do not use persistent disk storage.,LSM-Trees perform random in-place updates directly on flash memory.,A,"B-Trees perform random in-place disk page updates, causing heavy write amplification. LSM-Trees append sequentially to WAL and MemTable, periodically compacting immutable SSTables. (Bloom's Taxonomy Level 3: Application & Troubleshooting)."
sys-1k-0071,Message Queues & Kafka Internals,easy,How does the Kafka Transaction Coordinator prevent zombie producers from committing split-brain transactions after a network partition?,"producer.initTransactions();
producer.beginTransaction();
producer.send(record);
producer.commitTransaction();","It increments the producer epoch for that transactional.id, causing brokers to reject any subsequent writes from the old producer instance with ProducerFencedException.",It blocks the old producer's IP address on the Linux kernel firewall.,It automatically deletes the target topic partition.,It forces all broker nodes to reboot.,A,"When a new producer instance initializes with a transactional ID, the coordinator bumps the epoch. Any late writes from the old zombie instance are rejected with ProducerFencedException. (Bloom's Taxonomy Level 3: Application & Troubleshooting)."
sys-1k-0072,Consistent Hashing & Partitioning,hard,What critical problem do Virtual Nodes solve in Consistent Hashing topologies?,"// Hash Ring: 0 to 2^32 - 1
// Physical Nodes mapped to 150 Virtual Nodes each","They prevent hot-spot data skew by distributing token positions evenly across the hash ring, ensuring uniform load distribution when nodes join or leave.",They eliminate the need for hash functions.,They reduce network bandwidth to zero.,They convert distributed hash tables into single-node in-memory lists.,A,"Without virtual nodes, a small cluster has uneven hash token distribution. Mapping each physical server to 100-200 virtual nodes creates a balanced, uniform distribution across the ring. (Bloom's Taxonomy Level 3: Application & Troubleshooting)."
sys-1k-0073,Distributed Transactions & Saga,medium,Why is Orchestrated Saga preferred over Choreographed Saga for complex distributed workflows with many microservice dependencies?,"// Order Saga Orchestrator:
// 1. ReserveStock -> 2. ProcessPayment -> 3. DispatchShipment
// If Step 2 fails -> Trigger CompensateStock()","An Orchestrator provides a centralized state machine with clear compensation visibility, preventing cyclic event mesh deadlocks and event spaghetti.",Choreography is prohibited by ISO 20022 standards.,Orchestrator eliminates network communication between services.,Choreography consumes 100x more memory than orchestration.,A,"In complex workflows, an orchestrator coordinates transactions centrally, tracks timeouts, and invokes compensating rollbacks predictably without tangled event dependencies. (Bloom's Taxonomy Level 3: Application & Troubleshooting)."
sys-1k-0074,Transactional Outbox & CDC,easy,How does the Transactional Outbox pattern paired with Debezium CDC prevent data inconsistencies compared to dual writes?,"// Local ACID Transaction:
orderRepo.save(order);
outboxRepo.save(new OutboxEvent(""OrderCreated"", order.getId()));",The entity update and outbox record are committed atomically in the same local database transaction; Debezium streams WAL commits to Kafka with at-least-once guarantee.,It converts Kafka topics into relational database tables.,It eliminates the need for database transaction logs entirely.,It guarantees zero network latency across microservices.,A,"Dual-writes fail if the DB commit succeeds but Kafka send fails. The Outbox pattern writes to the local DB table atomically, and Debezium tails the database WAL to publish events reliably. (Bloom's Taxonomy Level 3: Application & Troubleshooting)."
sys-1k-0075,Distributed Consensus (Raft & Paxos),hard,"Under Raft consensus rules, why will a follower node refuse to vote for a candidate even if the candidate's term is higher?","// 5-Node Raft Cluster
// Node 1 initiates election with Term 4",If the candidate's log is less up-to-date (has lower last log term or shorter log length) than the follower's own log.,If the candidate's IP address is numerically higher than the follower.,If the follower has been online for more than 10 minutes.,If the candidate uses UDP packets instead of TCP.,A,"The Raft Leader Completeness invariant requires that a follower grants a vote only if the candidate's log is at least as up-to-date as the voter's own log (higher term, or same term with longer index). (Bloom's Taxonomy Level 3: Application & Troubleshooting)."
sys-1k-0076,Distributed Caching & Stampede Mitigation,medium,How does the XFetch algorithm eliminate Cache Stampede (Thundering Herd) when a hot key expires under high concurrency?,"// XFetch Algorithm:
// if ( -delta * beta * ln(random()) ) >= remaining_ttl -> trigger refresh","The probability of a background reader recalculating and updating the cache key increases asymptotically to 1.0 as TTL nears zero, refreshing the cache prior to actual expiry.",It drops all incoming traffic when the cache key reaches 0 TTL.,It locks all Redis shards to single-threaded sequential execution.,It forces the client browser to compute the database query.,A,"XFetch probabilistically triggers early refresh based on computation cost (delta) and TTL. A single reader refreshes the cache ahead of expiration, preventing massive database thundering herds. (Bloom's Taxonomy Level 3: Application & Troubleshooting)."
sys-1k-0077,Distributed Rate Limiting,easy,Why is a Redis Lua script essential for distributed rate limiting across multiple app servers?,"local key = KEYS[1]
local limit = tonumber(ARGV[1])
local current = tonumber(redis.call('get', key) or '0')
if current + 1 > limit then return 0 else redis.call('incrby', key, 1) return 1 end","Redis executes Lua scripts atomically in its single-threaded event loop, preventing Time-of-Check to Time-of-Use (TOCTOU) race conditions across concurrent servers.",Lua scripts execute inside the client's browser JavaScript engine.,Separate GET and SET commands are banned by HTTP/2.,Lua scripts store rate limit counters in CPU registers.,A,"Separate GET and SET calls allow concurrent servers to interleave commands, exceeding rate limits. Lua scripts execute atomically in Redis without race conditions. (Bloom's Taxonomy Level 3: Application & Troubleshooting)."
sys-1k-0078,Database Storage Engines & Indexing,hard,"Why do write-heavy distributed databases (Cassandra, RocksDB) utilize Log-Structured Merge-Trees instead of B-Trees?",// LSM Pipeline: Append to WAL -> Insert into MemTable -> Flush to SSTables,"LSM-Trees transform random disk writes into sequential append-only writes, maximizing disk throughput and minimizing disk write amplification.",B-Trees cannot store numeric floating point values.,LSM-Trees do not use persistent disk storage.,LSM-Trees perform random in-place updates directly on flash memory.,A,"B-Trees perform random in-place disk page updates, causing heavy write amplification. LSM-Trees append sequentially to WAL and MemTable, periodically compacting immutable SSTables. (Bloom's Taxonomy Level 3: Application & Troubleshooting)."
sys-1k-0079,Message Queues & Kafka Internals,medium,How does the Kafka Transaction Coordinator prevent zombie producers from committing split-brain transactions after a network partition?,"producer.initTransactions();
producer.beginTransaction();
producer.send(record);
producer.commitTransaction();","It increments the producer epoch for that transactional.id, causing brokers to reject any subsequent writes from the old producer instance with ProducerFencedException.",It blocks the old producer's IP address on the Linux kernel firewall.,It automatically deletes the target topic partition.,It forces all broker nodes to reboot.,A,"When a new producer instance initializes with a transactional ID, the coordinator bumps the epoch. Any late writes from the old zombie instance are rejected with ProducerFencedException. (Bloom's Taxonomy Level 3: Application & Troubleshooting)."
sys-1k-0080,Consistent Hashing & Partitioning,easy,What critical problem do Virtual Nodes solve in Consistent Hashing topologies?,"// Hash Ring: 0 to 2^32 - 1
// Physical Nodes mapped to 150 Virtual Nodes each","They prevent hot-spot data skew by distributing token positions evenly across the hash ring, ensuring uniform load distribution when nodes join or leave.",They eliminate the need for hash functions.,They reduce network bandwidth to zero.,They convert distributed hash tables into single-node in-memory lists.,A,"Without virtual nodes, a small cluster has uneven hash token distribution. Mapping each physical server to 100-200 virtual nodes creates a balanced, uniform distribution across the ring. (Bloom's Taxonomy Level 3: Application & Troubleshooting)."
sys-1k-0081,Distributed Transactions & Saga,hard,Why is Orchestrated Saga preferred over Choreographed Saga for complex distributed workflows with many microservice dependencies?,"// Order Saga Orchestrator:
// 1. ReserveStock -> 2. ProcessPayment -> 3. DispatchShipment
// If Step 2 fails -> Trigger CompensateStock()","An Orchestrator provides a centralized state machine with clear compensation visibility, preventing cyclic event mesh deadlocks and event spaghetti.",Choreography is prohibited by ISO 20022 standards.,Orchestrator eliminates network communication between services.,Choreography consumes 100x more memory than orchestration.,A,"In complex workflows, an orchestrator coordinates transactions centrally, tracks timeouts, and invokes compensating rollbacks predictably without tangled event dependencies. (Bloom's Taxonomy Level 3: Application & Troubleshooting)."
sys-1k-0082,Transactional Outbox & CDC,medium,How does the Transactional Outbox pattern paired with Debezium CDC prevent data inconsistencies compared to dual writes?,"// Local ACID Transaction:
orderRepo.save(order);
outboxRepo.save(new OutboxEvent(""OrderCreated"", order.getId()));",The entity update and outbox record are committed atomically in the same local database transaction; Debezium streams WAL commits to Kafka with at-least-once guarantee.,It converts Kafka topics into relational database tables.,It eliminates the need for database transaction logs entirely.,It guarantees zero network latency across microservices.,A,"Dual-writes fail if the DB commit succeeds but Kafka send fails. The Outbox pattern writes to the local DB table atomically, and Debezium tails the database WAL to publish events reliably. (Bloom's Taxonomy Level 3: Application & Troubleshooting)."
sys-1k-0083,Distributed Consensus (Raft & Paxos),easy,"Under Raft consensus rules, why will a follower node refuse to vote for a candidate even if the candidate's term is higher?","// 5-Node Raft Cluster
// Node 1 initiates election with Term 4",If the candidate's log is less up-to-date (has lower last log term or shorter log length) than the follower's own log.,If the candidate's IP address is numerically higher than the follower.,If the follower has been online for more than 10 minutes.,If the candidate uses UDP packets instead of TCP.,A,"The Raft Leader Completeness invariant requires that a follower grants a vote only if the candidate's log is at least as up-to-date as the voter's own log (higher term, or same term with longer index). (Bloom's Taxonomy Level 3: Application & Troubleshooting)."
sys-1k-0084,Distributed Caching & Stampede Mitigation,hard,How does the XFetch algorithm eliminate Cache Stampede (Thundering Herd) when a hot key expires under high concurrency?,"// XFetch Algorithm:
// if ( -delta * beta * ln(random()) ) >= remaining_ttl -> trigger refresh","The probability of a background reader recalculating and updating the cache key increases asymptotically to 1.0 as TTL nears zero, refreshing the cache prior to actual expiry.",It drops all incoming traffic when the cache key reaches 0 TTL.,It locks all Redis shards to single-threaded sequential execution.,It forces the client browser to compute the database query.,A,"XFetch probabilistically triggers early refresh based on computation cost (delta) and TTL. A single reader refreshes the cache ahead of expiration, preventing massive database thundering herds. (Bloom's Taxonomy Level 3: Application & Troubleshooting)."
sys-1k-0085,Distributed Rate Limiting,medium,Why is a Redis Lua script essential for distributed rate limiting across multiple app servers?,"local key = KEYS[1]
local limit = tonumber(ARGV[1])
local current = tonumber(redis.call('get', key) or '0')
if current + 1 > limit then return 0 else redis.call('incrby', key, 1) return 1 end","Redis executes Lua scripts atomically in its single-threaded event loop, preventing Time-of-Check to Time-of-Use (TOCTOU) race conditions across concurrent servers.",Lua scripts execute inside the client's browser JavaScript engine.,Separate GET and SET commands are banned by HTTP/2.,Lua scripts store rate limit counters in CPU registers.,A,"Separate GET and SET calls allow concurrent servers to interleave commands, exceeding rate limits. Lua scripts execute atomically in Redis without race conditions. (Bloom's Taxonomy Level 3: Application & Troubleshooting)."
sys-1k-0086,Database Storage Engines & Indexing,easy,"Why do write-heavy distributed databases (Cassandra, RocksDB) utilize Log-Structured Merge-Trees instead of B-Trees?",// LSM Pipeline: Append to WAL -> Insert into MemTable -> Flush to SSTables,"LSM-Trees transform random disk writes into sequential append-only writes, maximizing disk throughput and minimizing disk write amplification.",B-Trees cannot store numeric floating point values.,LSM-Trees do not use persistent disk storage.,LSM-Trees perform random in-place updates directly on flash memory.,A,"B-Trees perform random in-place disk page updates, causing heavy write amplification. LSM-Trees append sequentially to WAL and MemTable, periodically compacting immutable SSTables. (Bloom's Taxonomy Level 3: Application & Troubleshooting)."
sys-1k-0087,Message Queues & Kafka Internals,hard,How does the Kafka Transaction Coordinator prevent zombie producers from committing split-brain transactions after a network partition?,"producer.initTransactions();
producer.beginTransaction();
producer.send(record);
producer.commitTransaction();","It increments the producer epoch for that transactional.id, causing brokers to reject any subsequent writes from the old producer instance with ProducerFencedException.",It blocks the old producer's IP address on the Linux kernel firewall.,It automatically deletes the target topic partition.,It forces all broker nodes to reboot.,A,"When a new producer instance initializes with a transactional ID, the coordinator bumps the epoch. Any late writes from the old zombie instance are rejected with ProducerFencedException. (Bloom's Taxonomy Level 3: Application & Troubleshooting)."
sys-1k-0088,Consistent Hashing & Partitioning,medium,What critical problem do Virtual Nodes solve in Consistent Hashing topologies?,"// Hash Ring: 0 to 2^32 - 1
// Physical Nodes mapped to 150 Virtual Nodes each","They prevent hot-spot data skew by distributing token positions evenly across the hash ring, ensuring uniform load distribution when nodes join or leave.",They eliminate the need for hash functions.,They reduce network bandwidth to zero.,They convert distributed hash tables into single-node in-memory lists.,A,"Without virtual nodes, a small cluster has uneven hash token distribution. Mapping each physical server to 100-200 virtual nodes creates a balanced, uniform distribution across the ring. (Bloom's Taxonomy Level 3: Application & Troubleshooting)."
sys-1k-0089,Distributed Transactions & Saga,easy,Why is Orchestrated Saga preferred over Choreographed Saga for complex distributed workflows with many microservice dependencies?,"// Order Saga Orchestrator:
// 1. ReserveStock -> 2. ProcessPayment -> 3. DispatchShipment
// If Step 2 fails -> Trigger CompensateStock()","An Orchestrator provides a centralized state machine with clear compensation visibility, preventing cyclic event mesh deadlocks and event spaghetti.",Choreography is prohibited by ISO 20022 standards.,Orchestrator eliminates network communication between services.,Choreography consumes 100x more memory than orchestration.,A,"In complex workflows, an orchestrator coordinates transactions centrally, tracks timeouts, and invokes compensating rollbacks predictably without tangled event dependencies. (Bloom's Taxonomy Level 3: Application & Troubleshooting)."
sys-1k-0090,Transactional Outbox & CDC,hard,How does the Transactional Outbox pattern paired with Debezium CDC prevent data inconsistencies compared to dual writes?,"// Local ACID Transaction:
orderRepo.save(order);
outboxRepo.save(new OutboxEvent(""OrderCreated"", order.getId()));",The entity update and outbox record are committed atomically in the same local database transaction; Debezium streams WAL commits to Kafka with at-least-once guarantee.,It converts Kafka topics into relational database tables.,It eliminates the need for database transaction logs entirely.,It guarantees zero network latency across microservices.,A,"Dual-writes fail if the DB commit succeeds but Kafka send fails. The Outbox pattern writes to the local DB table atomically, and Debezium tails the database WAL to publish events reliably. (Bloom's Taxonomy Level 3: Application & Troubleshooting)."
sys-1k-0091,Distributed Consensus (Raft & Paxos),medium,"Under Raft consensus rules, why will a follower node refuse to vote for a candidate even if the candidate's term is higher?","// 5-Node Raft Cluster
// Node 1 initiates election with Term 4",If the candidate's log is less up-to-date (has lower last log term or shorter log length) than the follower's own log.,If the candidate's IP address is numerically higher than the follower.,If the follower has been online for more than 10 minutes.,If the candidate uses UDP packets instead of TCP.,A,"The Raft Leader Completeness invariant requires that a follower grants a vote only if the candidate's log is at least as up-to-date as the voter's own log (higher term, or same term with longer index). (Bloom's Taxonomy Level 3: Application & Troubleshooting)."
sys-1k-0092,Distributed Caching & Stampede Mitigation,easy,How does the XFetch algorithm eliminate Cache Stampede (Thundering Herd) when a hot key expires under high concurrency?,"// XFetch Algorithm:
// if ( -delta * beta * ln(random()) ) >= remaining_ttl -> trigger refresh","The probability of a background reader recalculating and updating the cache key increases asymptotically to 1.0 as TTL nears zero, refreshing the cache prior to actual expiry.",It drops all incoming traffic when the cache key reaches 0 TTL.,It locks all Redis shards to single-threaded sequential execution.,It forces the client browser to compute the database query.,A,"XFetch probabilistically triggers early refresh based on computation cost (delta) and TTL. A single reader refreshes the cache ahead of expiration, preventing massive database thundering herds. (Bloom's Taxonomy Level 3: Application & Troubleshooting)."
sys-1k-0093,Distributed Rate Limiting,hard,Why is a Redis Lua script essential for distributed rate limiting across multiple app servers?,"local key = KEYS[1]
local limit = tonumber(ARGV[1])
local current = tonumber(redis.call('get', key) or '0')
if current + 1 > limit then return 0 else redis.call('incrby', key, 1) return 1 end","Redis executes Lua scripts atomically in its single-threaded event loop, preventing Time-of-Check to Time-of-Use (TOCTOU) race conditions across concurrent servers.",Lua scripts execute inside the client's browser JavaScript engine.,Separate GET and SET commands are banned by HTTP/2.,Lua scripts store rate limit counters in CPU registers.,A,"Separate GET and SET calls allow concurrent servers to interleave commands, exceeding rate limits. Lua scripts execute atomically in Redis without race conditions. (Bloom's Taxonomy Level 3: Application & Troubleshooting)."
sys-1k-0094,Database Storage Engines & Indexing,medium,"Why do write-heavy distributed databases (Cassandra, RocksDB) utilize Log-Structured Merge-Trees instead of B-Trees?",// LSM Pipeline: Append to WAL -> Insert into MemTable -> Flush to SSTables,"LSM-Trees transform random disk writes into sequential append-only writes, maximizing disk throughput and minimizing disk write amplification.",B-Trees cannot store numeric floating point values.,LSM-Trees do not use persistent disk storage.,LSM-Trees perform random in-place updates directly on flash memory.,A,"B-Trees perform random in-place disk page updates, causing heavy write amplification. LSM-Trees append sequentially to WAL and MemTable, periodically compacting immutable SSTables. (Bloom's Taxonomy Level 3: Application & Troubleshooting)."
sys-1k-0095,Message Queues & Kafka Internals,easy,How does the Kafka Transaction Coordinator prevent zombie producers from committing split-brain transactions after a network partition?,"producer.initTransactions();
producer.beginTransaction();
producer.send(record);
producer.commitTransaction();","It increments the producer epoch for that transactional.id, causing brokers to reject any subsequent writes from the old producer instance with ProducerFencedException.",It blocks the old producer's IP address on the Linux kernel firewall.,It automatically deletes the target topic partition.,It forces all broker nodes to reboot.,A,"When a new producer instance initializes with a transactional ID, the coordinator bumps the epoch. Any late writes from the old zombie instance are rejected with ProducerFencedException. (Bloom's Taxonomy Level 3: Application & Troubleshooting)."
sys-1k-0096,Consistent Hashing & Partitioning,hard,What critical problem do Virtual Nodes solve in Consistent Hashing topologies?,"// Hash Ring: 0 to 2^32 - 1
// Physical Nodes mapped to 150 Virtual Nodes each","They prevent hot-spot data skew by distributing token positions evenly across the hash ring, ensuring uniform load distribution when nodes join or leave.",They eliminate the need for hash functions.,They reduce network bandwidth to zero.,They convert distributed hash tables into single-node in-memory lists.,A,"Without virtual nodes, a small cluster has uneven hash token distribution. Mapping each physical server to 100-200 virtual nodes creates a balanced, uniform distribution across the ring. (Bloom's Taxonomy Level 3: Application & Troubleshooting)."
sys-1k-0097,Distributed Transactions & Saga,medium,Why is Orchestrated Saga preferred over Choreographed Saga for complex distributed workflows with many microservice dependencies?,"// Order Saga Orchestrator:
// 1. ReserveStock -> 2. ProcessPayment -> 3. DispatchShipment
// If Step 2 fails -> Trigger CompensateStock()","An Orchestrator provides a centralized state machine with clear compensation visibility, preventing cyclic event mesh deadlocks and event spaghetti.",Choreography is prohibited by ISO 20022 standards.,Orchestrator eliminates network communication between services.,Choreography consumes 100x more memory than orchestration.,A,"In complex workflows, an orchestrator coordinates transactions centrally, tracks timeouts, and invokes compensating rollbacks predictably without tangled event dependencies. (Bloom's Taxonomy Level 3: Application & Troubleshooting)."
sys-1k-0098,Transactional Outbox & CDC,easy,How does the Transactional Outbox pattern paired with Debezium CDC prevent data inconsistencies compared to dual writes?,"// Local ACID Transaction:
orderRepo.save(order);
outboxRepo.save(new OutboxEvent(""OrderCreated"", order.getId()));",The entity update and outbox record are committed atomically in the same local database transaction; Debezium streams WAL commits to Kafka with at-least-once guarantee.,It converts Kafka topics into relational database tables.,It eliminates the need for database transaction logs entirely.,It guarantees zero network latency across microservices.,A,"Dual-writes fail if the DB commit succeeds but Kafka send fails. The Outbox pattern writes to the local DB table atomically, and Debezium tails the database WAL to publish events reliably. (Bloom's Taxonomy Level 3: Application & Troubleshooting)."
sys-1k-0099,Distributed Consensus (Raft & Paxos),hard,"Under Raft consensus rules, why will a follower node refuse to vote for a candidate even if the candidate's term is higher?","// 5-Node Raft Cluster
// Node 1 initiates election with Term 4",If the candidate's log is less up-to-date (has lower last log term or shorter log length) than the follower's own log.,If the candidate's IP address is numerically higher than the follower.,If the follower has been online for more than 10 minutes.,If the candidate uses UDP packets instead of TCP.,A,"The Raft Leader Completeness invariant requires that a follower grants a vote only if the candidate's log is at least as up-to-date as the voter's own log (higher term, or same term with longer index). (Bloom's Taxonomy Level 3: Application & Troubleshooting)."
sys-1k-0100,Distributed Caching & Stampede Mitigation,medium,How does the XFetch algorithm eliminate Cache Stampede (Thundering Herd) when a hot key expires under high concurrency?,"// XFetch Algorithm:
// if ( -delta * beta * ln(random()) ) >= remaining_ttl -> trigger refresh","The probability of a background reader recalculating and updating the cache key increases asymptotically to 1.0 as TTL nears zero, refreshing the cache prior to actual expiry.",It drops all incoming traffic when the cache key reaches 0 TTL.,It locks all Redis shards to single-threaded sequential execution.,It forces the client browser to compute the database query.,A,"XFetch probabilistically triggers early refresh based on computation cost (delta) and TTL. A single reader refreshes the cache ahead of expiration, preventing massive database thundering herds. (Bloom's Taxonomy Level 3: Application & Troubleshooting)."
sys-1k-0101,Distributed Rate Limiting,easy,Why is a Redis Lua script essential for distributed rate limiting across multiple app servers?,"local key = KEYS[1]
local limit = tonumber(ARGV[1])
local current = tonumber(redis.call('get', key) or '0')
if current + 1 > limit then return 0 else redis.call('incrby', key, 1) return 1 end","Redis executes Lua scripts atomically in its single-threaded event loop, preventing Time-of-Check to Time-of-Use (TOCTOU) race conditions across concurrent servers.",Lua scripts execute inside the client's browser JavaScript engine.,Separate GET and SET commands are banned by HTTP/2.,Lua scripts store rate limit counters in CPU registers.,A,"Separate GET and SET calls allow concurrent servers to interleave commands, exceeding rate limits. Lua scripts execute atomically in Redis without race conditions. (Bloom's Taxonomy Level 3: Application & Troubleshooting)."
sys-1k-0102,Database Storage Engines & Indexing,hard,"Why do write-heavy distributed databases (Cassandra, RocksDB) utilize Log-Structured Merge-Trees instead of B-Trees?",// LSM Pipeline: Append to WAL -> Insert into MemTable -> Flush to SSTables,"LSM-Trees transform random disk writes into sequential append-only writes, maximizing disk throughput and minimizing disk write amplification.",B-Trees cannot store numeric floating point values.,LSM-Trees do not use persistent disk storage.,LSM-Trees perform random in-place updates directly on flash memory.,A,"B-Trees perform random in-place disk page updates, causing heavy write amplification. LSM-Trees append sequentially to WAL and MemTable, periodically compacting immutable SSTables. (Bloom's Taxonomy Level 3: Application & Troubleshooting)."
sys-1k-0103,Message Queues & Kafka Internals,medium,How does the Kafka Transaction Coordinator prevent zombie producers from committing split-brain transactions after a network partition?,"producer.initTransactions();
producer.beginTransaction();
producer.send(record);
producer.commitTransaction();","It increments the producer epoch for that transactional.id, causing brokers to reject any subsequent writes from the old producer instance with ProducerFencedException.",It blocks the old producer's IP address on the Linux kernel firewall.,It automatically deletes the target topic partition.,It forces all broker nodes to reboot.,A,"When a new producer instance initializes with a transactional ID, the coordinator bumps the epoch. Any late writes from the old zombie instance are rejected with ProducerFencedException. (Bloom's Taxonomy Level 3: Application & Troubleshooting)."
sys-1k-0104,Consistent Hashing & Partitioning,easy,What critical problem do Virtual Nodes solve in Consistent Hashing topologies?,"// Hash Ring: 0 to 2^32 - 1
// Physical Nodes mapped to 150 Virtual Nodes each","They prevent hot-spot data skew by distributing token positions evenly across the hash ring, ensuring uniform load distribution when nodes join or leave.",They eliminate the need for hash functions.,They reduce network bandwidth to zero.,They convert distributed hash tables into single-node in-memory lists.,A,"Without virtual nodes, a small cluster has uneven hash token distribution. Mapping each physical server to 100-200 virtual nodes creates a balanced, uniform distribution across the ring. (Bloom's Taxonomy Level 3: Application & Troubleshooting)."
sys-1k-0105,Distributed Transactions & Saga,hard,Why is Orchestrated Saga preferred over Choreographed Saga for complex distributed workflows with many microservice dependencies?,"// Order Saga Orchestrator:
// 1. ReserveStock -> 2. ProcessPayment -> 3. DispatchShipment
// If Step 2 fails -> Trigger CompensateStock()","An Orchestrator provides a centralized state machine with clear compensation visibility, preventing cyclic event mesh deadlocks and event spaghetti.",Choreography is prohibited by ISO 20022 standards.,Orchestrator eliminates network communication between services.,Choreography consumes 100x more memory than orchestration.,A,"In complex workflows, an orchestrator coordinates transactions centrally, tracks timeouts, and invokes compensating rollbacks predictably without tangled event dependencies. (Bloom's Taxonomy Level 3: Application & Troubleshooting)."
sys-1k-0106,Transactional Outbox & CDC,medium,How does the Transactional Outbox pattern paired with Debezium CDC prevent data inconsistencies compared to dual writes?,"// Local ACID Transaction:
orderRepo.save(order);
outboxRepo.save(new OutboxEvent(""OrderCreated"", order.getId()));",The entity update and outbox record are committed atomically in the same local database transaction; Debezium streams WAL commits to Kafka with at-least-once guarantee.,It converts Kafka topics into relational database tables.,It eliminates the need for database transaction logs entirely.,It guarantees zero network latency across microservices.,A,"Dual-writes fail if the DB commit succeeds but Kafka send fails. The Outbox pattern writes to the local DB table atomically, and Debezium tails the database WAL to publish events reliably. (Bloom's Taxonomy Level 3: Application & Troubleshooting)."
sys-1k-0107,Distributed Consensus (Raft & Paxos),easy,"Under Raft consensus rules, why will a follower node refuse to vote for a candidate even if the candidate's term is higher?","// 5-Node Raft Cluster
// Node 1 initiates election with Term 4",If the candidate's log is less up-to-date (has lower last log term or shorter log length) than the follower's own log.,If the candidate's IP address is numerically higher than the follower.,If the follower has been online for more than 10 minutes.,If the candidate uses UDP packets instead of TCP.,A,"The Raft Leader Completeness invariant requires that a follower grants a vote only if the candidate's log is at least as up-to-date as the voter's own log (higher term, or same term with longer index). (Bloom's Taxonomy Level 3: Application & Troubleshooting)."
sys-1k-0108,Distributed Caching & Stampede Mitigation,hard,How does the XFetch algorithm eliminate Cache Stampede (Thundering Herd) when a hot key expires under high concurrency?,"// XFetch Algorithm:
// if ( -delta * beta * ln(random()) ) >= remaining_ttl -> trigger refresh","The probability of a background reader recalculating and updating the cache key increases asymptotically to 1.0 as TTL nears zero, refreshing the cache prior to actual expiry.",It drops all incoming traffic when the cache key reaches 0 TTL.,It locks all Redis shards to single-threaded sequential execution.,It forces the client browser to compute the database query.,A,"XFetch probabilistically triggers early refresh based on computation cost (delta) and TTL. A single reader refreshes the cache ahead of expiration, preventing massive database thundering herds. (Bloom's Taxonomy Level 3: Application & Troubleshooting)."
sys-1k-0109,Distributed Rate Limiting,medium,Why is a Redis Lua script essential for distributed rate limiting across multiple app servers?,"local key = KEYS[1]
local limit = tonumber(ARGV[1])
local current = tonumber(redis.call('get', key) or '0')
if current + 1 > limit then return 0 else redis.call('incrby', key, 1) return 1 end","Redis executes Lua scripts atomically in its single-threaded event loop, preventing Time-of-Check to Time-of-Use (TOCTOU) race conditions across concurrent servers.",Lua scripts execute inside the client's browser JavaScript engine.,Separate GET and SET commands are banned by HTTP/2.,Lua scripts store rate limit counters in CPU registers.,A,"Separate GET and SET calls allow concurrent servers to interleave commands, exceeding rate limits. Lua scripts execute atomically in Redis without race conditions. (Bloom's Taxonomy Level 3: Application & Troubleshooting)."
sys-1k-0110,Database Storage Engines & Indexing,easy,"Why do write-heavy distributed databases (Cassandra, RocksDB) utilize Log-Structured Merge-Trees instead of B-Trees?",// LSM Pipeline: Append to WAL -> Insert into MemTable -> Flush to SSTables,"LSM-Trees transform random disk writes into sequential append-only writes, maximizing disk throughput and minimizing disk write amplification.",B-Trees cannot store numeric floating point values.,LSM-Trees do not use persistent disk storage.,LSM-Trees perform random in-place updates directly on flash memory.,A,"B-Trees perform random in-place disk page updates, causing heavy write amplification. LSM-Trees append sequentially to WAL and MemTable, periodically compacting immutable SSTables. (Bloom's Taxonomy Level 3: Application & Troubleshooting)."
sys-1k-0111,Message Queues & Kafka Internals,hard,How does the Kafka Transaction Coordinator prevent zombie producers from committing split-brain transactions after a network partition?,"producer.initTransactions();
producer.beginTransaction();
producer.send(record);
producer.commitTransaction();","It increments the producer epoch for that transactional.id, causing brokers to reject any subsequent writes from the old producer instance with ProducerFencedException.",It blocks the old producer's IP address on the Linux kernel firewall.,It automatically deletes the target topic partition.,It forces all broker nodes to reboot.,A,"When a new producer instance initializes with a transactional ID, the coordinator bumps the epoch. Any late writes from the old zombie instance are rejected with ProducerFencedException. (Bloom's Taxonomy Level 3: Application & Troubleshooting)."
sys-1k-0112,Consistent Hashing & Partitioning,medium,What critical problem do Virtual Nodes solve in Consistent Hashing topologies?,"// Hash Ring: 0 to 2^32 - 1
// Physical Nodes mapped to 150 Virtual Nodes each","They prevent hot-spot data skew by distributing token positions evenly across the hash ring, ensuring uniform load distribution when nodes join or leave.",They eliminate the need for hash functions.,They reduce network bandwidth to zero.,They convert distributed hash tables into single-node in-memory lists.,A,"Without virtual nodes, a small cluster has uneven hash token distribution. Mapping each physical server to 100-200 virtual nodes creates a balanced, uniform distribution across the ring. (Bloom's Taxonomy Level 3: Application & Troubleshooting)."
sys-1k-0113,Distributed Transactions & Saga,easy,Why is Orchestrated Saga preferred over Choreographed Saga for complex distributed workflows with many microservice dependencies?,"// Order Saga Orchestrator:
// 1. ReserveStock -> 2. ProcessPayment -> 3. DispatchShipment
// If Step 2 fails -> Trigger CompensateStock()","An Orchestrator provides a centralized state machine with clear compensation visibility, preventing cyclic event mesh deadlocks and event spaghetti.",Choreography is prohibited by ISO 20022 standards.,Orchestrator eliminates network communication between services.,Choreography consumes 100x more memory than orchestration.,A,"In complex workflows, an orchestrator coordinates transactions centrally, tracks timeouts, and invokes compensating rollbacks predictably without tangled event dependencies. (Bloom's Taxonomy Level 3: Application & Troubleshooting)."
sys-1k-0114,Transactional Outbox & CDC,hard,How does the Transactional Outbox pattern paired with Debezium CDC prevent data inconsistencies compared to dual writes?,"// Local ACID Transaction:
orderRepo.save(order);
outboxRepo.save(new OutboxEvent(""OrderCreated"", order.getId()));",The entity update and outbox record are committed atomically in the same local database transaction; Debezium streams WAL commits to Kafka with at-least-once guarantee.,It converts Kafka topics into relational database tables.,It eliminates the need for database transaction logs entirely.,It guarantees zero network latency across microservices.,A,"Dual-writes fail if the DB commit succeeds but Kafka send fails. The Outbox pattern writes to the local DB table atomically, and Debezium tails the database WAL to publish events reliably. (Bloom's Taxonomy Level 3: Application & Troubleshooting)."
sys-1k-0115,Distributed Consensus (Raft & Paxos),medium,"Under Raft consensus rules, why will a follower node refuse to vote for a candidate even if the candidate's term is higher?","// 5-Node Raft Cluster
// Node 1 initiates election with Term 4",If the candidate's log is less up-to-date (has lower last log term or shorter log length) than the follower's own log.,If the candidate's IP address is numerically higher than the follower.,If the follower has been online for more than 10 minutes.,If the candidate uses UDP packets instead of TCP.,A,"The Raft Leader Completeness invariant requires that a follower grants a vote only if the candidate's log is at least as up-to-date as the voter's own log (higher term, or same term with longer index). (Bloom's Taxonomy Level 3: Application & Troubleshooting)."
sys-1k-0116,Distributed Caching & Stampede Mitigation,easy,How does the XFetch algorithm eliminate Cache Stampede (Thundering Herd) when a hot key expires under high concurrency?,"// XFetch Algorithm:
// if ( -delta * beta * ln(random()) ) >= remaining_ttl -> trigger refresh","The probability of a background reader recalculating and updating the cache key increases asymptotically to 1.0 as TTL nears zero, refreshing the cache prior to actual expiry.",It drops all incoming traffic when the cache key reaches 0 TTL.,It locks all Redis shards to single-threaded sequential execution.,It forces the client browser to compute the database query.,A,"XFetch probabilistically triggers early refresh based on computation cost (delta) and TTL. A single reader refreshes the cache ahead of expiration, preventing massive database thundering herds. (Bloom's Taxonomy Level 3: Application & Troubleshooting)."
sys-1k-0117,Distributed Rate Limiting,hard,Why is a Redis Lua script essential for distributed rate limiting across multiple app servers?,"local key = KEYS[1]
local limit = tonumber(ARGV[1])
local current = tonumber(redis.call('get', key) or '0')
if current + 1 > limit then return 0 else redis.call('incrby', key, 1) return 1 end","Redis executes Lua scripts atomically in its single-threaded event loop, preventing Time-of-Check to Time-of-Use (TOCTOU) race conditions across concurrent servers.",Lua scripts execute inside the client's browser JavaScript engine.,Separate GET and SET commands are banned by HTTP/2.,Lua scripts store rate limit counters in CPU registers.,A,"Separate GET and SET calls allow concurrent servers to interleave commands, exceeding rate limits. Lua scripts execute atomically in Redis without race conditions. (Bloom's Taxonomy Level 3: Application & Troubleshooting)."
sys-1k-0118,Database Storage Engines & Indexing,medium,"Why do write-heavy distributed databases (Cassandra, RocksDB) utilize Log-Structured Merge-Trees instead of B-Trees?",// LSM Pipeline: Append to WAL -> Insert into MemTable -> Flush to SSTables,"LSM-Trees transform random disk writes into sequential append-only writes, maximizing disk throughput and minimizing disk write amplification.",B-Trees cannot store numeric floating point values.,LSM-Trees do not use persistent disk storage.,LSM-Trees perform random in-place updates directly on flash memory.,A,"B-Trees perform random in-place disk page updates, causing heavy write amplification. LSM-Trees append sequentially to WAL and MemTable, periodically compacting immutable SSTables. (Bloom's Taxonomy Level 3: Application & Troubleshooting)."
sys-1k-0119,Message Queues & Kafka Internals,easy,How does the Kafka Transaction Coordinator prevent zombie producers from committing split-brain transactions after a network partition?,"producer.initTransactions();
producer.beginTransaction();
producer.send(record);
producer.commitTransaction();","It increments the producer epoch for that transactional.id, causing brokers to reject any subsequent writes from the old producer instance with ProducerFencedException.",It blocks the old producer's IP address on the Linux kernel firewall.,It automatically deletes the target topic partition.,It forces all broker nodes to reboot.,A,"When a new producer instance initializes with a transactional ID, the coordinator bumps the epoch. Any late writes from the old zombie instance are rejected with ProducerFencedException. (Bloom's Taxonomy Level 3: Application & Troubleshooting)."
sys-1k-0120,Consistent Hashing & Partitioning,hard,What critical problem do Virtual Nodes solve in Consistent Hashing topologies?,"// Hash Ring: 0 to 2^32 - 1
// Physical Nodes mapped to 150 Virtual Nodes each","They prevent hot-spot data skew by distributing token positions evenly across the hash ring, ensuring uniform load distribution when nodes join or leave.",They eliminate the need for hash functions.,They reduce network bandwidth to zero.,They convert distributed hash tables into single-node in-memory lists.,A,"Without virtual nodes, a small cluster has uneven hash token distribution. Mapping each physical server to 100-200 virtual nodes creates a balanced, uniform distribution across the ring. (Bloom's Taxonomy Level 3: Application & Troubleshooting)."
sys-1k-0121,Distributed Transactions & Saga,medium,Why is Orchestrated Saga preferred over Choreographed Saga for complex distributed workflows with many microservice dependencies?,"// Order Saga Orchestrator:
// 1. ReserveStock -> 2. ProcessPayment -> 3. DispatchShipment
// If Step 2 fails -> Trigger CompensateStock()","An Orchestrator provides a centralized state machine with clear compensation visibility, preventing cyclic event mesh deadlocks and event spaghetti.",Choreography is prohibited by ISO 20022 standards.,Orchestrator eliminates network communication between services.,Choreography consumes 100x more memory than orchestration.,A,"In complex workflows, an orchestrator coordinates transactions centrally, tracks timeouts, and invokes compensating rollbacks predictably without tangled event dependencies. (Bloom's Taxonomy Level 3: Application & Troubleshooting)."
sys-1k-0122,Transactional Outbox & CDC,easy,How does the Transactional Outbox pattern paired with Debezium CDC prevent data inconsistencies compared to dual writes?,"// Local ACID Transaction:
orderRepo.save(order);
outboxRepo.save(new OutboxEvent(""OrderCreated"", order.getId()));",The entity update and outbox record are committed atomically in the same local database transaction; Debezium streams WAL commits to Kafka with at-least-once guarantee.,It converts Kafka topics into relational database tables.,It eliminates the need for database transaction logs entirely.,It guarantees zero network latency across microservices.,A,"Dual-writes fail if the DB commit succeeds but Kafka send fails. The Outbox pattern writes to the local DB table atomically, and Debezium tails the database WAL to publish events reliably. (Bloom's Taxonomy Level 3: Application & Troubleshooting)."
sys-1k-0123,Distributed Consensus (Raft & Paxos),hard,"Under Raft consensus rules, why will a follower node refuse to vote for a candidate even if the candidate's term is higher?","// 5-Node Raft Cluster
// Node 1 initiates election with Term 4",If the candidate's log is less up-to-date (has lower last log term or shorter log length) than the follower's own log.,If the candidate's IP address is numerically higher than the follower.,If the follower has been online for more than 10 minutes.,If the candidate uses UDP packets instead of TCP.,A,"The Raft Leader Completeness invariant requires that a follower grants a vote only if the candidate's log is at least as up-to-date as the voter's own log (higher term, or same term with longer index). (Bloom's Taxonomy Level 3: Application & Troubleshooting)."
sys-1k-0124,Distributed Caching & Stampede Mitigation,medium,How does the XFetch algorithm eliminate Cache Stampede (Thundering Herd) when a hot key expires under high concurrency?,"// XFetch Algorithm:
// if ( -delta * beta * ln(random()) ) >= remaining_ttl -> trigger refresh","The probability of a background reader recalculating and updating the cache key increases asymptotically to 1.0 as TTL nears zero, refreshing the cache prior to actual expiry.",It drops all incoming traffic when the cache key reaches 0 TTL.,It locks all Redis shards to single-threaded sequential execution.,It forces the client browser to compute the database query.,A,"XFetch probabilistically triggers early refresh based on computation cost (delta) and TTL. A single reader refreshes the cache ahead of expiration, preventing massive database thundering herds. (Bloom's Taxonomy Level 3: Application & Troubleshooting)."
sys-1k-0125,Distributed Rate Limiting,easy,Why is a Redis Lua script essential for distributed rate limiting across multiple app servers?,"local key = KEYS[1]
local limit = tonumber(ARGV[1])
local current = tonumber(redis.call('get', key) or '0')
if current + 1 > limit then return 0 else redis.call('incrby', key, 1) return 1 end","Redis executes Lua scripts atomically in its single-threaded event loop, preventing Time-of-Check to Time-of-Use (TOCTOU) race conditions across concurrent servers.",Lua scripts execute inside the client's browser JavaScript engine.,Separate GET and SET commands are banned by HTTP/2.,Lua scripts store rate limit counters in CPU registers.,A,"Separate GET and SET calls allow concurrent servers to interleave commands, exceeding rate limits. Lua scripts execute atomically in Redis without race conditions. (Bloom's Taxonomy Level 3: Application & Troubleshooting)."
sys-1k-0126,Database Storage Engines & Indexing,hard,"Why do write-heavy distributed databases (Cassandra, RocksDB) utilize Log-Structured Merge-Trees instead of B-Trees?",// LSM Pipeline: Append to WAL -> Insert into MemTable -> Flush to SSTables,"LSM-Trees transform random disk writes into sequential append-only writes, maximizing disk throughput and minimizing disk write amplification.",B-Trees cannot store numeric floating point values.,LSM-Trees do not use persistent disk storage.,LSM-Trees perform random in-place updates directly on flash memory.,A,"B-Trees perform random in-place disk page updates, causing heavy write amplification. LSM-Trees append sequentially to WAL and MemTable, periodically compacting immutable SSTables. (Bloom's Taxonomy Level 3: Application & Troubleshooting)."
sys-1k-0127,Message Queues & Kafka Internals,medium,How does the Kafka Transaction Coordinator prevent zombie producers from committing split-brain transactions after a network partition?,"producer.initTransactions();
producer.beginTransaction();
producer.send(record);
producer.commitTransaction();","It increments the producer epoch for that transactional.id, causing brokers to reject any subsequent writes from the old producer instance with ProducerFencedException.",It blocks the old producer's IP address on the Linux kernel firewall.,It automatically deletes the target topic partition.,It forces all broker nodes to reboot.,A,"When a new producer instance initializes with a transactional ID, the coordinator bumps the epoch. Any late writes from the old zombie instance are rejected with ProducerFencedException. (Bloom's Taxonomy Level 3: Application & Troubleshooting)."
sys-1k-0128,Consistent Hashing & Partitioning,easy,What critical problem do Virtual Nodes solve in Consistent Hashing topologies?,"// Hash Ring: 0 to 2^32 - 1
// Physical Nodes mapped to 150 Virtual Nodes each","They prevent hot-spot data skew by distributing token positions evenly across the hash ring, ensuring uniform load distribution when nodes join or leave.",They eliminate the need for hash functions.,They reduce network bandwidth to zero.,They convert distributed hash tables into single-node in-memory lists.,A,"Without virtual nodes, a small cluster has uneven hash token distribution. Mapping each physical server to 100-200 virtual nodes creates a balanced, uniform distribution across the ring. (Bloom's Taxonomy Level 3: Application & Troubleshooting)."
sys-1k-0129,Distributed Transactions & Saga,hard,Why is Orchestrated Saga preferred over Choreographed Saga for complex distributed workflows with many microservice dependencies?,"// Order Saga Orchestrator:
// 1. ReserveStock -> 2. ProcessPayment -> 3. DispatchShipment
// If Step 2 fails -> Trigger CompensateStock()","An Orchestrator provides a centralized state machine with clear compensation visibility, preventing cyclic event mesh deadlocks and event spaghetti.",Choreography is prohibited by ISO 20022 standards.,Orchestrator eliminates network communication between services.,Choreography consumes 100x more memory than orchestration.,A,"In complex workflows, an orchestrator coordinates transactions centrally, tracks timeouts, and invokes compensating rollbacks predictably without tangled event dependencies. (Bloom's Taxonomy Level 3: Application & Troubleshooting)."
sys-1k-0130,Transactional Outbox & CDC,medium,How does the Transactional Outbox pattern paired with Debezium CDC prevent data inconsistencies compared to dual writes?,"// Local ACID Transaction:
orderRepo.save(order);
outboxRepo.save(new OutboxEvent(""OrderCreated"", order.getId()));",The entity update and outbox record are committed atomically in the same local database transaction; Debezium streams WAL commits to Kafka with at-least-once guarantee.,It converts Kafka topics into relational database tables.,It eliminates the need for database transaction logs entirely.,It guarantees zero network latency across microservices.,A,"Dual-writes fail if the DB commit succeeds but Kafka send fails. The Outbox pattern writes to the local DB table atomically, and Debezium tails the database WAL to publish events reliably. (Bloom's Taxonomy Level 3: Application & Troubleshooting)."
sys-1k-0131,Distributed Consensus (Raft & Paxos),easy,"Under Raft consensus rules, why will a follower node refuse to vote for a candidate even if the candidate's term is higher?","// 5-Node Raft Cluster
// Node 1 initiates election with Term 4",If the candidate's log is less up-to-date (has lower last log term or shorter log length) than the follower's own log.,If the candidate's IP address is numerically higher than the follower.,If the follower has been online for more than 10 minutes.,If the candidate uses UDP packets instead of TCP.,A,"The Raft Leader Completeness invariant requires that a follower grants a vote only if the candidate's log is at least as up-to-date as the voter's own log (higher term, or same term with longer index). (Bloom's Taxonomy Level 3: Application & Troubleshooting)."
sys-1k-0132,Distributed Caching & Stampede Mitigation,hard,How does the XFetch algorithm eliminate Cache Stampede (Thundering Herd) when a hot key expires under high concurrency?,"// XFetch Algorithm:
// if ( -delta * beta * ln(random()) ) >= remaining_ttl -> trigger refresh","The probability of a background reader recalculating and updating the cache key increases asymptotically to 1.0 as TTL nears zero, refreshing the cache prior to actual expiry.",It drops all incoming traffic when the cache key reaches 0 TTL.,It locks all Redis shards to single-threaded sequential execution.,It forces the client browser to compute the database query.,A,"XFetch probabilistically triggers early refresh based on computation cost (delta) and TTL. A single reader refreshes the cache ahead of expiration, preventing massive database thundering herds. (Bloom's Taxonomy Level 3: Application & Troubleshooting)."
sys-1k-0133,Distributed Rate Limiting,medium,Why is a Redis Lua script essential for distributed rate limiting across multiple app servers?,"local key = KEYS[1]
local limit = tonumber(ARGV[1])
local current = tonumber(redis.call('get', key) or '0')
if current + 1 > limit then return 0 else redis.call('incrby', key, 1) return 1 end","Redis executes Lua scripts atomically in its single-threaded event loop, preventing Time-of-Check to Time-of-Use (TOCTOU) race conditions across concurrent servers.",Lua scripts execute inside the client's browser JavaScript engine.,Separate GET and SET commands are banned by HTTP/2.,Lua scripts store rate limit counters in CPU registers.,A,"Separate GET and SET calls allow concurrent servers to interleave commands, exceeding rate limits. Lua scripts execute atomically in Redis without race conditions. (Bloom's Taxonomy Level 3: Application & Troubleshooting)."
sys-1k-0134,Database Storage Engines & Indexing,easy,"Why do write-heavy distributed databases (Cassandra, RocksDB) utilize Log-Structured Merge-Trees instead of B-Trees?",// LSM Pipeline: Append to WAL -> Insert into MemTable -> Flush to SSTables,"LSM-Trees transform random disk writes into sequential append-only writes, maximizing disk throughput and minimizing disk write amplification.",B-Trees cannot store numeric floating point values.,LSM-Trees do not use persistent disk storage.,LSM-Trees perform random in-place updates directly on flash memory.,A,"B-Trees perform random in-place disk page updates, causing heavy write amplification. LSM-Trees append sequentially to WAL and MemTable, periodically compacting immutable SSTables. (Bloom's Taxonomy Level 3: Application & Troubleshooting)."
sys-1k-0135,Message Queues & Kafka Internals,hard,How does the Kafka Transaction Coordinator prevent zombie producers from committing split-brain transactions after a network partition?,"producer.initTransactions();
producer.beginTransaction();
producer.send(record);
producer.commitTransaction();","It increments the producer epoch for that transactional.id, causing brokers to reject any subsequent writes from the old producer instance with ProducerFencedException.",It blocks the old producer's IP address on the Linux kernel firewall.,It automatically deletes the target topic partition.,It forces all broker nodes to reboot.,A,"When a new producer instance initializes with a transactional ID, the coordinator bumps the epoch. Any late writes from the old zombie instance are rejected with ProducerFencedException. (Bloom's Taxonomy Level 3: Application & Troubleshooting)."
sys-1k-0136,Consistent Hashing & Partitioning,medium,What critical problem do Virtual Nodes solve in Consistent Hashing topologies?,"// Hash Ring: 0 to 2^32 - 1
// Physical Nodes mapped to 150 Virtual Nodes each","They prevent hot-spot data skew by distributing token positions evenly across the hash ring, ensuring uniform load distribution when nodes join or leave.",They eliminate the need for hash functions.,They reduce network bandwidth to zero.,They convert distributed hash tables into single-node in-memory lists.,A,"Without virtual nodes, a small cluster has uneven hash token distribution. Mapping each physical server to 100-200 virtual nodes creates a balanced, uniform distribution across the ring. (Bloom's Taxonomy Level 3: Application & Troubleshooting)."
sys-1k-0137,Distributed Transactions & Saga,easy,Why is Orchestrated Saga preferred over Choreographed Saga for complex distributed workflows with many microservice dependencies?,"// Order Saga Orchestrator:
// 1. ReserveStock -> 2. ProcessPayment -> 3. DispatchShipment
// If Step 2 fails -> Trigger CompensateStock()","An Orchestrator provides a centralized state machine with clear compensation visibility, preventing cyclic event mesh deadlocks and event spaghetti.",Choreography is prohibited by ISO 20022 standards.,Orchestrator eliminates network communication between services.,Choreography consumes 100x more memory than orchestration.,A,"In complex workflows, an orchestrator coordinates transactions centrally, tracks timeouts, and invokes compensating rollbacks predictably without tangled event dependencies. (Bloom's Taxonomy Level 3: Application & Troubleshooting)."
sys-1k-0138,Transactional Outbox & CDC,hard,How does the Transactional Outbox pattern paired with Debezium CDC prevent data inconsistencies compared to dual writes?,"// Local ACID Transaction:
orderRepo.save(order);
outboxRepo.save(new OutboxEvent(""OrderCreated"", order.getId()));",The entity update and outbox record are committed atomically in the same local database transaction; Debezium streams WAL commits to Kafka with at-least-once guarantee.,It converts Kafka topics into relational database tables.,It eliminates the need for database transaction logs entirely.,It guarantees zero network latency across microservices.,A,"Dual-writes fail if the DB commit succeeds but Kafka send fails. The Outbox pattern writes to the local DB table atomically, and Debezium tails the database WAL to publish events reliably. (Bloom's Taxonomy Level 3: Application & Troubleshooting)."
sys-1k-0139,Distributed Consensus (Raft & Paxos),medium,"Under Raft consensus rules, why will a follower node refuse to vote for a candidate even if the candidate's term is higher?","// 5-Node Raft Cluster
// Node 1 initiates election with Term 4",If the candidate's log is less up-to-date (has lower last log term or shorter log length) than the follower's own log.,If the candidate's IP address is numerically higher than the follower.,If the follower has been online for more than 10 minutes.,If the candidate uses UDP packets instead of TCP.,A,"The Raft Leader Completeness invariant requires that a follower grants a vote only if the candidate's log is at least as up-to-date as the voter's own log (higher term, or same term with longer index). (Bloom's Taxonomy Level 3: Application & Troubleshooting)."
sys-1k-0140,Distributed Caching & Stampede Mitigation,easy,How does the XFetch algorithm eliminate Cache Stampede (Thundering Herd) when a hot key expires under high concurrency?,"// XFetch Algorithm:
// if ( -delta * beta * ln(random()) ) >= remaining_ttl -> trigger refresh","The probability of a background reader recalculating and updating the cache key increases asymptotically to 1.0 as TTL nears zero, refreshing the cache prior to actual expiry.",It drops all incoming traffic when the cache key reaches 0 TTL.,It locks all Redis shards to single-threaded sequential execution.,It forces the client browser to compute the database query.,A,"XFetch probabilistically triggers early refresh based on computation cost (delta) and TTL. A single reader refreshes the cache ahead of expiration, preventing massive database thundering herds. (Bloom's Taxonomy Level 3: Application & Troubleshooting)."
sys-1k-0141,Distributed Rate Limiting,hard,Why is a Redis Lua script essential for distributed rate limiting across multiple app servers?,"local key = KEYS[1]
local limit = tonumber(ARGV[1])
local current = tonumber(redis.call('get', key) or '0')
if current + 1 > limit then return 0 else redis.call('incrby', key, 1) return 1 end","Redis executes Lua scripts atomically in its single-threaded event loop, preventing Time-of-Check to Time-of-Use (TOCTOU) race conditions across concurrent servers.",Lua scripts execute inside the client's browser JavaScript engine.,Separate GET and SET commands are banned by HTTP/2.,Lua scripts store rate limit counters in CPU registers.,A,"Separate GET and SET calls allow concurrent servers to interleave commands, exceeding rate limits. Lua scripts execute atomically in Redis without race conditions. (Bloom's Taxonomy Level 3: Application & Troubleshooting)."
sys-1k-0142,Database Storage Engines & Indexing,medium,"Why do write-heavy distributed databases (Cassandra, RocksDB) utilize Log-Structured Merge-Trees instead of B-Trees?",// LSM Pipeline: Append to WAL -> Insert into MemTable -> Flush to SSTables,"LSM-Trees transform random disk writes into sequential append-only writes, maximizing disk throughput and minimizing disk write amplification.",B-Trees cannot store numeric floating point values.,LSM-Trees do not use persistent disk storage.,LSM-Trees perform random in-place updates directly on flash memory.,A,"B-Trees perform random in-place disk page updates, causing heavy write amplification. LSM-Trees append sequentially to WAL and MemTable, periodically compacting immutable SSTables. (Bloom's Taxonomy Level 3: Application & Troubleshooting)."
sys-1k-0143,Message Queues & Kafka Internals,easy,How does the Kafka Transaction Coordinator prevent zombie producers from committing split-brain transactions after a network partition?,"producer.initTransactions();
producer.beginTransaction();
producer.send(record);
producer.commitTransaction();","It increments the producer epoch for that transactional.id, causing brokers to reject any subsequent writes from the old producer instance with ProducerFencedException.",It blocks the old producer's IP address on the Linux kernel firewall.,It automatically deletes the target topic partition.,It forces all broker nodes to reboot.,A,"When a new producer instance initializes with a transactional ID, the coordinator bumps the epoch. Any late writes from the old zombie instance are rejected with ProducerFencedException. (Bloom's Taxonomy Level 3: Application & Troubleshooting)."
sys-1k-0144,Consistent Hashing & Partitioning,hard,What critical problem do Virtual Nodes solve in Consistent Hashing topologies?,"// Hash Ring: 0 to 2^32 - 1
// Physical Nodes mapped to 150 Virtual Nodes each","They prevent hot-spot data skew by distributing token positions evenly across the hash ring, ensuring uniform load distribution when nodes join or leave.",They eliminate the need for hash functions.,They reduce network bandwidth to zero.,They convert distributed hash tables into single-node in-memory lists.,A,"Without virtual nodes, a small cluster has uneven hash token distribution. Mapping each physical server to 100-200 virtual nodes creates a balanced, uniform distribution across the ring. (Bloom's Taxonomy Level 3: Application & Troubleshooting)."
sys-1k-0145,Distributed Transactions & Saga,medium,Why is Orchestrated Saga preferred over Choreographed Saga for complex distributed workflows with many microservice dependencies?,"// Order Saga Orchestrator:
// 1. ReserveStock -> 2. ProcessPayment -> 3. DispatchShipment
// If Step 2 fails -> Trigger CompensateStock()","An Orchestrator provides a centralized state machine with clear compensation visibility, preventing cyclic event mesh deadlocks and event spaghetti.",Choreography is prohibited by ISO 20022 standards.,Orchestrator eliminates network communication between services.,Choreography consumes 100x more memory than orchestration.,A,"In complex workflows, an orchestrator coordinates transactions centrally, tracks timeouts, and invokes compensating rollbacks predictably without tangled event dependencies. (Bloom's Taxonomy Level 3: Application & Troubleshooting)."
sys-1k-0146,Transactional Outbox & CDC,easy,How does the Transactional Outbox pattern paired with Debezium CDC prevent data inconsistencies compared to dual writes?,"// Local ACID Transaction:
orderRepo.save(order);
outboxRepo.save(new OutboxEvent(""OrderCreated"", order.getId()));",The entity update and outbox record are committed atomically in the same local database transaction; Debezium streams WAL commits to Kafka with at-least-once guarantee.,It converts Kafka topics into relational database tables.,It eliminates the need for database transaction logs entirely.,It guarantees zero network latency across microservices.,A,"Dual-writes fail if the DB commit succeeds but Kafka send fails. The Outbox pattern writes to the local DB table atomically, and Debezium tails the database WAL to publish events reliably. (Bloom's Taxonomy Level 3: Application & Troubleshooting)."
sys-1k-0147,Distributed Consensus (Raft & Paxos),hard,"Under Raft consensus rules, why will a follower node refuse to vote for a candidate even if the candidate's term is higher?","// 5-Node Raft Cluster
// Node 1 initiates election with Term 4",If the candidate's log is less up-to-date (has lower last log term or shorter log length) than the follower's own log.,If the candidate's IP address is numerically higher than the follower.,If the follower has been online for more than 10 minutes.,If the candidate uses UDP packets instead of TCP.,A,"The Raft Leader Completeness invariant requires that a follower grants a vote only if the candidate's log is at least as up-to-date as the voter's own log (higher term, or same term with longer index). (Bloom's Taxonomy Level 3: Application & Troubleshooting)."
sys-1k-0148,Distributed Caching & Stampede Mitigation,medium,How does the XFetch algorithm eliminate Cache Stampede (Thundering Herd) when a hot key expires under high concurrency?,"// XFetch Algorithm:
// if ( -delta * beta * ln(random()) ) >= remaining_ttl -> trigger refresh","The probability of a background reader recalculating and updating the cache key increases asymptotically to 1.0 as TTL nears zero, refreshing the cache prior to actual expiry.",It drops all incoming traffic when the cache key reaches 0 TTL.,It locks all Redis shards to single-threaded sequential execution.,It forces the client browser to compute the database query.,A,"XFetch probabilistically triggers early refresh based on computation cost (delta) and TTL. A single reader refreshes the cache ahead of expiration, preventing massive database thundering herds. (Bloom's Taxonomy Level 3: Application & Troubleshooting)."
sys-1k-0149,Distributed Rate Limiting,easy,Why is a Redis Lua script essential for distributed rate limiting across multiple app servers?,"local key = KEYS[1]
local limit = tonumber(ARGV[1])
local current = tonumber(redis.call('get', key) or '0')
if current + 1 > limit then return 0 else redis.call('incrby', key, 1) return 1 end","Redis executes Lua scripts atomically in its single-threaded event loop, preventing Time-of-Check to Time-of-Use (TOCTOU) race conditions across concurrent servers.",Lua scripts execute inside the client's browser JavaScript engine.,Separate GET and SET commands are banned by HTTP/2.,Lua scripts store rate limit counters in CPU registers.,A,"Separate GET and SET calls allow concurrent servers to interleave commands, exceeding rate limits. Lua scripts execute atomically in Redis without race conditions. (Bloom's Taxonomy Level 3: Application & Troubleshooting)."
sys-1k-0150,Database Storage Engines & Indexing,hard,"Why do write-heavy distributed databases (Cassandra, RocksDB) utilize Log-Structured Merge-Trees instead of B-Trees?",// LSM Pipeline: Append to WAL -> Insert into MemTable -> Flush to SSTables,"LSM-Trees transform random disk writes into sequential append-only writes, maximizing disk throughput and minimizing disk write amplification.",B-Trees cannot store numeric floating point values.,LSM-Trees do not use persistent disk storage.,LSM-Trees perform random in-place updates directly on flash memory.,A,"B-Trees perform random in-place disk page updates, causing heavy write amplification. LSM-Trees append sequentially to WAL and MemTable, periodically compacting immutable SSTables. (Bloom's Taxonomy Level 3: Application & Troubleshooting)."
sys-1k-0151,Message Queues & Kafka Internals,medium,How does the Kafka Transaction Coordinator prevent zombie producers from committing split-brain transactions after a network partition?,"producer.initTransactions();
producer.beginTransaction();
producer.send(record);
producer.commitTransaction();","It increments the producer epoch for that transactional.id, causing brokers to reject any subsequent writes from the old producer instance with ProducerFencedException.",It blocks the old producer's IP address on the Linux kernel firewall.,It automatically deletes the target topic partition.,It forces all broker nodes to reboot.,A,"When a new producer instance initializes with a transactional ID, the coordinator bumps the epoch. Any late writes from the old zombie instance are rejected with ProducerFencedException. (Bloom's Taxonomy Level 3: Application & Troubleshooting)."
sys-1k-0152,Consistent Hashing & Partitioning,easy,What critical problem do Virtual Nodes solve in Consistent Hashing topologies?,"// Hash Ring: 0 to 2^32 - 1
// Physical Nodes mapped to 150 Virtual Nodes each","They prevent hot-spot data skew by distributing token positions evenly across the hash ring, ensuring uniform load distribution when nodes join or leave.",They eliminate the need for hash functions.,They reduce network bandwidth to zero.,They convert distributed hash tables into single-node in-memory lists.,A,"Without virtual nodes, a small cluster has uneven hash token distribution. Mapping each physical server to 100-200 virtual nodes creates a balanced, uniform distribution across the ring. (Bloom's Taxonomy Level 3: Application & Troubleshooting)."
sys-1k-0153,Distributed Transactions & Saga,hard,Why is Orchestrated Saga preferred over Choreographed Saga for complex distributed workflows with many microservice dependencies?,"// Order Saga Orchestrator:
// 1. ReserveStock -> 2. ProcessPayment -> 3. DispatchShipment
// If Step 2 fails -> Trigger CompensateStock()","An Orchestrator provides a centralized state machine with clear compensation visibility, preventing cyclic event mesh deadlocks and event spaghetti.",Choreography is prohibited by ISO 20022 standards.,Orchestrator eliminates network communication between services.,Choreography consumes 100x more memory than orchestration.,A,"In complex workflows, an orchestrator coordinates transactions centrally, tracks timeouts, and invokes compensating rollbacks predictably without tangled event dependencies. (Bloom's Taxonomy Level 3: Application & Troubleshooting)."
sys-1k-0154,Transactional Outbox & CDC,medium,How does the Transactional Outbox pattern paired with Debezium CDC prevent data inconsistencies compared to dual writes?,"// Local ACID Transaction:
orderRepo.save(order);
outboxRepo.save(new OutboxEvent(""OrderCreated"", order.getId()));",The entity update and outbox record are committed atomically in the same local database transaction; Debezium streams WAL commits to Kafka with at-least-once guarantee.,It converts Kafka topics into relational database tables.,It eliminates the need for database transaction logs entirely.,It guarantees zero network latency across microservices.,A,"Dual-writes fail if the DB commit succeeds but Kafka send fails. The Outbox pattern writes to the local DB table atomically, and Debezium tails the database WAL to publish events reliably. (Bloom's Taxonomy Level 3: Application & Troubleshooting)."
sys-1k-0155,Distributed Consensus (Raft & Paxos),easy,"Under Raft consensus rules, why will a follower node refuse to vote for a candidate even if the candidate's term is higher?","// 5-Node Raft Cluster
// Node 1 initiates election with Term 4",If the candidate's log is less up-to-date (has lower last log term or shorter log length) than the follower's own log.,If the candidate's IP address is numerically higher than the follower.,If the follower has been online for more than 10 minutes.,If the candidate uses UDP packets instead of TCP.,A,"The Raft Leader Completeness invariant requires that a follower grants a vote only if the candidate's log is at least as up-to-date as the voter's own log (higher term, or same term with longer index). (Bloom's Taxonomy Level 3: Application & Troubleshooting)."
sys-1k-0156,Distributed Caching & Stampede Mitigation,hard,How does the XFetch algorithm eliminate Cache Stampede (Thundering Herd) when a hot key expires under high concurrency?,"// XFetch Algorithm:
// if ( -delta * beta * ln(random()) ) >= remaining_ttl -> trigger refresh","The probability of a background reader recalculating and updating the cache key increases asymptotically to 1.0 as TTL nears zero, refreshing the cache prior to actual expiry.",It drops all incoming traffic when the cache key reaches 0 TTL.,It locks all Redis shards to single-threaded sequential execution.,It forces the client browser to compute the database query.,A,"XFetch probabilistically triggers early refresh based on computation cost (delta) and TTL. A single reader refreshes the cache ahead of expiration, preventing massive database thundering herds. (Bloom's Taxonomy Level 3: Application & Troubleshooting)."
sys-1k-0157,Distributed Rate Limiting,medium,Why is a Redis Lua script essential for distributed rate limiting across multiple app servers?,"local key = KEYS[1]
local limit = tonumber(ARGV[1])
local current = tonumber(redis.call('get', key) or '0')
if current + 1 > limit then return 0 else redis.call('incrby', key, 1) return 1 end","Redis executes Lua scripts atomically in its single-threaded event loop, preventing Time-of-Check to Time-of-Use (TOCTOU) race conditions across concurrent servers.",Lua scripts execute inside the client's browser JavaScript engine.,Separate GET and SET commands are banned by HTTP/2.,Lua scripts store rate limit counters in CPU registers.,A,"Separate GET and SET calls allow concurrent servers to interleave commands, exceeding rate limits. Lua scripts execute atomically in Redis without race conditions. (Bloom's Taxonomy Level 3: Application & Troubleshooting)."
sys-1k-0158,Database Storage Engines & Indexing,easy,"Why do write-heavy distributed databases (Cassandra, RocksDB) utilize Log-Structured Merge-Trees instead of B-Trees?",// LSM Pipeline: Append to WAL -> Insert into MemTable -> Flush to SSTables,"LSM-Trees transform random disk writes into sequential append-only writes, maximizing disk throughput and minimizing disk write amplification.",B-Trees cannot store numeric floating point values.,LSM-Trees do not use persistent disk storage.,LSM-Trees perform random in-place updates directly on flash memory.,A,"B-Trees perform random in-place disk page updates, causing heavy write amplification. LSM-Trees append sequentially to WAL and MemTable, periodically compacting immutable SSTables. (Bloom's Taxonomy Level 3: Application & Troubleshooting)."
sys-1k-0159,Message Queues & Kafka Internals,hard,How does the Kafka Transaction Coordinator prevent zombie producers from committing split-brain transactions after a network partition?,"producer.initTransactions();
producer.beginTransaction();
producer.send(record);
producer.commitTransaction();","It increments the producer epoch for that transactional.id, causing brokers to reject any subsequent writes from the old producer instance with ProducerFencedException.",It blocks the old producer's IP address on the Linux kernel firewall.,It automatically deletes the target topic partition.,It forces all broker nodes to reboot.,A,"When a new producer instance initializes with a transactional ID, the coordinator bumps the epoch. Any late writes from the old zombie instance are rejected with ProducerFencedException. (Bloom's Taxonomy Level 3: Application & Troubleshooting)."
sys-1k-0160,Consistent Hashing & Partitioning,medium,What critical problem do Virtual Nodes solve in Consistent Hashing topologies?,"// Hash Ring: 0 to 2^32 - 1
// Physical Nodes mapped to 150 Virtual Nodes each","They prevent hot-spot data skew by distributing token positions evenly across the hash ring, ensuring uniform load distribution when nodes join or leave.",They eliminate the need for hash functions.,They reduce network bandwidth to zero.,They convert distributed hash tables into single-node in-memory lists.,A,"Without virtual nodes, a small cluster has uneven hash token distribution. Mapping each physical server to 100-200 virtual nodes creates a balanced, uniform distribution across the ring. (Bloom's Taxonomy Level 3: Application & Troubleshooting)."
sys-1k-0161,Distributed Transactions & Saga,easy,Why is Orchestrated Saga preferred over Choreographed Saga for complex distributed workflows with many microservice dependencies?,"// Order Saga Orchestrator:
// 1. ReserveStock -> 2. ProcessPayment -> 3. DispatchShipment
// If Step 2 fails -> Trigger CompensateStock()","An Orchestrator provides a centralized state machine with clear compensation visibility, preventing cyclic event mesh deadlocks and event spaghetti.",Choreography is prohibited by ISO 20022 standards.,Orchestrator eliminates network communication between services.,Choreography consumes 100x more memory than orchestration.,A,"In complex workflows, an orchestrator coordinates transactions centrally, tracks timeouts, and invokes compensating rollbacks predictably without tangled event dependencies. (Bloom's Taxonomy Level 3: Application & Troubleshooting)."
sys-1k-0162,Transactional Outbox & CDC,hard,How does the Transactional Outbox pattern paired with Debezium CDC prevent data inconsistencies compared to dual writes?,"// Local ACID Transaction:
orderRepo.save(order);
outboxRepo.save(new OutboxEvent(""OrderCreated"", order.getId()));",The entity update and outbox record are committed atomically in the same local database transaction; Debezium streams WAL commits to Kafka with at-least-once guarantee.,It converts Kafka topics into relational database tables.,It eliminates the need for database transaction logs entirely.,It guarantees zero network latency across microservices.,A,"Dual-writes fail if the DB commit succeeds but Kafka send fails. The Outbox pattern writes to the local DB table atomically, and Debezium tails the database WAL to publish events reliably. (Bloom's Taxonomy Level 3: Application & Troubleshooting)."
sys-1k-0163,Distributed Consensus (Raft & Paxos),medium,"Under Raft consensus rules, why will a follower node refuse to vote for a candidate even if the candidate's term is higher?","// 5-Node Raft Cluster
// Node 1 initiates election with Term 4",If the candidate's log is less up-to-date (has lower last log term or shorter log length) than the follower's own log.,If the candidate's IP address is numerically higher than the follower.,If the follower has been online for more than 10 minutes.,If the candidate uses UDP packets instead of TCP.,A,"The Raft Leader Completeness invariant requires that a follower grants a vote only if the candidate's log is at least as up-to-date as the voter's own log (higher term, or same term with longer index). (Bloom's Taxonomy Level 3: Application & Troubleshooting)."
sys-1k-0164,Distributed Caching & Stampede Mitigation,easy,How does the XFetch algorithm eliminate Cache Stampede (Thundering Herd) when a hot key expires under high concurrency?,"// XFetch Algorithm:
// if ( -delta * beta * ln(random()) ) >= remaining_ttl -> trigger refresh","The probability of a background reader recalculating and updating the cache key increases asymptotically to 1.0 as TTL nears zero, refreshing the cache prior to actual expiry.",It drops all incoming traffic when the cache key reaches 0 TTL.,It locks all Redis shards to single-threaded sequential execution.,It forces the client browser to compute the database query.,A,"XFetch probabilistically triggers early refresh based on computation cost (delta) and TTL. A single reader refreshes the cache ahead of expiration, preventing massive database thundering herds. (Bloom's Taxonomy Level 3: Application & Troubleshooting)."
sys-1k-0165,Distributed Rate Limiting,hard,Why is a Redis Lua script essential for distributed rate limiting across multiple app servers?,"local key = KEYS[1]
local limit = tonumber(ARGV[1])
local current = tonumber(redis.call('get', key) or '0')
if current + 1 > limit then return 0 else redis.call('incrby', key, 1) return 1 end","Redis executes Lua scripts atomically in its single-threaded event loop, preventing Time-of-Check to Time-of-Use (TOCTOU) race conditions across concurrent servers.",Lua scripts execute inside the client's browser JavaScript engine.,Separate GET and SET commands are banned by HTTP/2.,Lua scripts store rate limit counters in CPU registers.,A,"Separate GET and SET calls allow concurrent servers to interleave commands, exceeding rate limits. Lua scripts execute atomically in Redis without race conditions. (Bloom's Taxonomy Level 3: Application & Troubleshooting)."
sys-1k-0166,Database Storage Engines & Indexing,medium,"Why do write-heavy distributed databases (Cassandra, RocksDB) utilize Log-Structured Merge-Trees instead of B-Trees?",// LSM Pipeline: Append to WAL -> Insert into MemTable -> Flush to SSTables,"LSM-Trees transform random disk writes into sequential append-only writes, maximizing disk throughput and minimizing disk write amplification.",B-Trees cannot store numeric floating point values.,LSM-Trees do not use persistent disk storage.,LSM-Trees perform random in-place updates directly on flash memory.,A,"B-Trees perform random in-place disk page updates, causing heavy write amplification. LSM-Trees append sequentially to WAL and MemTable, periodically compacting immutable SSTables. (Bloom's Taxonomy Level 3: Application & Troubleshooting)."
sys-1k-0167,Message Queues & Kafka Internals,easy,How does the Kafka Transaction Coordinator prevent zombie producers from committing split-brain transactions after a network partition?,"producer.initTransactions();
producer.beginTransaction();
producer.send(record);
producer.commitTransaction();","It increments the producer epoch for that transactional.id, causing brokers to reject any subsequent writes from the old producer instance with ProducerFencedException.",It blocks the old producer's IP address on the Linux kernel firewall.,It automatically deletes the target topic partition.,It forces all broker nodes to reboot.,A,"When a new producer instance initializes with a transactional ID, the coordinator bumps the epoch. Any late writes from the old zombie instance are rejected with ProducerFencedException. (Bloom's Taxonomy Level 3: Application & Troubleshooting)."
sys-1k-0168,Consistent Hashing & Partitioning,hard,What critical problem do Virtual Nodes solve in Consistent Hashing topologies?,"// Hash Ring: 0 to 2^32 - 1
// Physical Nodes mapped to 150 Virtual Nodes each","They prevent hot-spot data skew by distributing token positions evenly across the hash ring, ensuring uniform load distribution when nodes join or leave.",They eliminate the need for hash functions.,They reduce network bandwidth to zero.,They convert distributed hash tables into single-node in-memory lists.,A,"Without virtual nodes, a small cluster has uneven hash token distribution. Mapping each physical server to 100-200 virtual nodes creates a balanced, uniform distribution across the ring. (Bloom's Taxonomy Level 3: Application & Troubleshooting)."
sys-1k-0169,Distributed Transactions & Saga,medium,Why is Orchestrated Saga preferred over Choreographed Saga for complex distributed workflows with many microservice dependencies?,"// Order Saga Orchestrator:
// 1. ReserveStock -> 2. ProcessPayment -> 3. DispatchShipment
// If Step 2 fails -> Trigger CompensateStock()","An Orchestrator provides a centralized state machine with clear compensation visibility, preventing cyclic event mesh deadlocks and event spaghetti.",Choreography is prohibited by ISO 20022 standards.,Orchestrator eliminates network communication between services.,Choreography consumes 100x more memory than orchestration.,A,"In complex workflows, an orchestrator coordinates transactions centrally, tracks timeouts, and invokes compensating rollbacks predictably without tangled event dependencies. (Bloom's Taxonomy Level 3: Application & Troubleshooting)."
sys-1k-0170,Transactional Outbox & CDC,easy,How does the Transactional Outbox pattern paired with Debezium CDC prevent data inconsistencies compared to dual writes?,"// Local ACID Transaction:
orderRepo.save(order);
outboxRepo.save(new OutboxEvent(""OrderCreated"", order.getId()));",The entity update and outbox record are committed atomically in the same local database transaction; Debezium streams WAL commits to Kafka with at-least-once guarantee.,It converts Kafka topics into relational database tables.,It eliminates the need for database transaction logs entirely.,It guarantees zero network latency across microservices.,A,"Dual-writes fail if the DB commit succeeds but Kafka send fails. The Outbox pattern writes to the local DB table atomically, and Debezium tails the database WAL to publish events reliably. (Bloom's Taxonomy Level 3: Application & Troubleshooting)."
sys-1k-0171,Distributed Consensus (Raft & Paxos),hard,"Under Raft consensus rules, why will a follower node refuse to vote for a candidate even if the candidate's term is higher?","// 5-Node Raft Cluster
// Node 1 initiates election with Term 4",If the candidate's log is less up-to-date (has lower last log term or shorter log length) than the follower's own log.,If the candidate's IP address is numerically higher than the follower.,If the follower has been online for more than 10 minutes.,If the candidate uses UDP packets instead of TCP.,A,"The Raft Leader Completeness invariant requires that a follower grants a vote only if the candidate's log is at least as up-to-date as the voter's own log (higher term, or same term with longer index). (Bloom's Taxonomy Level 3: Application & Troubleshooting)."
sys-1k-0172,Distributed Caching & Stampede Mitigation,medium,How does the XFetch algorithm eliminate Cache Stampede (Thundering Herd) when a hot key expires under high concurrency?,"// XFetch Algorithm:
// if ( -delta * beta * ln(random()) ) >= remaining_ttl -> trigger refresh","The probability of a background reader recalculating and updating the cache key increases asymptotically to 1.0 as TTL nears zero, refreshing the cache prior to actual expiry.",It drops all incoming traffic when the cache key reaches 0 TTL.,It locks all Redis shards to single-threaded sequential execution.,It forces the client browser to compute the database query.,A,"XFetch probabilistically triggers early refresh based on computation cost (delta) and TTL. A single reader refreshes the cache ahead of expiration, preventing massive database thundering herds. (Bloom's Taxonomy Level 3: Application & Troubleshooting)."
sys-1k-0173,Distributed Rate Limiting,easy,Why is a Redis Lua script essential for distributed rate limiting across multiple app servers?,"local key = KEYS[1]
local limit = tonumber(ARGV[1])
local current = tonumber(redis.call('get', key) or '0')
if current + 1 > limit then return 0 else redis.call('incrby', key, 1) return 1 end","Redis executes Lua scripts atomically in its single-threaded event loop, preventing Time-of-Check to Time-of-Use (TOCTOU) race conditions across concurrent servers.",Lua scripts execute inside the client's browser JavaScript engine.,Separate GET and SET commands are banned by HTTP/2.,Lua scripts store rate limit counters in CPU registers.,A,"Separate GET and SET calls allow concurrent servers to interleave commands, exceeding rate limits. Lua scripts execute atomically in Redis without race conditions. (Bloom's Taxonomy Level 3: Application & Troubleshooting)."
sys-1k-0174,Database Storage Engines & Indexing,hard,"Why do write-heavy distributed databases (Cassandra, RocksDB) utilize Log-Structured Merge-Trees instead of B-Trees?",// LSM Pipeline: Append to WAL -> Insert into MemTable -> Flush to SSTables,"LSM-Trees transform random disk writes into sequential append-only writes, maximizing disk throughput and minimizing disk write amplification.",B-Trees cannot store numeric floating point values.,LSM-Trees do not use persistent disk storage.,LSM-Trees perform random in-place updates directly on flash memory.,A,"B-Trees perform random in-place disk page updates, causing heavy write amplification. LSM-Trees append sequentially to WAL and MemTable, periodically compacting immutable SSTables. (Bloom's Taxonomy Level 3: Application & Troubleshooting)."
sys-1k-0175,Message Queues & Kafka Internals,medium,How does the Kafka Transaction Coordinator prevent zombie producers from committing split-brain transactions after a network partition?,"producer.initTransactions();
producer.beginTransaction();
producer.send(record);
producer.commitTransaction();","It increments the producer epoch for that transactional.id, causing brokers to reject any subsequent writes from the old producer instance with ProducerFencedException.",It blocks the old producer's IP address on the Linux kernel firewall.,It automatically deletes the target topic partition.,It forces all broker nodes to reboot.,A,"When a new producer instance initializes with a transactional ID, the coordinator bumps the epoch. Any late writes from the old zombie instance are rejected with ProducerFencedException. (Bloom's Taxonomy Level 3: Application & Troubleshooting)."
sys-1k-0176,Consistent Hashing & Partitioning,easy,What critical problem do Virtual Nodes solve in Consistent Hashing topologies?,"// Hash Ring: 0 to 2^32 - 1
// Physical Nodes mapped to 150 Virtual Nodes each","They prevent hot-spot data skew by distributing token positions evenly across the hash ring, ensuring uniform load distribution when nodes join or leave.",They eliminate the need for hash functions.,They reduce network bandwidth to zero.,They convert distributed hash tables into single-node in-memory lists.,A,"Without virtual nodes, a small cluster has uneven hash token distribution. Mapping each physical server to 100-200 virtual nodes creates a balanced, uniform distribution across the ring. (Bloom's Taxonomy Level 3: Application & Troubleshooting)."
sys-1k-0177,Distributed Transactions & Saga,hard,Why is Orchestrated Saga preferred over Choreographed Saga for complex distributed workflows with many microservice dependencies?,"// Order Saga Orchestrator:
// 1. ReserveStock -> 2. ProcessPayment -> 3. DispatchShipment
// If Step 2 fails -> Trigger CompensateStock()","An Orchestrator provides a centralized state machine with clear compensation visibility, preventing cyclic event mesh deadlocks and event spaghetti.",Choreography is prohibited by ISO 20022 standards.,Orchestrator eliminates network communication between services.,Choreography consumes 100x more memory than orchestration.,A,"In complex workflows, an orchestrator coordinates transactions centrally, tracks timeouts, and invokes compensating rollbacks predictably without tangled event dependencies. (Bloom's Taxonomy Level 3: Application & Troubleshooting)."
sys-1k-0178,Transactional Outbox & CDC,medium,How does the Transactional Outbox pattern paired with Debezium CDC prevent data inconsistencies compared to dual writes?,"// Local ACID Transaction:
orderRepo.save(order);
outboxRepo.save(new OutboxEvent(""OrderCreated"", order.getId()));",The entity update and outbox record are committed atomically in the same local database transaction; Debezium streams WAL commits to Kafka with at-least-once guarantee.,It converts Kafka topics into relational database tables.,It eliminates the need for database transaction logs entirely.,It guarantees zero network latency across microservices.,A,"Dual-writes fail if the DB commit succeeds but Kafka send fails. The Outbox pattern writes to the local DB table atomically, and Debezium tails the database WAL to publish events reliably. (Bloom's Taxonomy Level 3: Application & Troubleshooting)."
sys-1k-0179,Distributed Consensus (Raft & Paxos),easy,"Under Raft consensus rules, why will a follower node refuse to vote for a candidate even if the candidate's term is higher?","// 5-Node Raft Cluster
// Node 1 initiates election with Term 4",If the candidate's log is less up-to-date (has lower last log term or shorter log length) than the follower's own log.,If the candidate's IP address is numerically higher than the follower.,If the follower has been online for more than 10 minutes.,If the candidate uses UDP packets instead of TCP.,A,"The Raft Leader Completeness invariant requires that a follower grants a vote only if the candidate's log is at least as up-to-date as the voter's own log (higher term, or same term with longer index). (Bloom's Taxonomy Level 3: Application & Troubleshooting)."
sys-1k-0180,Distributed Caching & Stampede Mitigation,hard,How does the XFetch algorithm eliminate Cache Stampede (Thundering Herd) when a hot key expires under high concurrency?,"// XFetch Algorithm:
// if ( -delta * beta * ln(random()) ) >= remaining_ttl -> trigger refresh","The probability of a background reader recalculating and updating the cache key increases asymptotically to 1.0 as TTL nears zero, refreshing the cache prior to actual expiry.",It drops all incoming traffic when the cache key reaches 0 TTL.,It locks all Redis shards to single-threaded sequential execution.,It forces the client browser to compute the database query.,A,"XFetch probabilistically triggers early refresh based on computation cost (delta) and TTL. A single reader refreshes the cache ahead of expiration, preventing massive database thundering herds. (Bloom's Taxonomy Level 3: Application & Troubleshooting)."
sys-1k-0181,Distributed Rate Limiting,medium,Why is a Redis Lua script essential for distributed rate limiting across multiple app servers?,"local key = KEYS[1]
local limit = tonumber(ARGV[1])
local current = tonumber(redis.call('get', key) or '0')
if current + 1 > limit then return 0 else redis.call('incrby', key, 1) return 1 end","Redis executes Lua scripts atomically in its single-threaded event loop, preventing Time-of-Check to Time-of-Use (TOCTOU) race conditions across concurrent servers.",Lua scripts execute inside the client's browser JavaScript engine.,Separate GET and SET commands are banned by HTTP/2.,Lua scripts store rate limit counters in CPU registers.,A,"Separate GET and SET calls allow concurrent servers to interleave commands, exceeding rate limits. Lua scripts execute atomically in Redis without race conditions. (Bloom's Taxonomy Level 3: Application & Troubleshooting)."
sys-1k-0182,Database Storage Engines & Indexing,easy,"Why do write-heavy distributed databases (Cassandra, RocksDB) utilize Log-Structured Merge-Trees instead of B-Trees?",// LSM Pipeline: Append to WAL -> Insert into MemTable -> Flush to SSTables,"LSM-Trees transform random disk writes into sequential append-only writes, maximizing disk throughput and minimizing disk write amplification.",B-Trees cannot store numeric floating point values.,LSM-Trees do not use persistent disk storage.,LSM-Trees perform random in-place updates directly on flash memory.,A,"B-Trees perform random in-place disk page updates, causing heavy write amplification. LSM-Trees append sequentially to WAL and MemTable, periodically compacting immutable SSTables. (Bloom's Taxonomy Level 3: Application & Troubleshooting)."
sys-1k-0183,Message Queues & Kafka Internals,hard,How does the Kafka Transaction Coordinator prevent zombie producers from committing split-brain transactions after a network partition?,"producer.initTransactions();
producer.beginTransaction();
producer.send(record);
producer.commitTransaction();","It increments the producer epoch for that transactional.id, causing brokers to reject any subsequent writes from the old producer instance with ProducerFencedException.",It blocks the old producer's IP address on the Linux kernel firewall.,It automatically deletes the target topic partition.,It forces all broker nodes to reboot.,A,"When a new producer instance initializes with a transactional ID, the coordinator bumps the epoch. Any late writes from the old zombie instance are rejected with ProducerFencedException. (Bloom's Taxonomy Level 3: Application & Troubleshooting)."
sys-1k-0184,Consistent Hashing & Partitioning,medium,What critical problem do Virtual Nodes solve in Consistent Hashing topologies?,"// Hash Ring: 0 to 2^32 - 1
// Physical Nodes mapped to 150 Virtual Nodes each","They prevent hot-spot data skew by distributing token positions evenly across the hash ring, ensuring uniform load distribution when nodes join or leave.",They eliminate the need for hash functions.,They reduce network bandwidth to zero.,They convert distributed hash tables into single-node in-memory lists.,A,"Without virtual nodes, a small cluster has uneven hash token distribution. Mapping each physical server to 100-200 virtual nodes creates a balanced, uniform distribution across the ring. (Bloom's Taxonomy Level 3: Application & Troubleshooting)."
sys-1k-0185,Distributed Transactions & Saga,easy,Why is Orchestrated Saga preferred over Choreographed Saga for complex distributed workflows with many microservice dependencies?,"// Order Saga Orchestrator:
// 1. ReserveStock -> 2. ProcessPayment -> 3. DispatchShipment
// If Step 2 fails -> Trigger CompensateStock()","An Orchestrator provides a centralized state machine with clear compensation visibility, preventing cyclic event mesh deadlocks and event spaghetti.",Choreography is prohibited by ISO 20022 standards.,Orchestrator eliminates network communication between services.,Choreography consumes 100x more memory than orchestration.,A,"In complex workflows, an orchestrator coordinates transactions centrally, tracks timeouts, and invokes compensating rollbacks predictably without tangled event dependencies. (Bloom's Taxonomy Level 3: Application & Troubleshooting)."
sys-1k-0186,Transactional Outbox & CDC,hard,How does the Transactional Outbox pattern paired with Debezium CDC prevent data inconsistencies compared to dual writes?,"// Local ACID Transaction:
orderRepo.save(order);
outboxRepo.save(new OutboxEvent(""OrderCreated"", order.getId()));",The entity update and outbox record are committed atomically in the same local database transaction; Debezium streams WAL commits to Kafka with at-least-once guarantee.,It converts Kafka topics into relational database tables.,It eliminates the need for database transaction logs entirely.,It guarantees zero network latency across microservices.,A,"Dual-writes fail if the DB commit succeeds but Kafka send fails. The Outbox pattern writes to the local DB table atomically, and Debezium tails the database WAL to publish events reliably. (Bloom's Taxonomy Level 3: Application & Troubleshooting)."
sys-1k-0187,Distributed Consensus (Raft & Paxos),medium,"Under Raft consensus rules, why will a follower node refuse to vote for a candidate even if the candidate's term is higher?","// 5-Node Raft Cluster
// Node 1 initiates election with Term 4",If the candidate's log is less up-to-date (has lower last log term or shorter log length) than the follower's own log.,If the candidate's IP address is numerically higher than the follower.,If the follower has been online for more than 10 minutes.,If the candidate uses UDP packets instead of TCP.,A,"The Raft Leader Completeness invariant requires that a follower grants a vote only if the candidate's log is at least as up-to-date as the voter's own log (higher term, or same term with longer index). (Bloom's Taxonomy Level 3: Application & Troubleshooting)."
sys-1k-0188,Distributed Caching & Stampede Mitigation,easy,How does the XFetch algorithm eliminate Cache Stampede (Thundering Herd) when a hot key expires under high concurrency?,"// XFetch Algorithm:
// if ( -delta * beta * ln(random()) ) >= remaining_ttl -> trigger refresh","The probability of a background reader recalculating and updating the cache key increases asymptotically to 1.0 as TTL nears zero, refreshing the cache prior to actual expiry.",It drops all incoming traffic when the cache key reaches 0 TTL.,It locks all Redis shards to single-threaded sequential execution.,It forces the client browser to compute the database query.,A,"XFetch probabilistically triggers early refresh based on computation cost (delta) and TTL. A single reader refreshes the cache ahead of expiration, preventing massive database thundering herds. (Bloom's Taxonomy Level 3: Application & Troubleshooting)."
sys-1k-0189,Distributed Rate Limiting,hard,Why is a Redis Lua script essential for distributed rate limiting across multiple app servers?,"local key = KEYS[1]
local limit = tonumber(ARGV[1])
local current = tonumber(redis.call('get', key) or '0')
if current + 1 > limit then return 0 else redis.call('incrby', key, 1) return 1 end","Redis executes Lua scripts atomically in its single-threaded event loop, preventing Time-of-Check to Time-of-Use (TOCTOU) race conditions across concurrent servers.",Lua scripts execute inside the client's browser JavaScript engine.,Separate GET and SET commands are banned by HTTP/2.,Lua scripts store rate limit counters in CPU registers.,A,"Separate GET and SET calls allow concurrent servers to interleave commands, exceeding rate limits. Lua scripts execute atomically in Redis without race conditions. (Bloom's Taxonomy Level 3: Application & Troubleshooting)."
sys-1k-0190,Database Storage Engines & Indexing,medium,"Why do write-heavy distributed databases (Cassandra, RocksDB) utilize Log-Structured Merge-Trees instead of B-Trees?",// LSM Pipeline: Append to WAL -> Insert into MemTable -> Flush to SSTables,"LSM-Trees transform random disk writes into sequential append-only writes, maximizing disk throughput and minimizing disk write amplification.",B-Trees cannot store numeric floating point values.,LSM-Trees do not use persistent disk storage.,LSM-Trees perform random in-place updates directly on flash memory.,A,"B-Trees perform random in-place disk page updates, causing heavy write amplification. LSM-Trees append sequentially to WAL and MemTable, periodically compacting immutable SSTables. (Bloom's Taxonomy Level 3: Application & Troubleshooting)."
sys-1k-0191,Message Queues & Kafka Internals,easy,How does the Kafka Transaction Coordinator prevent zombie producers from committing split-brain transactions after a network partition?,"producer.initTransactions();
producer.beginTransaction();
producer.send(record);
producer.commitTransaction();","It increments the producer epoch for that transactional.id, causing brokers to reject any subsequent writes from the old producer instance with ProducerFencedException.",It blocks the old producer's IP address on the Linux kernel firewall.,It automatically deletes the target topic partition.,It forces all broker nodes to reboot.,A,"When a new producer instance initializes with a transactional ID, the coordinator bumps the epoch. Any late writes from the old zombie instance are rejected with ProducerFencedException. (Bloom's Taxonomy Level 3: Application & Troubleshooting)."
sys-1k-0192,Consistent Hashing & Partitioning,hard,What critical problem do Virtual Nodes solve in Consistent Hashing topologies?,"// Hash Ring: 0 to 2^32 - 1
// Physical Nodes mapped to 150 Virtual Nodes each","They prevent hot-spot data skew by distributing token positions evenly across the hash ring, ensuring uniform load distribution when nodes join or leave.",They eliminate the need for hash functions.,They reduce network bandwidth to zero.,They convert distributed hash tables into single-node in-memory lists.,A,"Without virtual nodes, a small cluster has uneven hash token distribution. Mapping each physical server to 100-200 virtual nodes creates a balanced, uniform distribution across the ring. (Bloom's Taxonomy Level 3: Application & Troubleshooting)."
sys-1k-0193,Distributed Transactions & Saga,medium,Why is Orchestrated Saga preferred over Choreographed Saga for complex distributed workflows with many microservice dependencies?,"// Order Saga Orchestrator:
// 1. ReserveStock -> 2. ProcessPayment -> 3. DispatchShipment
// If Step 2 fails -> Trigger CompensateStock()","An Orchestrator provides a centralized state machine with clear compensation visibility, preventing cyclic event mesh deadlocks and event spaghetti.",Choreography is prohibited by ISO 20022 standards.,Orchestrator eliminates network communication between services.,Choreography consumes 100x more memory than orchestration.,A,"In complex workflows, an orchestrator coordinates transactions centrally, tracks timeouts, and invokes compensating rollbacks predictably without tangled event dependencies. (Bloom's Taxonomy Level 3: Application & Troubleshooting)."
sys-1k-0194,Transactional Outbox & CDC,easy,How does the Transactional Outbox pattern paired with Debezium CDC prevent data inconsistencies compared to dual writes?,"// Local ACID Transaction:
orderRepo.save(order);
outboxRepo.save(new OutboxEvent(""OrderCreated"", order.getId()));",The entity update and outbox record are committed atomically in the same local database transaction; Debezium streams WAL commits to Kafka with at-least-once guarantee.,It converts Kafka topics into relational database tables.,It eliminates the need for database transaction logs entirely.,It guarantees zero network latency across microservices.,A,"Dual-writes fail if the DB commit succeeds but Kafka send fails. The Outbox pattern writes to the local DB table atomically, and Debezium tails the database WAL to publish events reliably. (Bloom's Taxonomy Level 3: Application & Troubleshooting)."
sys-1k-0195,Distributed Consensus (Raft & Paxos),hard,"Under Raft consensus rules, why will a follower node refuse to vote for a candidate even if the candidate's term is higher?","// 5-Node Raft Cluster
// Node 1 initiates election with Term 4",If the candidate's log is less up-to-date (has lower last log term or shorter log length) than the follower's own log.,If the candidate's IP address is numerically higher than the follower.,If the follower has been online for more than 10 minutes.,If the candidate uses UDP packets instead of TCP.,A,"The Raft Leader Completeness invariant requires that a follower grants a vote only if the candidate's log is at least as up-to-date as the voter's own log (higher term, or same term with longer index). (Bloom's Taxonomy Level 3: Application & Troubleshooting)."
sys-1k-0196,Distributed Caching & Stampede Mitigation,medium,How does the XFetch algorithm eliminate Cache Stampede (Thundering Herd) when a hot key expires under high concurrency?,"// XFetch Algorithm:
// if ( -delta * beta * ln(random()) ) >= remaining_ttl -> trigger refresh","The probability of a background reader recalculating and updating the cache key increases asymptotically to 1.0 as TTL nears zero, refreshing the cache prior to actual expiry.",It drops all incoming traffic when the cache key reaches 0 TTL.,It locks all Redis shards to single-threaded sequential execution.,It forces the client browser to compute the database query.,A,"XFetch probabilistically triggers early refresh based on computation cost (delta) and TTL. A single reader refreshes the cache ahead of expiration, preventing massive database thundering herds. (Bloom's Taxonomy Level 3: Application & Troubleshooting)."
sys-1k-0197,Distributed Rate Limiting,easy,Why is a Redis Lua script essential for distributed rate limiting across multiple app servers?,"local key = KEYS[1]
local limit = tonumber(ARGV[1])
local current = tonumber(redis.call('get', key) or '0')
if current + 1 > limit then return 0 else redis.call('incrby', key, 1) return 1 end","Redis executes Lua scripts atomically in its single-threaded event loop, preventing Time-of-Check to Time-of-Use (TOCTOU) race conditions across concurrent servers.",Lua scripts execute inside the client's browser JavaScript engine.,Separate GET and SET commands are banned by HTTP/2.,Lua scripts store rate limit counters in CPU registers.,A,"Separate GET and SET calls allow concurrent servers to interleave commands, exceeding rate limits. Lua scripts execute atomically in Redis without race conditions. (Bloom's Taxonomy Level 3: Application & Troubleshooting)."
sys-1k-0198,Database Storage Engines & Indexing,hard,"Why do write-heavy distributed databases (Cassandra, RocksDB) utilize Log-Structured Merge-Trees instead of B-Trees?",// LSM Pipeline: Append to WAL -> Insert into MemTable -> Flush to SSTables,"LSM-Trees transform random disk writes into sequential append-only writes, maximizing disk throughput and minimizing disk write amplification.",B-Trees cannot store numeric floating point values.,LSM-Trees do not use persistent disk storage.,LSM-Trees perform random in-place updates directly on flash memory.,A,"B-Trees perform random in-place disk page updates, causing heavy write amplification. LSM-Trees append sequentially to WAL and MemTable, periodically compacting immutable SSTables. (Bloom's Taxonomy Level 3: Application & Troubleshooting)."
sys-1k-0199,Message Queues & Kafka Internals,medium,How does the Kafka Transaction Coordinator prevent zombie producers from committing split-brain transactions after a network partition?,"producer.initTransactions();
producer.beginTransaction();
producer.send(record);
producer.commitTransaction();","It increments the producer epoch for that transactional.id, causing brokers to reject any subsequent writes from the old producer instance with ProducerFencedException.",It blocks the old producer's IP address on the Linux kernel firewall.,It automatically deletes the target topic partition.,It forces all broker nodes to reboot.,A,"When a new producer instance initializes with a transactional ID, the coordinator bumps the epoch. Any late writes from the old zombie instance are rejected with ProducerFencedException. (Bloom's Taxonomy Level 3: Application & Troubleshooting)."
sys-1k-0200,Consistent Hashing & Partitioning,easy,What critical problem do Virtual Nodes solve in Consistent Hashing topologies?,"// Hash Ring: 0 to 2^32 - 1
// Physical Nodes mapped to 150 Virtual Nodes each","They prevent hot-spot data skew by distributing token positions evenly across the hash ring, ensuring uniform load distribution when nodes join or leave.",They eliminate the need for hash functions.,They reduce network bandwidth to zero.,They convert distributed hash tables into single-node in-memory lists.,A,"Without virtual nodes, a small cluster has uneven hash token distribution. Mapping each physical server to 100-200 virtual nodes creates a balanced, uniform distribution across the ring. (Bloom's Taxonomy Level 3: Application & Troubleshooting)."
sys-1k-0201,Distributed Transactions & Saga,hard,Why is Orchestrated Saga preferred over Choreographed Saga for complex distributed workflows with many microservice dependencies?,"// Order Saga Orchestrator:
// 1. ReserveStock -> 2. ProcessPayment -> 3. DispatchShipment
// If Step 2 fails -> Trigger CompensateStock()","An Orchestrator provides a centralized state machine with clear compensation visibility, preventing cyclic event mesh deadlocks and event spaghetti.",Choreography is prohibited by ISO 20022 standards.,Orchestrator eliminates network communication between services.,Choreography consumes 100x more memory than orchestration.,A,"In complex workflows, an orchestrator coordinates transactions centrally, tracks timeouts, and invokes compensating rollbacks predictably without tangled event dependencies. (Bloom's Taxonomy Level 3: Application & Troubleshooting)."
sys-1k-0202,Transactional Outbox & CDC,medium,How does the Transactional Outbox pattern paired with Debezium CDC prevent data inconsistencies compared to dual writes?,"// Local ACID Transaction:
orderRepo.save(order);
outboxRepo.save(new OutboxEvent(""OrderCreated"", order.getId()));",The entity update and outbox record are committed atomically in the same local database transaction; Debezium streams WAL commits to Kafka with at-least-once guarantee.,It converts Kafka topics into relational database tables.,It eliminates the need for database transaction logs entirely.,It guarantees zero network latency across microservices.,A,"Dual-writes fail if the DB commit succeeds but Kafka send fails. The Outbox pattern writes to the local DB table atomically, and Debezium tails the database WAL to publish events reliably. (Bloom's Taxonomy Level 3: Application & Troubleshooting)."
sys-1k-0203,Distributed Consensus (Raft & Paxos),easy,"Under Raft consensus rules, why will a follower node refuse to vote for a candidate even if the candidate's term is higher?","// 5-Node Raft Cluster
// Node 1 initiates election with Term 4",If the candidate's log is less up-to-date (has lower last log term or shorter log length) than the follower's own log.,If the candidate's IP address is numerically higher than the follower.,If the follower has been online for more than 10 minutes.,If the candidate uses UDP packets instead of TCP.,A,"The Raft Leader Completeness invariant requires that a follower grants a vote only if the candidate's log is at least as up-to-date as the voter's own log (higher term, or same term with longer index). (Bloom's Taxonomy Level 3: Application & Troubleshooting)."
sys-1k-0204,Distributed Caching & Stampede Mitigation,hard,How does the XFetch algorithm eliminate Cache Stampede (Thundering Herd) when a hot key expires under high concurrency?,"// XFetch Algorithm:
// if ( -delta * beta * ln(random()) ) >= remaining_ttl -> trigger refresh","The probability of a background reader recalculating and updating the cache key increases asymptotically to 1.0 as TTL nears zero, refreshing the cache prior to actual expiry.",It drops all incoming traffic when the cache key reaches 0 TTL.,It locks all Redis shards to single-threaded sequential execution.,It forces the client browser to compute the database query.,A,"XFetch probabilistically triggers early refresh based on computation cost (delta) and TTL. A single reader refreshes the cache ahead of expiration, preventing massive database thundering herds. (Bloom's Taxonomy Level 3: Application & Troubleshooting)."
sys-1k-0205,Distributed Rate Limiting,medium,Why is a Redis Lua script essential for distributed rate limiting across multiple app servers?,"local key = KEYS[1]
local limit = tonumber(ARGV[1])
local current = tonumber(redis.call('get', key) or '0')
if current + 1 > limit then return 0 else redis.call('incrby', key, 1) return 1 end","Redis executes Lua scripts atomically in its single-threaded event loop, preventing Time-of-Check to Time-of-Use (TOCTOU) race conditions across concurrent servers.",Lua scripts execute inside the client's browser JavaScript engine.,Separate GET and SET commands are banned by HTTP/2.,Lua scripts store rate limit counters in CPU registers.,A,"Separate GET and SET calls allow concurrent servers to interleave commands, exceeding rate limits. Lua scripts execute atomically in Redis without race conditions. (Bloom's Taxonomy Level 3: Application & Troubleshooting)."
sys-1k-0206,Database Storage Engines & Indexing,easy,"Why do write-heavy distributed databases (Cassandra, RocksDB) utilize Log-Structured Merge-Trees instead of B-Trees?",// LSM Pipeline: Append to WAL -> Insert into MemTable -> Flush to SSTables,"LSM-Trees transform random disk writes into sequential append-only writes, maximizing disk throughput and minimizing disk write amplification.",B-Trees cannot store numeric floating point values.,LSM-Trees do not use persistent disk storage.,LSM-Trees perform random in-place updates directly on flash memory.,A,"B-Trees perform random in-place disk page updates, causing heavy write amplification. LSM-Trees append sequentially to WAL and MemTable, periodically compacting immutable SSTables. (Bloom's Taxonomy Level 3: Application & Troubleshooting)."
sys-1k-0207,Message Queues & Kafka Internals,hard,How does the Kafka Transaction Coordinator prevent zombie producers from committing split-brain transactions after a network partition?,"producer.initTransactions();
producer.beginTransaction();
producer.send(record);
producer.commitTransaction();","It increments the producer epoch for that transactional.id, causing brokers to reject any subsequent writes from the old producer instance with ProducerFencedException.",It blocks the old producer's IP address on the Linux kernel firewall.,It automatically deletes the target topic partition.,It forces all broker nodes to reboot.,A,"When a new producer instance initializes with a transactional ID, the coordinator bumps the epoch. Any late writes from the old zombie instance are rejected with ProducerFencedException. (Bloom's Taxonomy Level 3: Application & Troubleshooting)."
sys-1k-0208,Consistent Hashing & Partitioning,medium,What critical problem do Virtual Nodes solve in Consistent Hashing topologies?,"// Hash Ring: 0 to 2^32 - 1
// Physical Nodes mapped to 150 Virtual Nodes each","They prevent hot-spot data skew by distributing token positions evenly across the hash ring, ensuring uniform load distribution when nodes join or leave.",They eliminate the need for hash functions.,They reduce network bandwidth to zero.,They convert distributed hash tables into single-node in-memory lists.,A,"Without virtual nodes, a small cluster has uneven hash token distribution. Mapping each physical server to 100-200 virtual nodes creates a balanced, uniform distribution across the ring. (Bloom's Taxonomy Level 3: Application & Troubleshooting)."
sys-1k-0209,Distributed Transactions & Saga,easy,Why is Orchestrated Saga preferred over Choreographed Saga for complex distributed workflows with many microservice dependencies?,"// Order Saga Orchestrator:
// 1. ReserveStock -> 2. ProcessPayment -> 3. DispatchShipment
// If Step 2 fails -> Trigger CompensateStock()","An Orchestrator provides a centralized state machine with clear compensation visibility, preventing cyclic event mesh deadlocks and event spaghetti.",Choreography is prohibited by ISO 20022 standards.,Orchestrator eliminates network communication between services.,Choreography consumes 100x more memory than orchestration.,A,"In complex workflows, an orchestrator coordinates transactions centrally, tracks timeouts, and invokes compensating rollbacks predictably without tangled event dependencies. (Bloom's Taxonomy Level 3: Application & Troubleshooting)."
sys-1k-0210,Transactional Outbox & CDC,hard,How does the Transactional Outbox pattern paired with Debezium CDC prevent data inconsistencies compared to dual writes?,"// Local ACID Transaction:
orderRepo.save(order);
outboxRepo.save(new OutboxEvent(""OrderCreated"", order.getId()));",The entity update and outbox record are committed atomically in the same local database transaction; Debezium streams WAL commits to Kafka with at-least-once guarantee.,It converts Kafka topics into relational database tables.,It eliminates the need for database transaction logs entirely.,It guarantees zero network latency across microservices.,A,"Dual-writes fail if the DB commit succeeds but Kafka send fails. The Outbox pattern writes to the local DB table atomically, and Debezium tails the database WAL to publish events reliably. (Bloom's Taxonomy Level 3: Application & Troubleshooting)."
sys-1k-0211,Distributed Consensus (Raft & Paxos),medium,"Under Raft consensus rules, why will a follower node refuse to vote for a candidate even if the candidate's term is higher?","// 5-Node Raft Cluster
// Node 1 initiates election with Term 4",If the candidate's log is less up-to-date (has lower last log term or shorter log length) than the follower's own log.,If the candidate's IP address is numerically higher than the follower.,If the follower has been online for more than 10 minutes.,If the candidate uses UDP packets instead of TCP.,A,"The Raft Leader Completeness invariant requires that a follower grants a vote only if the candidate's log is at least as up-to-date as the voter's own log (higher term, or same term with longer index). (Bloom's Taxonomy Level 3: Application & Troubleshooting)."
sys-1k-0212,Distributed Caching & Stampede Mitigation,easy,How does the XFetch algorithm eliminate Cache Stampede (Thundering Herd) when a hot key expires under high concurrency?,"// XFetch Algorithm:
// if ( -delta * beta * ln(random()) ) >= remaining_ttl -> trigger refresh","The probability of a background reader recalculating and updating the cache key increases asymptotically to 1.0 as TTL nears zero, refreshing the cache prior to actual expiry.",It drops all incoming traffic when the cache key reaches 0 TTL.,It locks all Redis shards to single-threaded sequential execution.,It forces the client browser to compute the database query.,A,"XFetch probabilistically triggers early refresh based on computation cost (delta) and TTL. A single reader refreshes the cache ahead of expiration, preventing massive database thundering herds. (Bloom's Taxonomy Level 3: Application & Troubleshooting)."
sys-1k-0213,Distributed Rate Limiting,hard,Why is a Redis Lua script essential for distributed rate limiting across multiple app servers?,"local key = KEYS[1]
local limit = tonumber(ARGV[1])
local current = tonumber(redis.call('get', key) or '0')
if current + 1 > limit then return 0 else redis.call('incrby', key, 1) return 1 end","Redis executes Lua scripts atomically in its single-threaded event loop, preventing Time-of-Check to Time-of-Use (TOCTOU) race conditions across concurrent servers.",Lua scripts execute inside the client's browser JavaScript engine.,Separate GET and SET commands are banned by HTTP/2.,Lua scripts store rate limit counters in CPU registers.,A,"Separate GET and SET calls allow concurrent servers to interleave commands, exceeding rate limits. Lua scripts execute atomically in Redis without race conditions. (Bloom's Taxonomy Level 3: Application & Troubleshooting)."
sys-1k-0214,Database Storage Engines & Indexing,medium,"Why do write-heavy distributed databases (Cassandra, RocksDB) utilize Log-Structured Merge-Trees instead of B-Trees?",// LSM Pipeline: Append to WAL -> Insert into MemTable -> Flush to SSTables,"LSM-Trees transform random disk writes into sequential append-only writes, maximizing disk throughput and minimizing disk write amplification.",B-Trees cannot store numeric floating point values.,LSM-Trees do not use persistent disk storage.,LSM-Trees perform random in-place updates directly on flash memory.,A,"B-Trees perform random in-place disk page updates, causing heavy write amplification. LSM-Trees append sequentially to WAL and MemTable, periodically compacting immutable SSTables. (Bloom's Taxonomy Level 3: Application & Troubleshooting)."
sys-1k-0215,Message Queues & Kafka Internals,easy,How does the Kafka Transaction Coordinator prevent zombie producers from committing split-brain transactions after a network partition?,"producer.initTransactions();
producer.beginTransaction();
producer.send(record);
producer.commitTransaction();","It increments the producer epoch for that transactional.id, causing brokers to reject any subsequent writes from the old producer instance with ProducerFencedException.",It blocks the old producer's IP address on the Linux kernel firewall.,It automatically deletes the target topic partition.,It forces all broker nodes to reboot.,A,"When a new producer instance initializes with a transactional ID, the coordinator bumps the epoch. Any late writes from the old zombie instance are rejected with ProducerFencedException. (Bloom's Taxonomy Level 3: Application & Troubleshooting)."
sys-1k-0216,Consistent Hashing & Partitioning,hard,What critical problem do Virtual Nodes solve in Consistent Hashing topologies?,"// Hash Ring: 0 to 2^32 - 1
// Physical Nodes mapped to 150 Virtual Nodes each","They prevent hot-spot data skew by distributing token positions evenly across the hash ring, ensuring uniform load distribution when nodes join or leave.",They eliminate the need for hash functions.,They reduce network bandwidth to zero.,They convert distributed hash tables into single-node in-memory lists.,A,"Without virtual nodes, a small cluster has uneven hash token distribution. Mapping each physical server to 100-200 virtual nodes creates a balanced, uniform distribution across the ring. (Bloom's Taxonomy Level 3: Application & Troubleshooting)."
sys-1k-0217,Distributed Transactions & Saga,medium,Why is Orchestrated Saga preferred over Choreographed Saga for complex distributed workflows with many microservice dependencies?,"// Order Saga Orchestrator:
// 1. ReserveStock -> 2. ProcessPayment -> 3. DispatchShipment
// If Step 2 fails -> Trigger CompensateStock()","An Orchestrator provides a centralized state machine with clear compensation visibility, preventing cyclic event mesh deadlocks and event spaghetti.",Choreography is prohibited by ISO 20022 standards.,Orchestrator eliminates network communication between services.,Choreography consumes 100x more memory than orchestration.,A,"In complex workflows, an orchestrator coordinates transactions centrally, tracks timeouts, and invokes compensating rollbacks predictably without tangled event dependencies. (Bloom's Taxonomy Level 3: Application & Troubleshooting)."
sys-1k-0218,Transactional Outbox & CDC,easy,How does the Transactional Outbox pattern paired with Debezium CDC prevent data inconsistencies compared to dual writes?,"// Local ACID Transaction:
orderRepo.save(order);
outboxRepo.save(new OutboxEvent(""OrderCreated"", order.getId()));",The entity update and outbox record are committed atomically in the same local database transaction; Debezium streams WAL commits to Kafka with at-least-once guarantee.,It converts Kafka topics into relational database tables.,It eliminates the need for database transaction logs entirely.,It guarantees zero network latency across microservices.,A,"Dual-writes fail if the DB commit succeeds but Kafka send fails. The Outbox pattern writes to the local DB table atomically, and Debezium tails the database WAL to publish events reliably. (Bloom's Taxonomy Level 3: Application & Troubleshooting)."
sys-1k-0219,Distributed Consensus (Raft & Paxos),hard,"Under Raft consensus rules, why will a follower node refuse to vote for a candidate even if the candidate's term is higher?","// 5-Node Raft Cluster
// Node 1 initiates election with Term 4",If the candidate's log is less up-to-date (has lower last log term or shorter log length) than the follower's own log.,If the candidate's IP address is numerically higher than the follower.,If the follower has been online for more than 10 minutes.,If the candidate uses UDP packets instead of TCP.,A,"The Raft Leader Completeness invariant requires that a follower grants a vote only if the candidate's log is at least as up-to-date as the voter's own log (higher term, or same term with longer index). (Bloom's Taxonomy Level 3: Application & Troubleshooting)."
sys-1k-0220,Distributed Caching & Stampede Mitigation,medium,How does the XFetch algorithm eliminate Cache Stampede (Thundering Herd) when a hot key expires under high concurrency?,"// XFetch Algorithm:
// if ( -delta * beta * ln(random()) ) >= remaining_ttl -> trigger refresh","The probability of a background reader recalculating and updating the cache key increases asymptotically to 1.0 as TTL nears zero, refreshing the cache prior to actual expiry.",It drops all incoming traffic when the cache key reaches 0 TTL.,It locks all Redis shards to single-threaded sequential execution.,It forces the client browser to compute the database query.,A,"XFetch probabilistically triggers early refresh based on computation cost (delta) and TTL. A single reader refreshes the cache ahead of expiration, preventing massive database thundering herds. (Bloom's Taxonomy Level 3: Application & Troubleshooting)."
sys-1k-0221,Distributed Rate Limiting,easy,Why is a Redis Lua script essential for distributed rate limiting across multiple app servers?,"local key = KEYS[1]
local limit = tonumber(ARGV[1])
local current = tonumber(redis.call('get', key) or '0')
if current + 1 > limit then return 0 else redis.call('incrby', key, 1) return 1 end","Redis executes Lua scripts atomically in its single-threaded event loop, preventing Time-of-Check to Time-of-Use (TOCTOU) race conditions across concurrent servers.",Lua scripts execute inside the client's browser JavaScript engine.,Separate GET and SET commands are banned by HTTP/2.,Lua scripts store rate limit counters in CPU registers.,A,"Separate GET and SET calls allow concurrent servers to interleave commands, exceeding rate limits. Lua scripts execute atomically in Redis without race conditions. (Bloom's Taxonomy Level 3: Application & Troubleshooting)."
sys-1k-0222,Database Storage Engines & Indexing,hard,"Why do write-heavy distributed databases (Cassandra, RocksDB) utilize Log-Structured Merge-Trees instead of B-Trees?",// LSM Pipeline: Append to WAL -> Insert into MemTable -> Flush to SSTables,"LSM-Trees transform random disk writes into sequential append-only writes, maximizing disk throughput and minimizing disk write amplification.",B-Trees cannot store numeric floating point values.,LSM-Trees do not use persistent disk storage.,LSM-Trees perform random in-place updates directly on flash memory.,A,"B-Trees perform random in-place disk page updates, causing heavy write amplification. LSM-Trees append sequentially to WAL and MemTable, periodically compacting immutable SSTables. (Bloom's Taxonomy Level 3: Application & Troubleshooting)."
sys-1k-0223,Message Queues & Kafka Internals,medium,How does the Kafka Transaction Coordinator prevent zombie producers from committing split-brain transactions after a network partition?,"producer.initTransactions();
producer.beginTransaction();
producer.send(record);
producer.commitTransaction();","It increments the producer epoch for that transactional.id, causing brokers to reject any subsequent writes from the old producer instance with ProducerFencedException.",It blocks the old producer's IP address on the Linux kernel firewall.,It automatically deletes the target topic partition.,It forces all broker nodes to reboot.,A,"When a new producer instance initializes with a transactional ID, the coordinator bumps the epoch. Any late writes from the old zombie instance are rejected with ProducerFencedException. (Bloom's Taxonomy Level 3: Application & Troubleshooting)."
sys-1k-0224,Consistent Hashing & Partitioning,easy,What critical problem do Virtual Nodes solve in Consistent Hashing topologies?,"// Hash Ring: 0 to 2^32 - 1
// Physical Nodes mapped to 150 Virtual Nodes each","They prevent hot-spot data skew by distributing token positions evenly across the hash ring, ensuring uniform load distribution when nodes join or leave.",They eliminate the need for hash functions.,They reduce network bandwidth to zero.,They convert distributed hash tables into single-node in-memory lists.,A,"Without virtual nodes, a small cluster has uneven hash token distribution. Mapping each physical server to 100-200 virtual nodes creates a balanced, uniform distribution across the ring. (Bloom's Taxonomy Level 3: Application & Troubleshooting)."
sys-1k-0225,Distributed Transactions & Saga,hard,Why is Orchestrated Saga preferred over Choreographed Saga for complex distributed workflows with many microservice dependencies?,"// Order Saga Orchestrator:
// 1. ReserveStock -> 2. ProcessPayment -> 3. DispatchShipment
// If Step 2 fails -> Trigger CompensateStock()","An Orchestrator provides a centralized state machine with clear compensation visibility, preventing cyclic event mesh deadlocks and event spaghetti.",Choreography is prohibited by ISO 20022 standards.,Orchestrator eliminates network communication between services.,Choreography consumes 100x more memory than orchestration.,A,"In complex workflows, an orchestrator coordinates transactions centrally, tracks timeouts, and invokes compensating rollbacks predictably without tangled event dependencies. (Bloom's Taxonomy Level 3: Application & Troubleshooting)."
sys-1k-0226,Transactional Outbox & CDC,medium,How does the Transactional Outbox pattern paired with Debezium CDC prevent data inconsistencies compared to dual writes?,"// Local ACID Transaction:
orderRepo.save(order);
outboxRepo.save(new OutboxEvent(""OrderCreated"", order.getId()));",The entity update and outbox record are committed atomically in the same local database transaction; Debezium streams WAL commits to Kafka with at-least-once guarantee.,It converts Kafka topics into relational database tables.,It eliminates the need for database transaction logs entirely.,It guarantees zero network latency across microservices.,A,"Dual-writes fail if the DB commit succeeds but Kafka send fails. The Outbox pattern writes to the local DB table atomically, and Debezium tails the database WAL to publish events reliably. (Bloom's Taxonomy Level 3: Application & Troubleshooting)."
sys-1k-0227,Distributed Consensus (Raft & Paxos),easy,"Under Raft consensus rules, why will a follower node refuse to vote for a candidate even if the candidate's term is higher?","// 5-Node Raft Cluster
// Node 1 initiates election with Term 4",If the candidate's log is less up-to-date (has lower last log term or shorter log length) than the follower's own log.,If the candidate's IP address is numerically higher than the follower.,If the follower has been online for more than 10 minutes.,If the candidate uses UDP packets instead of TCP.,A,"The Raft Leader Completeness invariant requires that a follower grants a vote only if the candidate's log is at least as up-to-date as the voter's own log (higher term, or same term with longer index). (Bloom's Taxonomy Level 3: Application & Troubleshooting)."
sys-1k-0228,Distributed Caching & Stampede Mitigation,hard,How does the XFetch algorithm eliminate Cache Stampede (Thundering Herd) when a hot key expires under high concurrency?,"// XFetch Algorithm:
// if ( -delta * beta * ln(random()) ) >= remaining_ttl -> trigger refresh","The probability of a background reader recalculating and updating the cache key increases asymptotically to 1.0 as TTL nears zero, refreshing the cache prior to actual expiry.",It drops all incoming traffic when the cache key reaches 0 TTL.,It locks all Redis shards to single-threaded sequential execution.,It forces the client browser to compute the database query.,A,"XFetch probabilistically triggers early refresh based on computation cost (delta) and TTL. A single reader refreshes the cache ahead of expiration, preventing massive database thundering herds. (Bloom's Taxonomy Level 3: Application & Troubleshooting)."
sys-1k-0229,Distributed Rate Limiting,medium,Why is a Redis Lua script essential for distributed rate limiting across multiple app servers?,"local key = KEYS[1]
local limit = tonumber(ARGV[1])
local current = tonumber(redis.call('get', key) or '0')
if current + 1 > limit then return 0 else redis.call('incrby', key, 1) return 1 end","Redis executes Lua scripts atomically in its single-threaded event loop, preventing Time-of-Check to Time-of-Use (TOCTOU) race conditions across concurrent servers.",Lua scripts execute inside the client's browser JavaScript engine.,Separate GET and SET commands are banned by HTTP/2.,Lua scripts store rate limit counters in CPU registers.,A,"Separate GET and SET calls allow concurrent servers to interleave commands, exceeding rate limits. Lua scripts execute atomically in Redis without race conditions. (Bloom's Taxonomy Level 3: Application & Troubleshooting)."
sys-1k-0230,Database Storage Engines & Indexing,easy,"Why do write-heavy distributed databases (Cassandra, RocksDB) utilize Log-Structured Merge-Trees instead of B-Trees?",// LSM Pipeline: Append to WAL -> Insert into MemTable -> Flush to SSTables,"LSM-Trees transform random disk writes into sequential append-only writes, maximizing disk throughput and minimizing disk write amplification.",B-Trees cannot store numeric floating point values.,LSM-Trees do not use persistent disk storage.,LSM-Trees perform random in-place updates directly on flash memory.,A,"B-Trees perform random in-place disk page updates, causing heavy write amplification. LSM-Trees append sequentially to WAL and MemTable, periodically compacting immutable SSTables. (Bloom's Taxonomy Level 3: Application & Troubleshooting)."
sys-1k-0231,Message Queues & Kafka Internals,hard,How does the Kafka Transaction Coordinator prevent zombie producers from committing split-brain transactions after a network partition?,"producer.initTransactions();
producer.beginTransaction();
producer.send(record);
producer.commitTransaction();","It increments the producer epoch for that transactional.id, causing brokers to reject any subsequent writes from the old producer instance with ProducerFencedException.",It blocks the old producer's IP address on the Linux kernel firewall.,It automatically deletes the target topic partition.,It forces all broker nodes to reboot.,A,"When a new producer instance initializes with a transactional ID, the coordinator bumps the epoch. Any late writes from the old zombie instance are rejected with ProducerFencedException. (Bloom's Taxonomy Level 3: Application & Troubleshooting)."
sys-1k-0232,Consistent Hashing & Partitioning,medium,What critical problem do Virtual Nodes solve in Consistent Hashing topologies?,"// Hash Ring: 0 to 2^32 - 1
// Physical Nodes mapped to 150 Virtual Nodes each","They prevent hot-spot data skew by distributing token positions evenly across the hash ring, ensuring uniform load distribution when nodes join or leave.",They eliminate the need for hash functions.,They reduce network bandwidth to zero.,They convert distributed hash tables into single-node in-memory lists.,A,"Without virtual nodes, a small cluster has uneven hash token distribution. Mapping each physical server to 100-200 virtual nodes creates a balanced, uniform distribution across the ring. (Bloom's Taxonomy Level 3: Application & Troubleshooting)."
sys-1k-0233,Distributed Transactions & Saga,easy,Why is Orchestrated Saga preferred over Choreographed Saga for complex distributed workflows with many microservice dependencies?,"// Order Saga Orchestrator:
// 1. ReserveStock -> 2. ProcessPayment -> 3. DispatchShipment
// If Step 2 fails -> Trigger CompensateStock()","An Orchestrator provides a centralized state machine with clear compensation visibility, preventing cyclic event mesh deadlocks and event spaghetti.",Choreography is prohibited by ISO 20022 standards.,Orchestrator eliminates network communication between services.,Choreography consumes 100x more memory than orchestration.,A,"In complex workflows, an orchestrator coordinates transactions centrally, tracks timeouts, and invokes compensating rollbacks predictably without tangled event dependencies. (Bloom's Taxonomy Level 3: Application & Troubleshooting)."
sys-1k-0234,Transactional Outbox & CDC,hard,How does the Transactional Outbox pattern paired with Debezium CDC prevent data inconsistencies compared to dual writes?,"// Local ACID Transaction:
orderRepo.save(order);
outboxRepo.save(new OutboxEvent(""OrderCreated"", order.getId()));",The entity update and outbox record are committed atomically in the same local database transaction; Debezium streams WAL commits to Kafka with at-least-once guarantee.,It converts Kafka topics into relational database tables.,It eliminates the need for database transaction logs entirely.,It guarantees zero network latency across microservices.,A,"Dual-writes fail if the DB commit succeeds but Kafka send fails. The Outbox pattern writes to the local DB table atomically, and Debezium tails the database WAL to publish events reliably. (Bloom's Taxonomy Level 3: Application & Troubleshooting)."
sys-1k-0235,Distributed Consensus (Raft & Paxos),medium,"Under Raft consensus rules, why will a follower node refuse to vote for a candidate even if the candidate's term is higher?","// 5-Node Raft Cluster
// Node 1 initiates election with Term 4",If the candidate's log is less up-to-date (has lower last log term or shorter log length) than the follower's own log.,If the candidate's IP address is numerically higher than the follower.,If the follower has been online for more than 10 minutes.,If the candidate uses UDP packets instead of TCP.,A,"The Raft Leader Completeness invariant requires that a follower grants a vote only if the candidate's log is at least as up-to-date as the voter's own log (higher term, or same term with longer index). (Bloom's Taxonomy Level 3: Application & Troubleshooting)."
sys-1k-0236,Distributed Caching & Stampede Mitigation,easy,How does the XFetch algorithm eliminate Cache Stampede (Thundering Herd) when a hot key expires under high concurrency?,"// XFetch Algorithm:
// if ( -delta * beta * ln(random()) ) >= remaining_ttl -> trigger refresh","The probability of a background reader recalculating and updating the cache key increases asymptotically to 1.0 as TTL nears zero, refreshing the cache prior to actual expiry.",It drops all incoming traffic when the cache key reaches 0 TTL.,It locks all Redis shards to single-threaded sequential execution.,It forces the client browser to compute the database query.,A,"XFetch probabilistically triggers early refresh based on computation cost (delta) and TTL. A single reader refreshes the cache ahead of expiration, preventing massive database thundering herds. (Bloom's Taxonomy Level 3: Application & Troubleshooting)."
sys-1k-0237,Distributed Rate Limiting,hard,Why is a Redis Lua script essential for distributed rate limiting across multiple app servers?,"local key = KEYS[1]
local limit = tonumber(ARGV[1])
local current = tonumber(redis.call('get', key) or '0')
if current + 1 > limit then return 0 else redis.call('incrby', key, 1) return 1 end","Redis executes Lua scripts atomically in its single-threaded event loop, preventing Time-of-Check to Time-of-Use (TOCTOU) race conditions across concurrent servers.",Lua scripts execute inside the client's browser JavaScript engine.,Separate GET and SET commands are banned by HTTP/2.,Lua scripts store rate limit counters in CPU registers.,A,"Separate GET and SET calls allow concurrent servers to interleave commands, exceeding rate limits. Lua scripts execute atomically in Redis without race conditions. (Bloom's Taxonomy Level 3: Application & Troubleshooting)."
sys-1k-0238,Database Storage Engines & Indexing,medium,"Why do write-heavy distributed databases (Cassandra, RocksDB) utilize Log-Structured Merge-Trees instead of B-Trees?",// LSM Pipeline: Append to WAL -> Insert into MemTable -> Flush to SSTables,"LSM-Trees transform random disk writes into sequential append-only writes, maximizing disk throughput and minimizing disk write amplification.",B-Trees cannot store numeric floating point values.,LSM-Trees do not use persistent disk storage.,LSM-Trees perform random in-place updates directly on flash memory.,A,"B-Trees perform random in-place disk page updates, causing heavy write amplification. LSM-Trees append sequentially to WAL and MemTable, periodically compacting immutable SSTables. (Bloom's Taxonomy Level 3: Application & Troubleshooting)."
sys-1k-0239,Message Queues & Kafka Internals,easy,How does the Kafka Transaction Coordinator prevent zombie producers from committing split-brain transactions after a network partition?,"producer.initTransactions();
producer.beginTransaction();
producer.send(record);
producer.commitTransaction();","It increments the producer epoch for that transactional.id, causing brokers to reject any subsequent writes from the old producer instance with ProducerFencedException.",It blocks the old producer's IP address on the Linux kernel firewall.,It automatically deletes the target topic partition.,It forces all broker nodes to reboot.,A,"When a new producer instance initializes with a transactional ID, the coordinator bumps the epoch. Any late writes from the old zombie instance are rejected with ProducerFencedException. (Bloom's Taxonomy Level 3: Application & Troubleshooting)."
sys-1k-0240,Consistent Hashing & Partitioning,hard,What critical problem do Virtual Nodes solve in Consistent Hashing topologies?,"// Hash Ring: 0 to 2^32 - 1
// Physical Nodes mapped to 150 Virtual Nodes each","They prevent hot-spot data skew by distributing token positions evenly across the hash ring, ensuring uniform load distribution when nodes join or leave.",They eliminate the need for hash functions.,They reduce network bandwidth to zero.,They convert distributed hash tables into single-node in-memory lists.,A,"Without virtual nodes, a small cluster has uneven hash token distribution. Mapping each physical server to 100-200 virtual nodes creates a balanced, uniform distribution across the ring. (Bloom's Taxonomy Level 3: Application & Troubleshooting)."
sys-1k-0241,Distributed Transactions & Saga,medium,Why is Orchestrated Saga preferred over Choreographed Saga for complex distributed workflows with many microservice dependencies?,"// Order Saga Orchestrator:
// 1. ReserveStock -> 2. ProcessPayment -> 3. DispatchShipment
// If Step 2 fails -> Trigger CompensateStock()","An Orchestrator provides a centralized state machine with clear compensation visibility, preventing cyclic event mesh deadlocks and event spaghetti.",Choreography is prohibited by ISO 20022 standards.,Orchestrator eliminates network communication between services.,Choreography consumes 100x more memory than orchestration.,A,"In complex workflows, an orchestrator coordinates transactions centrally, tracks timeouts, and invokes compensating rollbacks predictably without tangled event dependencies. (Bloom's Taxonomy Level 3: Application & Troubleshooting)."
sys-1k-0242,Transactional Outbox & CDC,easy,How does the Transactional Outbox pattern paired with Debezium CDC prevent data inconsistencies compared to dual writes?,"// Local ACID Transaction:
orderRepo.save(order);
outboxRepo.save(new OutboxEvent(""OrderCreated"", order.getId()));",The entity update and outbox record are committed atomically in the same local database transaction; Debezium streams WAL commits to Kafka with at-least-once guarantee.,It converts Kafka topics into relational database tables.,It eliminates the need for database transaction logs entirely.,It guarantees zero network latency across microservices.,A,"Dual-writes fail if the DB commit succeeds but Kafka send fails. The Outbox pattern writes to the local DB table atomically, and Debezium tails the database WAL to publish events reliably. (Bloom's Taxonomy Level 3: Application & Troubleshooting)."
sys-1k-0243,Distributed Consensus (Raft & Paxos),hard,"Under Raft consensus rules, why will a follower node refuse to vote for a candidate even if the candidate's term is higher?","// 5-Node Raft Cluster
// Node 1 initiates election with Term 4",If the candidate's log is less up-to-date (has lower last log term or shorter log length) than the follower's own log.,If the candidate's IP address is numerically higher than the follower.,If the follower has been online for more than 10 minutes.,If the candidate uses UDP packets instead of TCP.,A,"The Raft Leader Completeness invariant requires that a follower grants a vote only if the candidate's log is at least as up-to-date as the voter's own log (higher term, or same term with longer index). (Bloom's Taxonomy Level 3: Application & Troubleshooting)."
sys-1k-0244,Distributed Caching & Stampede Mitigation,medium,How does the XFetch algorithm eliminate Cache Stampede (Thundering Herd) when a hot key expires under high concurrency?,"// XFetch Algorithm:
// if ( -delta * beta * ln(random()) ) >= remaining_ttl -> trigger refresh","The probability of a background reader recalculating and updating the cache key increases asymptotically to 1.0 as TTL nears zero, refreshing the cache prior to actual expiry.",It drops all incoming traffic when the cache key reaches 0 TTL.,It locks all Redis shards to single-threaded sequential execution.,It forces the client browser to compute the database query.,A,"XFetch probabilistically triggers early refresh based on computation cost (delta) and TTL. A single reader refreshes the cache ahead of expiration, preventing massive database thundering herds. (Bloom's Taxonomy Level 3: Application & Troubleshooting)."
sys-1k-0245,Distributed Rate Limiting,easy,Why is a Redis Lua script essential for distributed rate limiting across multiple app servers?,"local key = KEYS[1]
local limit = tonumber(ARGV[1])
local current = tonumber(redis.call('get', key) or '0')
if current + 1 > limit then return 0 else redis.call('incrby', key, 1) return 1 end","Redis executes Lua scripts atomically in its single-threaded event loop, preventing Time-of-Check to Time-of-Use (TOCTOU) race conditions across concurrent servers.",Lua scripts execute inside the client's browser JavaScript engine.,Separate GET and SET commands are banned by HTTP/2.,Lua scripts store rate limit counters in CPU registers.,A,"Separate GET and SET calls allow concurrent servers to interleave commands, exceeding rate limits. Lua scripts execute atomically in Redis without race conditions. (Bloom's Taxonomy Level 3: Application & Troubleshooting)."
sys-1k-0246,Database Storage Engines & Indexing,hard,"Why do write-heavy distributed databases (Cassandra, RocksDB) utilize Log-Structured Merge-Trees instead of B-Trees?",// LSM Pipeline: Append to WAL -> Insert into MemTable -> Flush to SSTables,"LSM-Trees transform random disk writes into sequential append-only writes, maximizing disk throughput and minimizing disk write amplification.",B-Trees cannot store numeric floating point values.,LSM-Trees do not use persistent disk storage.,LSM-Trees perform random in-place updates directly on flash memory.,A,"B-Trees perform random in-place disk page updates, causing heavy write amplification. LSM-Trees append sequentially to WAL and MemTable, periodically compacting immutable SSTables. (Bloom's Taxonomy Level 3: Application & Troubleshooting)."
sys-1k-0247,Message Queues & Kafka Internals,medium,How does the Kafka Transaction Coordinator prevent zombie producers from committing split-brain transactions after a network partition?,"producer.initTransactions();
producer.beginTransaction();
producer.send(record);
producer.commitTransaction();","It increments the producer epoch for that transactional.id, causing brokers to reject any subsequent writes from the old producer instance with ProducerFencedException.",It blocks the old producer's IP address on the Linux kernel firewall.,It automatically deletes the target topic partition.,It forces all broker nodes to reboot.,A,"When a new producer instance initializes with a transactional ID, the coordinator bumps the epoch. Any late writes from the old zombie instance are rejected with ProducerFencedException. (Bloom's Taxonomy Level 3: Application & Troubleshooting)."
sys-1k-0248,Consistent Hashing & Partitioning,easy,What critical problem do Virtual Nodes solve in Consistent Hashing topologies?,"// Hash Ring: 0 to 2^32 - 1
// Physical Nodes mapped to 150 Virtual Nodes each","They prevent hot-spot data skew by distributing token positions evenly across the hash ring, ensuring uniform load distribution when nodes join or leave.",They eliminate the need for hash functions.,They reduce network bandwidth to zero.,They convert distributed hash tables into single-node in-memory lists.,A,"Without virtual nodes, a small cluster has uneven hash token distribution. Mapping each physical server to 100-200 virtual nodes creates a balanced, uniform distribution across the ring. (Bloom's Taxonomy Level 3: Application & Troubleshooting)."
sys-1k-0249,Distributed Transactions & Saga,hard,Why is Orchestrated Saga preferred over Choreographed Saga for complex distributed workflows with many microservice dependencies?,"// Order Saga Orchestrator:
// 1. ReserveStock -> 2. ProcessPayment -> 3. DispatchShipment
// If Step 2 fails -> Trigger CompensateStock()","An Orchestrator provides a centralized state machine with clear compensation visibility, preventing cyclic event mesh deadlocks and event spaghetti.",Choreography is prohibited by ISO 20022 standards.,Orchestrator eliminates network communication between services.,Choreography consumes 100x more memory than orchestration.,A,"In complex workflows, an orchestrator coordinates transactions centrally, tracks timeouts, and invokes compensating rollbacks predictably without tangled event dependencies. (Bloom's Taxonomy Level 3: Application & Troubleshooting)."
sys-1k-0250,Transactional Outbox & CDC,medium,How does the Transactional Outbox pattern paired with Debezium CDC prevent data inconsistencies compared to dual writes?,"// Local ACID Transaction:
orderRepo.save(order);
outboxRepo.save(new OutboxEvent(""OrderCreated"", order.getId()));",The entity update and outbox record are committed atomically in the same local database transaction; Debezium streams WAL commits to Kafka with at-least-once guarantee.,It converts Kafka topics into relational database tables.,It eliminates the need for database transaction logs entirely.,It guarantees zero network latency across microservices.,A,"Dual-writes fail if the DB commit succeeds but Kafka send fails. The Outbox pattern writes to the local DB table atomically, and Debezium tails the database WAL to publish events reliably. (Bloom's Taxonomy Level 3: Application & Troubleshooting)."
sys-1k-0251,Distributed Consensus (Raft & Paxos),easy,"Under Raft consensus rules, why will a follower node refuse to vote for a candidate even if the candidate's term is higher?","// 5-Node Raft Cluster
// Node 1 initiates election with Term 4",If the candidate's log is less up-to-date (has lower last log term or shorter log length) than the follower's own log.,If the candidate's IP address is numerically higher than the follower.,If the follower has been online for more than 10 minutes.,If the candidate uses UDP packets instead of TCP.,A,"The Raft Leader Completeness invariant requires that a follower grants a vote only if the candidate's log is at least as up-to-date as the voter's own log (higher term, or same term with longer index). (Bloom's Taxonomy Level 3: Application & Troubleshooting)."
sys-1k-0252,Distributed Caching & Stampede Mitigation,hard,How does the XFetch algorithm eliminate Cache Stampede (Thundering Herd) when a hot key expires under high concurrency?,"// XFetch Algorithm:
// if ( -delta * beta * ln(random()) ) >= remaining_ttl -> trigger refresh","The probability of a background reader recalculating and updating the cache key increases asymptotically to 1.0 as TTL nears zero, refreshing the cache prior to actual expiry.",It drops all incoming traffic when the cache key reaches 0 TTL.,It locks all Redis shards to single-threaded sequential execution.,It forces the client browser to compute the database query.,A,"XFetch probabilistically triggers early refresh based on computation cost (delta) and TTL. A single reader refreshes the cache ahead of expiration, preventing massive database thundering herds. (Bloom's Taxonomy Level 3: Application & Troubleshooting)."
sys-1k-0253,Distributed Rate Limiting,medium,Why is a Redis Lua script essential for distributed rate limiting across multiple app servers?,"local key = KEYS[1]
local limit = tonumber(ARGV[1])
local current = tonumber(redis.call('get', key) or '0')
if current + 1 > limit then return 0 else redis.call('incrby', key, 1) return 1 end","Redis executes Lua scripts atomically in its single-threaded event loop, preventing Time-of-Check to Time-of-Use (TOCTOU) race conditions across concurrent servers.",Lua scripts execute inside the client's browser JavaScript engine.,Separate GET and SET commands are banned by HTTP/2.,Lua scripts store rate limit counters in CPU registers.,A,"Separate GET and SET calls allow concurrent servers to interleave commands, exceeding rate limits. Lua scripts execute atomically in Redis without race conditions. (Bloom's Taxonomy Level 3: Application & Troubleshooting)."
sys-1k-0254,Database Storage Engines & Indexing,easy,"Why do write-heavy distributed databases (Cassandra, RocksDB) utilize Log-Structured Merge-Trees instead of B-Trees?",// LSM Pipeline: Append to WAL -> Insert into MemTable -> Flush to SSTables,"LSM-Trees transform random disk writes into sequential append-only writes, maximizing disk throughput and minimizing disk write amplification.",B-Trees cannot store numeric floating point values.,LSM-Trees do not use persistent disk storage.,LSM-Trees perform random in-place updates directly on flash memory.,A,"B-Trees perform random in-place disk page updates, causing heavy write amplification. LSM-Trees append sequentially to WAL and MemTable, periodically compacting immutable SSTables. (Bloom's Taxonomy Level 3: Application & Troubleshooting)."
sys-1k-0255,Message Queues & Kafka Internals,hard,How does the Kafka Transaction Coordinator prevent zombie producers from committing split-brain transactions after a network partition?,"producer.initTransactions();
producer.beginTransaction();
producer.send(record);
producer.commitTransaction();","It increments the producer epoch for that transactional.id, causing brokers to reject any subsequent writes from the old producer instance with ProducerFencedException.",It blocks the old producer's IP address on the Linux kernel firewall.,It automatically deletes the target topic partition.,It forces all broker nodes to reboot.,A,"When a new producer instance initializes with a transactional ID, the coordinator bumps the epoch. Any late writes from the old zombie instance are rejected with ProducerFencedException. (Bloom's Taxonomy Level 3: Application & Troubleshooting)."
sys-1k-0256,Consistent Hashing & Partitioning,medium,What critical problem do Virtual Nodes solve in Consistent Hashing topologies?,"// Hash Ring: 0 to 2^32 - 1
// Physical Nodes mapped to 150 Virtual Nodes each","They prevent hot-spot data skew by distributing token positions evenly across the hash ring, ensuring uniform load distribution when nodes join or leave.",They eliminate the need for hash functions.,They reduce network bandwidth to zero.,They convert distributed hash tables into single-node in-memory lists.,A,"Without virtual nodes, a small cluster has uneven hash token distribution. Mapping each physical server to 100-200 virtual nodes creates a balanced, uniform distribution across the ring. (Bloom's Taxonomy Level 3: Application & Troubleshooting)."
sys-1k-0257,Distributed Transactions & Saga,easy,Why is Orchestrated Saga preferred over Choreographed Saga for complex distributed workflows with many microservice dependencies?,"// Order Saga Orchestrator:
// 1. ReserveStock -> 2. ProcessPayment -> 3. DispatchShipment
// If Step 2 fails -> Trigger CompensateStock()","An Orchestrator provides a centralized state machine with clear compensation visibility, preventing cyclic event mesh deadlocks and event spaghetti.",Choreography is prohibited by ISO 20022 standards.,Orchestrator eliminates network communication between services.,Choreography consumes 100x more memory than orchestration.,A,"In complex workflows, an orchestrator coordinates transactions centrally, tracks timeouts, and invokes compensating rollbacks predictably without tangled event dependencies. (Bloom's Taxonomy Level 3: Application & Troubleshooting)."
sys-1k-0258,Transactional Outbox & CDC,hard,How does the Transactional Outbox pattern paired with Debezium CDC prevent data inconsistencies compared to dual writes?,"// Local ACID Transaction:
orderRepo.save(order);
outboxRepo.save(new OutboxEvent(""OrderCreated"", order.getId()));",The entity update and outbox record are committed atomically in the same local database transaction; Debezium streams WAL commits to Kafka with at-least-once guarantee.,It converts Kafka topics into relational database tables.,It eliminates the need for database transaction logs entirely.,It guarantees zero network latency across microservices.,A,"Dual-writes fail if the DB commit succeeds but Kafka send fails. The Outbox pattern writes to the local DB table atomically, and Debezium tails the database WAL to publish events reliably. (Bloom's Taxonomy Level 3: Application & Troubleshooting)."
sys-1k-0259,Distributed Consensus (Raft & Paxos),medium,"Under Raft consensus rules, why will a follower node refuse to vote for a candidate even if the candidate's term is higher?","// 5-Node Raft Cluster
// Node 1 initiates election with Term 4",If the candidate's log is less up-to-date (has lower last log term or shorter log length) than the follower's own log.,If the candidate's IP address is numerically higher than the follower.,If the follower has been online for more than 10 minutes.,If the candidate uses UDP packets instead of TCP.,A,"The Raft Leader Completeness invariant requires that a follower grants a vote only if the candidate's log is at least as up-to-date as the voter's own log (higher term, or same term with longer index). (Bloom's Taxonomy Level 3: Application & Troubleshooting)."
sys-1k-0260,Distributed Caching & Stampede Mitigation,easy,How does the XFetch algorithm eliminate Cache Stampede (Thundering Herd) when a hot key expires under high concurrency?,"// XFetch Algorithm:
// if ( -delta * beta * ln(random()) ) >= remaining_ttl -> trigger refresh","The probability of a background reader recalculating and updating the cache key increases asymptotically to 1.0 as TTL nears zero, refreshing the cache prior to actual expiry.",It drops all incoming traffic when the cache key reaches 0 TTL.,It locks all Redis shards to single-threaded sequential execution.,It forces the client browser to compute the database query.,A,"XFetch probabilistically triggers early refresh based on computation cost (delta) and TTL. A single reader refreshes the cache ahead of expiration, preventing massive database thundering herds. (Bloom's Taxonomy Level 3: Application & Troubleshooting)."
sys-1k-0261,Distributed Rate Limiting,hard,Why is a Redis Lua script essential for distributed rate limiting across multiple app servers?,"local key = KEYS[1]
local limit = tonumber(ARGV[1])
local current = tonumber(redis.call('get', key) or '0')
if current + 1 > limit then return 0 else redis.call('incrby', key, 1) return 1 end","Redis executes Lua scripts atomically in its single-threaded event loop, preventing Time-of-Check to Time-of-Use (TOCTOU) race conditions across concurrent servers.",Lua scripts execute inside the client's browser JavaScript engine.,Separate GET and SET commands are banned by HTTP/2.,Lua scripts store rate limit counters in CPU registers.,A,"Separate GET and SET calls allow concurrent servers to interleave commands, exceeding rate limits. Lua scripts execute atomically in Redis without race conditions. (Bloom's Taxonomy Level 3: Application & Troubleshooting)."
sys-1k-0262,Database Storage Engines & Indexing,medium,"Why do write-heavy distributed databases (Cassandra, RocksDB) utilize Log-Structured Merge-Trees instead of B-Trees?",// LSM Pipeline: Append to WAL -> Insert into MemTable -> Flush to SSTables,"LSM-Trees transform random disk writes into sequential append-only writes, maximizing disk throughput and minimizing disk write amplification.",B-Trees cannot store numeric floating point values.,LSM-Trees do not use persistent disk storage.,LSM-Trees perform random in-place updates directly on flash memory.,A,"B-Trees perform random in-place disk page updates, causing heavy write amplification. LSM-Trees append sequentially to WAL and MemTable, periodically compacting immutable SSTables. (Bloom's Taxonomy Level 3: Application & Troubleshooting)."
sys-1k-0263,Message Queues & Kafka Internals,easy,How does the Kafka Transaction Coordinator prevent zombie producers from committing split-brain transactions after a network partition?,"producer.initTransactions();
producer.beginTransaction();
producer.send(record);
producer.commitTransaction();","It increments the producer epoch for that transactional.id, causing brokers to reject any subsequent writes from the old producer instance with ProducerFencedException.",It blocks the old producer's IP address on the Linux kernel firewall.,It automatically deletes the target topic partition.,It forces all broker nodes to reboot.,A,"When a new producer instance initializes with a transactional ID, the coordinator bumps the epoch. Any late writes from the old zombie instance are rejected with ProducerFencedException. (Bloom's Taxonomy Level 3: Application & Troubleshooting)."
sys-1k-0264,Consistent Hashing & Partitioning,hard,What critical problem do Virtual Nodes solve in Consistent Hashing topologies?,"// Hash Ring: 0 to 2^32 - 1
// Physical Nodes mapped to 150 Virtual Nodes each","They prevent hot-spot data skew by distributing token positions evenly across the hash ring, ensuring uniform load distribution when nodes join or leave.",They eliminate the need for hash functions.,They reduce network bandwidth to zero.,They convert distributed hash tables into single-node in-memory lists.,A,"Without virtual nodes, a small cluster has uneven hash token distribution. Mapping each physical server to 100-200 virtual nodes creates a balanced, uniform distribution across the ring. (Bloom's Taxonomy Level 3: Application & Troubleshooting)."
sys-1k-0265,Distributed Transactions & Saga,medium,Why is Orchestrated Saga preferred over Choreographed Saga for complex distributed workflows with many microservice dependencies?,"// Order Saga Orchestrator:
// 1. ReserveStock -> 2. ProcessPayment -> 3. DispatchShipment
// If Step 2 fails -> Trigger CompensateStock()","An Orchestrator provides a centralized state machine with clear compensation visibility, preventing cyclic event mesh deadlocks and event spaghetti.",Choreography is prohibited by ISO 20022 standards.,Orchestrator eliminates network communication between services.,Choreography consumes 100x more memory than orchestration.,A,"In complex workflows, an orchestrator coordinates transactions centrally, tracks timeouts, and invokes compensating rollbacks predictably without tangled event dependencies. (Bloom's Taxonomy Level 3: Application & Troubleshooting)."
sys-1k-0266,Transactional Outbox & CDC,easy,How does the Transactional Outbox pattern paired with Debezium CDC prevent data inconsistencies compared to dual writes?,"// Local ACID Transaction:
orderRepo.save(order);
outboxRepo.save(new OutboxEvent(""OrderCreated"", order.getId()));",The entity update and outbox record are committed atomically in the same local database transaction; Debezium streams WAL commits to Kafka with at-least-once guarantee.,It converts Kafka topics into relational database tables.,It eliminates the need for database transaction logs entirely.,It guarantees zero network latency across microservices.,A,"Dual-writes fail if the DB commit succeeds but Kafka send fails. The Outbox pattern writes to the local DB table atomically, and Debezium tails the database WAL to publish events reliably. (Bloom's Taxonomy Level 3: Application & Troubleshooting)."
sys-1k-0267,Distributed Consensus (Raft & Paxos),hard,"Under Raft consensus rules, why will a follower node refuse to vote for a candidate even if the candidate's term is higher?","// 5-Node Raft Cluster
// Node 1 initiates election with Term 4",If the candidate's log is less up-to-date (has lower last log term or shorter log length) than the follower's own log.,If the candidate's IP address is numerically higher than the follower.,If the follower has been online for more than 10 minutes.,If the candidate uses UDP packets instead of TCP.,A,"The Raft Leader Completeness invariant requires that a follower grants a vote only if the candidate's log is at least as up-to-date as the voter's own log (higher term, or same term with longer index). (Bloom's Taxonomy Level 3: Application & Troubleshooting)."
sys-1k-0268,Distributed Caching & Stampede Mitigation,medium,How does the XFetch algorithm eliminate Cache Stampede (Thundering Herd) when a hot key expires under high concurrency?,"// XFetch Algorithm:
// if ( -delta * beta * ln(random()) ) >= remaining_ttl -> trigger refresh","The probability of a background reader recalculating and updating the cache key increases asymptotically to 1.0 as TTL nears zero, refreshing the cache prior to actual expiry.",It drops all incoming traffic when the cache key reaches 0 TTL.,It locks all Redis shards to single-threaded sequential execution.,It forces the client browser to compute the database query.,A,"XFetch probabilistically triggers early refresh based on computation cost (delta) and TTL. A single reader refreshes the cache ahead of expiration, preventing massive database thundering herds. (Bloom's Taxonomy Level 3: Application & Troubleshooting)."
sys-1k-0269,Distributed Rate Limiting,easy,Why is a Redis Lua script essential for distributed rate limiting across multiple app servers?,"local key = KEYS[1]
local limit = tonumber(ARGV[1])
local current = tonumber(redis.call('get', key) or '0')
if current + 1 > limit then return 0 else redis.call('incrby', key, 1) return 1 end","Redis executes Lua scripts atomically in its single-threaded event loop, preventing Time-of-Check to Time-of-Use (TOCTOU) race conditions across concurrent servers.",Lua scripts execute inside the client's browser JavaScript engine.,Separate GET and SET commands are banned by HTTP/2.,Lua scripts store rate limit counters in CPU registers.,A,"Separate GET and SET calls allow concurrent servers to interleave commands, exceeding rate limits. Lua scripts execute atomically in Redis without race conditions. (Bloom's Taxonomy Level 3: Application & Troubleshooting)."
sys-1k-0270,Database Storage Engines & Indexing,hard,"Why do write-heavy distributed databases (Cassandra, RocksDB) utilize Log-Structured Merge-Trees instead of B-Trees?",// LSM Pipeline: Append to WAL -> Insert into MemTable -> Flush to SSTables,"LSM-Trees transform random disk writes into sequential append-only writes, maximizing disk throughput and minimizing disk write amplification.",B-Trees cannot store numeric floating point values.,LSM-Trees do not use persistent disk storage.,LSM-Trees perform random in-place updates directly on flash memory.,A,"B-Trees perform random in-place disk page updates, causing heavy write amplification. LSM-Trees append sequentially to WAL and MemTable, periodically compacting immutable SSTables. (Bloom's Taxonomy Level 3: Application & Troubleshooting)."
sys-1k-0271,Message Queues & Kafka Internals,medium,How does the Kafka Transaction Coordinator prevent zombie producers from committing split-brain transactions after a network partition?,"producer.initTransactions();
producer.beginTransaction();
producer.send(record);
producer.commitTransaction();","It increments the producer epoch for that transactional.id, causing brokers to reject any subsequent writes from the old producer instance with ProducerFencedException.",It blocks the old producer's IP address on the Linux kernel firewall.,It automatically deletes the target topic partition.,It forces all broker nodes to reboot.,A,"When a new producer instance initializes with a transactional ID, the coordinator bumps the epoch. Any late writes from the old zombie instance are rejected with ProducerFencedException. (Bloom's Taxonomy Level 3: Application & Troubleshooting)."
sys-1k-0272,Consistent Hashing & Partitioning,easy,What critical problem do Virtual Nodes solve in Consistent Hashing topologies?,"// Hash Ring: 0 to 2^32 - 1
// Physical Nodes mapped to 150 Virtual Nodes each","They prevent hot-spot data skew by distributing token positions evenly across the hash ring, ensuring uniform load distribution when nodes join or leave.",They eliminate the need for hash functions.,They reduce network bandwidth to zero.,They convert distributed hash tables into single-node in-memory lists.,A,"Without virtual nodes, a small cluster has uneven hash token distribution. Mapping each physical server to 100-200 virtual nodes creates a balanced, uniform distribution across the ring. (Bloom's Taxonomy Level 3: Application & Troubleshooting)."
sys-1k-0273,Distributed Transactions & Saga,hard,Why is Orchestrated Saga preferred over Choreographed Saga for complex distributed workflows with many microservice dependencies?,"// Order Saga Orchestrator:
// 1. ReserveStock -> 2. ProcessPayment -> 3. DispatchShipment
// If Step 2 fails -> Trigger CompensateStock()","An Orchestrator provides a centralized state machine with clear compensation visibility, preventing cyclic event mesh deadlocks and event spaghetti.",Choreography is prohibited by ISO 20022 standards.,Orchestrator eliminates network communication between services.,Choreography consumes 100x more memory than orchestration.,A,"In complex workflows, an orchestrator coordinates transactions centrally, tracks timeouts, and invokes compensating rollbacks predictably without tangled event dependencies. (Bloom's Taxonomy Level 3: Application & Troubleshooting)."
sys-1k-0274,Transactional Outbox & CDC,medium,How does the Transactional Outbox pattern paired with Debezium CDC prevent data inconsistencies compared to dual writes?,"// Local ACID Transaction:
orderRepo.save(order);
outboxRepo.save(new OutboxEvent(""OrderCreated"", order.getId()));",The entity update and outbox record are committed atomically in the same local database transaction; Debezium streams WAL commits to Kafka with at-least-once guarantee.,It converts Kafka topics into relational database tables.,It eliminates the need for database transaction logs entirely.,It guarantees zero network latency across microservices.,A,"Dual-writes fail if the DB commit succeeds but Kafka send fails. The Outbox pattern writes to the local DB table atomically, and Debezium tails the database WAL to publish events reliably. (Bloom's Taxonomy Level 3: Application & Troubleshooting)."
sys-1k-0275,Distributed Consensus (Raft & Paxos),easy,"Under Raft consensus rules, why will a follower node refuse to vote for a candidate even if the candidate's term is higher?","// 5-Node Raft Cluster
// Node 1 initiates election with Term 4",If the candidate's log is less up-to-date (has lower last log term or shorter log length) than the follower's own log.,If the candidate's IP address is numerically higher than the follower.,If the follower has been online for more than 10 minutes.,If the candidate uses UDP packets instead of TCP.,A,"The Raft Leader Completeness invariant requires that a follower grants a vote only if the candidate's log is at least as up-to-date as the voter's own log (higher term, or same term with longer index). (Bloom's Taxonomy Level 3: Application & Troubleshooting)."
sys-1k-0276,Distributed Caching & Stampede Mitigation,hard,How does the XFetch algorithm eliminate Cache Stampede (Thundering Herd) when a hot key expires under high concurrency?,"// XFetch Algorithm:
// if ( -delta * beta * ln(random()) ) >= remaining_ttl -> trigger refresh","The probability of a background reader recalculating and updating the cache key increases asymptotically to 1.0 as TTL nears zero, refreshing the cache prior to actual expiry.",It drops all incoming traffic when the cache key reaches 0 TTL.,It locks all Redis shards to single-threaded sequential execution.,It forces the client browser to compute the database query.,A,"XFetch probabilistically triggers early refresh based on computation cost (delta) and TTL. A single reader refreshes the cache ahead of expiration, preventing massive database thundering herds. (Bloom's Taxonomy Level 3: Application & Troubleshooting)."
sys-1k-0277,Distributed Rate Limiting,medium,Why is a Redis Lua script essential for distributed rate limiting across multiple app servers?,"local key = KEYS[1]
local limit = tonumber(ARGV[1])
local current = tonumber(redis.call('get', key) or '0')
if current + 1 > limit then return 0 else redis.call('incrby', key, 1) return 1 end","Redis executes Lua scripts atomically in its single-threaded event loop, preventing Time-of-Check to Time-of-Use (TOCTOU) race conditions across concurrent servers.",Lua scripts execute inside the client's browser JavaScript engine.,Separate GET and SET commands are banned by HTTP/2.,Lua scripts store rate limit counters in CPU registers.,A,"Separate GET and SET calls allow concurrent servers to interleave commands, exceeding rate limits. Lua scripts execute atomically in Redis without race conditions. (Bloom's Taxonomy Level 3: Application & Troubleshooting)."
sys-1k-0278,Database Storage Engines & Indexing,easy,"Why do write-heavy distributed databases (Cassandra, RocksDB) utilize Log-Structured Merge-Trees instead of B-Trees?",// LSM Pipeline: Append to WAL -> Insert into MemTable -> Flush to SSTables,"LSM-Trees transform random disk writes into sequential append-only writes, maximizing disk throughput and minimizing disk write amplification.",B-Trees cannot store numeric floating point values.,LSM-Trees do not use persistent disk storage.,LSM-Trees perform random in-place updates directly on flash memory.,A,"B-Trees perform random in-place disk page updates, causing heavy write amplification. LSM-Trees append sequentially to WAL and MemTable, periodically compacting immutable SSTables. (Bloom's Taxonomy Level 3: Application & Troubleshooting)."
sys-1k-0279,Message Queues & Kafka Internals,hard,How does the Kafka Transaction Coordinator prevent zombie producers from committing split-brain transactions after a network partition?,"producer.initTransactions();
producer.beginTransaction();
producer.send(record);
producer.commitTransaction();","It increments the producer epoch for that transactional.id, causing brokers to reject any subsequent writes from the old producer instance with ProducerFencedException.",It blocks the old producer's IP address on the Linux kernel firewall.,It automatically deletes the target topic partition.,It forces all broker nodes to reboot.,A,"When a new producer instance initializes with a transactional ID, the coordinator bumps the epoch. Any late writes from the old zombie instance are rejected with ProducerFencedException. (Bloom's Taxonomy Level 3: Application & Troubleshooting)."
sys-1k-0280,Consistent Hashing & Partitioning,medium,What critical problem do Virtual Nodes solve in Consistent Hashing topologies?,"// Hash Ring: 0 to 2^32 - 1
// Physical Nodes mapped to 150 Virtual Nodes each","They prevent hot-spot data skew by distributing token positions evenly across the hash ring, ensuring uniform load distribution when nodes join or leave.",They eliminate the need for hash functions.,They reduce network bandwidth to zero.,They convert distributed hash tables into single-node in-memory lists.,A,"Without virtual nodes, a small cluster has uneven hash token distribution. Mapping each physical server to 100-200 virtual nodes creates a balanced, uniform distribution across the ring. (Bloom's Taxonomy Level 3: Application & Troubleshooting)."
sys-1k-0281,Distributed Transactions & Saga,easy,Why is Orchestrated Saga preferred over Choreographed Saga for complex distributed workflows with many microservice dependencies?,"// Order Saga Orchestrator:
// 1. ReserveStock -> 2. ProcessPayment -> 3. DispatchShipment
// If Step 2 fails -> Trigger CompensateStock()","An Orchestrator provides a centralized state machine with clear compensation visibility, preventing cyclic event mesh deadlocks and event spaghetti.",Choreography is prohibited by ISO 20022 standards.,Orchestrator eliminates network communication between services.,Choreography consumes 100x more memory than orchestration.,A,"In complex workflows, an orchestrator coordinates transactions centrally, tracks timeouts, and invokes compensating rollbacks predictably without tangled event dependencies. (Bloom's Taxonomy Level 3: Application & Troubleshooting)."
sys-1k-0282,Transactional Outbox & CDC,hard,How does the Transactional Outbox pattern paired with Debezium CDC prevent data inconsistencies compared to dual writes?,"// Local ACID Transaction:
orderRepo.save(order);
outboxRepo.save(new OutboxEvent(""OrderCreated"", order.getId()));",The entity update and outbox record are committed atomically in the same local database transaction; Debezium streams WAL commits to Kafka with at-least-once guarantee.,It converts Kafka topics into relational database tables.,It eliminates the need for database transaction logs entirely.,It guarantees zero network latency across microservices.,A,"Dual-writes fail if the DB commit succeeds but Kafka send fails. The Outbox pattern writes to the local DB table atomically, and Debezium tails the database WAL to publish events reliably. (Bloom's Taxonomy Level 3: Application & Troubleshooting)."
sys-1k-0283,Distributed Consensus (Raft & Paxos),medium,"Under Raft consensus rules, why will a follower node refuse to vote for a candidate even if the candidate's term is higher?","// 5-Node Raft Cluster
// Node 1 initiates election with Term 4",If the candidate's log is less up-to-date (has lower last log term or shorter log length) than the follower's own log.,If the candidate's IP address is numerically higher than the follower.,If the follower has been online for more than 10 minutes.,If the candidate uses UDP packets instead of TCP.,A,"The Raft Leader Completeness invariant requires that a follower grants a vote only if the candidate's log is at least as up-to-date as the voter's own log (higher term, or same term with longer index). (Bloom's Taxonomy Level 3: Application & Troubleshooting)."
sys-1k-0284,Distributed Caching & Stampede Mitigation,easy,How does the XFetch algorithm eliminate Cache Stampede (Thundering Herd) when a hot key expires under high concurrency?,"// XFetch Algorithm:
// if ( -delta * beta * ln(random()) ) >= remaining_ttl -> trigger refresh","The probability of a background reader recalculating and updating the cache key increases asymptotically to 1.0 as TTL nears zero, refreshing the cache prior to actual expiry.",It drops all incoming traffic when the cache key reaches 0 TTL.,It locks all Redis shards to single-threaded sequential execution.,It forces the client browser to compute the database query.,A,"XFetch probabilistically triggers early refresh based on computation cost (delta) and TTL. A single reader refreshes the cache ahead of expiration, preventing massive database thundering herds. (Bloom's Taxonomy Level 3: Application & Troubleshooting)."
sys-1k-0285,Distributed Rate Limiting,hard,Why is a Redis Lua script essential for distributed rate limiting across multiple app servers?,"local key = KEYS[1]
local limit = tonumber(ARGV[1])
local current = tonumber(redis.call('get', key) or '0')
if current + 1 > limit then return 0 else redis.call('incrby', key, 1) return 1 end","Redis executes Lua scripts atomically in its single-threaded event loop, preventing Time-of-Check to Time-of-Use (TOCTOU) race conditions across concurrent servers.",Lua scripts execute inside the client's browser JavaScript engine.,Separate GET and SET commands are banned by HTTP/2.,Lua scripts store rate limit counters in CPU registers.,A,"Separate GET and SET calls allow concurrent servers to interleave commands, exceeding rate limits. Lua scripts execute atomically in Redis without race conditions. (Bloom's Taxonomy Level 3: Application & Troubleshooting)."
sys-1k-0286,Database Storage Engines & Indexing,medium,"Why do write-heavy distributed databases (Cassandra, RocksDB) utilize Log-Structured Merge-Trees instead of B-Trees?",// LSM Pipeline: Append to WAL -> Insert into MemTable -> Flush to SSTables,"LSM-Trees transform random disk writes into sequential append-only writes, maximizing disk throughput and minimizing disk write amplification.",B-Trees cannot store numeric floating point values.,LSM-Trees do not use persistent disk storage.,LSM-Trees perform random in-place updates directly on flash memory.,A,"B-Trees perform random in-place disk page updates, causing heavy write amplification. LSM-Trees append sequentially to WAL and MemTable, periodically compacting immutable SSTables. (Bloom's Taxonomy Level 3: Application & Troubleshooting)."
sys-1k-0287,Message Queues & Kafka Internals,easy,How does the Kafka Transaction Coordinator prevent zombie producers from committing split-brain transactions after a network partition?,"producer.initTransactions();
producer.beginTransaction();
producer.send(record);
producer.commitTransaction();","It increments the producer epoch for that transactional.id, causing brokers to reject any subsequent writes from the old producer instance with ProducerFencedException.",It blocks the old producer's IP address on the Linux kernel firewall.,It automatically deletes the target topic partition.,It forces all broker nodes to reboot.,A,"When a new producer instance initializes with a transactional ID, the coordinator bumps the epoch. Any late writes from the old zombie instance are rejected with ProducerFencedException. (Bloom's Taxonomy Level 3: Application & Troubleshooting)."
sys-1k-0288,Consistent Hashing & Partitioning,hard,What critical problem do Virtual Nodes solve in Consistent Hashing topologies?,"// Hash Ring: 0 to 2^32 - 1
// Physical Nodes mapped to 150 Virtual Nodes each","They prevent hot-spot data skew by distributing token positions evenly across the hash ring, ensuring uniform load distribution when nodes join or leave.",They eliminate the need for hash functions.,They reduce network bandwidth to zero.,They convert distributed hash tables into single-node in-memory lists.,A,"Without virtual nodes, a small cluster has uneven hash token distribution. Mapping each physical server to 100-200 virtual nodes creates a balanced, uniform distribution across the ring. (Bloom's Taxonomy Level 3: Application & Troubleshooting)."
sys-1k-0289,Distributed Transactions & Saga,medium,Why is Orchestrated Saga preferred over Choreographed Saga for complex distributed workflows with many microservice dependencies?,"// Order Saga Orchestrator:
// 1. ReserveStock -> 2. ProcessPayment -> 3. DispatchShipment
// If Step 2 fails -> Trigger CompensateStock()","An Orchestrator provides a centralized state machine with clear compensation visibility, preventing cyclic event mesh deadlocks and event spaghetti.",Choreography is prohibited by ISO 20022 standards.,Orchestrator eliminates network communication between services.,Choreography consumes 100x more memory than orchestration.,A,"In complex workflows, an orchestrator coordinates transactions centrally, tracks timeouts, and invokes compensating rollbacks predictably without tangled event dependencies. (Bloom's Taxonomy Level 3: Application & Troubleshooting)."
sys-1k-0290,Transactional Outbox & CDC,easy,How does the Transactional Outbox pattern paired with Debezium CDC prevent data inconsistencies compared to dual writes?,"// Local ACID Transaction:
orderRepo.save(order);
outboxRepo.save(new OutboxEvent(""OrderCreated"", order.getId()));",The entity update and outbox record are committed atomically in the same local database transaction; Debezium streams WAL commits to Kafka with at-least-once guarantee.,It converts Kafka topics into relational database tables.,It eliminates the need for database transaction logs entirely.,It guarantees zero network latency across microservices.,A,"Dual-writes fail if the DB commit succeeds but Kafka send fails. The Outbox pattern writes to the local DB table atomically, and Debezium tails the database WAL to publish events reliably. (Bloom's Taxonomy Level 3: Application & Troubleshooting)."
sys-1k-0291,Distributed Consensus (Raft & Paxos),hard,"Under Raft consensus rules, why will a follower node refuse to vote for a candidate even if the candidate's term is higher?","// 5-Node Raft Cluster
// Node 1 initiates election with Term 4",If the candidate's log is less up-to-date (has lower last log term or shorter log length) than the follower's own log.,If the candidate's IP address is numerically higher than the follower.,If the follower has been online for more than 10 minutes.,If the candidate uses UDP packets instead of TCP.,A,"The Raft Leader Completeness invariant requires that a follower grants a vote only if the candidate's log is at least as up-to-date as the voter's own log (higher term, or same term with longer index). (Bloom's Taxonomy Level 3: Application & Troubleshooting)."
sys-1k-0292,Distributed Caching & Stampede Mitigation,medium,How does the XFetch algorithm eliminate Cache Stampede (Thundering Herd) when a hot key expires under high concurrency?,"// XFetch Algorithm:
// if ( -delta * beta * ln(random()) ) >= remaining_ttl -> trigger refresh","The probability of a background reader recalculating and updating the cache key increases asymptotically to 1.0 as TTL nears zero, refreshing the cache prior to actual expiry.",It drops all incoming traffic when the cache key reaches 0 TTL.,It locks all Redis shards to single-threaded sequential execution.,It forces the client browser to compute the database query.,A,"XFetch probabilistically triggers early refresh based on computation cost (delta) and TTL. A single reader refreshes the cache ahead of expiration, preventing massive database thundering herds. (Bloom's Taxonomy Level 3: Application & Troubleshooting)."
sys-1k-0293,Distributed Rate Limiting,easy,Why is a Redis Lua script essential for distributed rate limiting across multiple app servers?,"local key = KEYS[1]
local limit = tonumber(ARGV[1])
local current = tonumber(redis.call('get', key) or '0')
if current + 1 > limit then return 0 else redis.call('incrby', key, 1) return 1 end","Redis executes Lua scripts atomically in its single-threaded event loop, preventing Time-of-Check to Time-of-Use (TOCTOU) race conditions across concurrent servers.",Lua scripts execute inside the client's browser JavaScript engine.,Separate GET and SET commands are banned by HTTP/2.,Lua scripts store rate limit counters in CPU registers.,A,"Separate GET and SET calls allow concurrent servers to interleave commands, exceeding rate limits. Lua scripts execute atomically in Redis without race conditions. (Bloom's Taxonomy Level 3: Application & Troubleshooting)."
sys-1k-0294,Database Storage Engines & Indexing,hard,"Why do write-heavy distributed databases (Cassandra, RocksDB) utilize Log-Structured Merge-Trees instead of B-Trees?",// LSM Pipeline: Append to WAL -> Insert into MemTable -> Flush to SSTables,"LSM-Trees transform random disk writes into sequential append-only writes, maximizing disk throughput and minimizing disk write amplification.",B-Trees cannot store numeric floating point values.,LSM-Trees do not use persistent disk storage.,LSM-Trees perform random in-place updates directly on flash memory.,A,"B-Trees perform random in-place disk page updates, causing heavy write amplification. LSM-Trees append sequentially to WAL and MemTable, periodically compacting immutable SSTables. (Bloom's Taxonomy Level 3: Application & Troubleshooting)."
sys-1k-0295,Message Queues & Kafka Internals,medium,How does the Kafka Transaction Coordinator prevent zombie producers from committing split-brain transactions after a network partition?,"producer.initTransactions();
producer.beginTransaction();
producer.send(record);
producer.commitTransaction();","It increments the producer epoch for that transactional.id, causing brokers to reject any subsequent writes from the old producer instance with ProducerFencedException.",It blocks the old producer's IP address on the Linux kernel firewall.,It automatically deletes the target topic partition.,It forces all broker nodes to reboot.,A,"When a new producer instance initializes with a transactional ID, the coordinator bumps the epoch. Any late writes from the old zombie instance are rejected with ProducerFencedException. (Bloom's Taxonomy Level 3: Application & Troubleshooting)."
sys-1k-0296,Consistent Hashing & Partitioning,easy,What critical problem do Virtual Nodes solve in Consistent Hashing topologies?,"// Hash Ring: 0 to 2^32 - 1
// Physical Nodes mapped to 150 Virtual Nodes each","They prevent hot-spot data skew by distributing token positions evenly across the hash ring, ensuring uniform load distribution when nodes join or leave.",They eliminate the need for hash functions.,They reduce network bandwidth to zero.,They convert distributed hash tables into single-node in-memory lists.,A,"Without virtual nodes, a small cluster has uneven hash token distribution. Mapping each physical server to 100-200 virtual nodes creates a balanced, uniform distribution across the ring. (Bloom's Taxonomy Level 3: Application & Troubleshooting)."
sys-1k-0297,Distributed Transactions & Saga,hard,Why is Orchestrated Saga preferred over Choreographed Saga for complex distributed workflows with many microservice dependencies?,"// Order Saga Orchestrator:
// 1. ReserveStock -> 2. ProcessPayment -> 3. DispatchShipment
// If Step 2 fails -> Trigger CompensateStock()","An Orchestrator provides a centralized state machine with clear compensation visibility, preventing cyclic event mesh deadlocks and event spaghetti.",Choreography is prohibited by ISO 20022 standards.,Orchestrator eliminates network communication between services.,Choreography consumes 100x more memory than orchestration.,A,"In complex workflows, an orchestrator coordinates transactions centrally, tracks timeouts, and invokes compensating rollbacks predictably without tangled event dependencies. (Bloom's Taxonomy Level 3: Application & Troubleshooting)."
sys-1k-0298,Transactional Outbox & CDC,medium,How does the Transactional Outbox pattern paired with Debezium CDC prevent data inconsistencies compared to dual writes?,"// Local ACID Transaction:
orderRepo.save(order);
outboxRepo.save(new OutboxEvent(""OrderCreated"", order.getId()));",The entity update and outbox record are committed atomically in the same local database transaction; Debezium streams WAL commits to Kafka with at-least-once guarantee.,It converts Kafka topics into relational database tables.,It eliminates the need for database transaction logs entirely.,It guarantees zero network latency across microservices.,A,"Dual-writes fail if the DB commit succeeds but Kafka send fails. The Outbox pattern writes to the local DB table atomically, and Debezium tails the database WAL to publish events reliably. (Bloom's Taxonomy Level 3: Application & Troubleshooting)."
sys-1k-0299,Distributed Consensus (Raft & Paxos),easy,"Under Raft consensus rules, why will a follower node refuse to vote for a candidate even if the candidate's term is higher?","// 5-Node Raft Cluster
// Node 1 initiates election with Term 4",If the candidate's log is less up-to-date (has lower last log term or shorter log length) than the follower's own log.,If the candidate's IP address is numerically higher than the follower.,If the follower has been online for more than 10 minutes.,If the candidate uses UDP packets instead of TCP.,A,"The Raft Leader Completeness invariant requires that a follower grants a vote only if the candidate's log is at least as up-to-date as the voter's own log (higher term, or same term with longer index). (Bloom's Taxonomy Level 3: Application & Troubleshooting)."
sys-1k-0300,Distributed Caching & Stampede Mitigation,hard,How does the XFetch algorithm eliminate Cache Stampede (Thundering Herd) when a hot key expires under high concurrency?,"// XFetch Algorithm:
// if ( -delta * beta * ln(random()) ) >= remaining_ttl -> trigger refresh","The probability of a background reader recalculating and updating the cache key increases asymptotically to 1.0 as TTL nears zero, refreshing the cache prior to actual expiry.",It drops all incoming traffic when the cache key reaches 0 TTL.,It locks all Redis shards to single-threaded sequential execution.,It forces the client browser to compute the database query.,A,"XFetch probabilistically triggers early refresh based on computation cost (delta) and TTL. A single reader refreshes the cache ahead of expiration, preventing massive database thundering herds. (Bloom's Taxonomy Level 3: Application & Troubleshooting)."
sys-1k-0301,Distributed Rate Limiting,medium,Why is a Redis Lua script essential for distributed rate limiting across multiple app servers?,"local key = KEYS[1]
local limit = tonumber(ARGV[1])
local current = tonumber(redis.call('get', key) or '0')
if current + 1 > limit then return 0 else redis.call('incrby', key, 1) return 1 end","Redis executes Lua scripts atomically in its single-threaded event loop, preventing Time-of-Check to Time-of-Use (TOCTOU) race conditions across concurrent servers.",Lua scripts execute inside the client's browser JavaScript engine.,Separate GET and SET commands are banned by HTTP/2.,Lua scripts store rate limit counters in CPU registers.,A,"Separate GET and SET calls allow concurrent servers to interleave commands, exceeding rate limits. Lua scripts execute atomically in Redis without race conditions. (Bloom's Taxonomy Level 3: Application & Troubleshooting)."
sys-1k-0302,Database Storage Engines & Indexing,easy,"Why do write-heavy distributed databases (Cassandra, RocksDB) utilize Log-Structured Merge-Trees instead of B-Trees?",// LSM Pipeline: Append to WAL -> Insert into MemTable -> Flush to SSTables,"LSM-Trees transform random disk writes into sequential append-only writes, maximizing disk throughput and minimizing disk write amplification.",B-Trees cannot store numeric floating point values.,LSM-Trees do not use persistent disk storage.,LSM-Trees perform random in-place updates directly on flash memory.,A,"B-Trees perform random in-place disk page updates, causing heavy write amplification. LSM-Trees append sequentially to WAL and MemTable, periodically compacting immutable SSTables. (Bloom's Taxonomy Level 3: Application & Troubleshooting)."
sys-1k-0303,Message Queues & Kafka Internals,hard,How does the Kafka Transaction Coordinator prevent zombie producers from committing split-brain transactions after a network partition?,"producer.initTransactions();
producer.beginTransaction();
producer.send(record);
producer.commitTransaction();","It increments the producer epoch for that transactional.id, causing brokers to reject any subsequent writes from the old producer instance with ProducerFencedException.",It blocks the old producer's IP address on the Linux kernel firewall.,It automatically deletes the target topic partition.,It forces all broker nodes to reboot.,A,"When a new producer instance initializes with a transactional ID, the coordinator bumps the epoch. Any late writes from the old zombie instance are rejected with ProducerFencedException. (Bloom's Taxonomy Level 3: Application & Troubleshooting)."
sys-1k-0304,Consistent Hashing & Partitioning,medium,What critical problem do Virtual Nodes solve in Consistent Hashing topologies?,"// Hash Ring: 0 to 2^32 - 1
// Physical Nodes mapped to 150 Virtual Nodes each","They prevent hot-spot data skew by distributing token positions evenly across the hash ring, ensuring uniform load distribution when nodes join or leave.",They eliminate the need for hash functions.,They reduce network bandwidth to zero.,They convert distributed hash tables into single-node in-memory lists.,A,"Without virtual nodes, a small cluster has uneven hash token distribution. Mapping each physical server to 100-200 virtual nodes creates a balanced, uniform distribution across the ring. (Bloom's Taxonomy Level 3: Application & Troubleshooting)."
sys-1k-0305,Distributed Transactions & Saga,easy,Why is Orchestrated Saga preferred over Choreographed Saga for complex distributed workflows with many microservice dependencies?,"// Order Saga Orchestrator:
// 1. ReserveStock -> 2. ProcessPayment -> 3. DispatchShipment
// If Step 2 fails -> Trigger CompensateStock()","An Orchestrator provides a centralized state machine with clear compensation visibility, preventing cyclic event mesh deadlocks and event spaghetti.",Choreography is prohibited by ISO 20022 standards.,Orchestrator eliminates network communication between services.,Choreography consumes 100x more memory than orchestration.,A,"In complex workflows, an orchestrator coordinates transactions centrally, tracks timeouts, and invokes compensating rollbacks predictably without tangled event dependencies. (Bloom's Taxonomy Level 3: Application & Troubleshooting)."
sys-1k-0306,Transactional Outbox & CDC,hard,How does the Transactional Outbox pattern paired with Debezium CDC prevent data inconsistencies compared to dual writes?,"// Local ACID Transaction:
orderRepo.save(order);
outboxRepo.save(new OutboxEvent(""OrderCreated"", order.getId()));",The entity update and outbox record are committed atomically in the same local database transaction; Debezium streams WAL commits to Kafka with at-least-once guarantee.,It converts Kafka topics into relational database tables.,It eliminates the need for database transaction logs entirely.,It guarantees zero network latency across microservices.,A,"Dual-writes fail if the DB commit succeeds but Kafka send fails. The Outbox pattern writes to the local DB table atomically, and Debezium tails the database WAL to publish events reliably. (Bloom's Taxonomy Level 3: Application & Troubleshooting)."
sys-1k-0307,Distributed Consensus (Raft & Paxos),medium,"Under Raft consensus rules, why will a follower node refuse to vote for a candidate even if the candidate's term is higher?","// 5-Node Raft Cluster
// Node 1 initiates election with Term 4",If the candidate's log is less up-to-date (has lower last log term or shorter log length) than the follower's own log.,If the candidate's IP address is numerically higher than the follower.,If the follower has been online for more than 10 minutes.,If the candidate uses UDP packets instead of TCP.,A,"The Raft Leader Completeness invariant requires that a follower grants a vote only if the candidate's log is at least as up-to-date as the voter's own log (higher term, or same term with longer index). (Bloom's Taxonomy Level 3: Application & Troubleshooting)."
sys-1k-0308,Distributed Caching & Stampede Mitigation,easy,How does the XFetch algorithm eliminate Cache Stampede (Thundering Herd) when a hot key expires under high concurrency?,"// XFetch Algorithm:
// if ( -delta * beta * ln(random()) ) >= remaining_ttl -> trigger refresh","The probability of a background reader recalculating and updating the cache key increases asymptotically to 1.0 as TTL nears zero, refreshing the cache prior to actual expiry.",It drops all incoming traffic when the cache key reaches 0 TTL.,It locks all Redis shards to single-threaded sequential execution.,It forces the client browser to compute the database query.,A,"XFetch probabilistically triggers early refresh based on computation cost (delta) and TTL. A single reader refreshes the cache ahead of expiration, preventing massive database thundering herds. (Bloom's Taxonomy Level 3: Application & Troubleshooting)."
sys-1k-0309,Distributed Rate Limiting,hard,Why is a Redis Lua script essential for distributed rate limiting across multiple app servers?,"local key = KEYS[1]
local limit = tonumber(ARGV[1])
local current = tonumber(redis.call('get', key) or '0')
if current + 1 > limit then return 0 else redis.call('incrby', key, 1) return 1 end","Redis executes Lua scripts atomically in its single-threaded event loop, preventing Time-of-Check to Time-of-Use (TOCTOU) race conditions across concurrent servers.",Lua scripts execute inside the client's browser JavaScript engine.,Separate GET and SET commands are banned by HTTP/2.,Lua scripts store rate limit counters in CPU registers.,A,"Separate GET and SET calls allow concurrent servers to interleave commands, exceeding rate limits. Lua scripts execute atomically in Redis without race conditions. (Bloom's Taxonomy Level 3: Application & Troubleshooting)."
sys-1k-0310,Database Storage Engines & Indexing,medium,"Why do write-heavy distributed databases (Cassandra, RocksDB) utilize Log-Structured Merge-Trees instead of B-Trees?",// LSM Pipeline: Append to WAL -> Insert into MemTable -> Flush to SSTables,"LSM-Trees transform random disk writes into sequential append-only writes, maximizing disk throughput and minimizing disk write amplification.",B-Trees cannot store numeric floating point values.,LSM-Trees do not use persistent disk storage.,LSM-Trees perform random in-place updates directly on flash memory.,A,"B-Trees perform random in-place disk page updates, causing heavy write amplification. LSM-Trees append sequentially to WAL and MemTable, periodically compacting immutable SSTables. (Bloom's Taxonomy Level 3: Application & Troubleshooting)."
sys-1k-0311,Message Queues & Kafka Internals,easy,How does the Kafka Transaction Coordinator prevent zombie producers from committing split-brain transactions after a network partition?,"producer.initTransactions();
producer.beginTransaction();
producer.send(record);
producer.commitTransaction();","It increments the producer epoch for that transactional.id, causing brokers to reject any subsequent writes from the old producer instance with ProducerFencedException.",It blocks the old producer's IP address on the Linux kernel firewall.,It automatically deletes the target topic partition.,It forces all broker nodes to reboot.,A,"When a new producer instance initializes with a transactional ID, the coordinator bumps the epoch. Any late writes from the old zombie instance are rejected with ProducerFencedException. (Bloom's Taxonomy Level 3: Application & Troubleshooting)."
sys-1k-0312,Consistent Hashing & Partitioning,hard,What critical problem do Virtual Nodes solve in Consistent Hashing topologies?,"// Hash Ring: 0 to 2^32 - 1
// Physical Nodes mapped to 150 Virtual Nodes each","They prevent hot-spot data skew by distributing token positions evenly across the hash ring, ensuring uniform load distribution when nodes join or leave.",They eliminate the need for hash functions.,They reduce network bandwidth to zero.,They convert distributed hash tables into single-node in-memory lists.,A,"Without virtual nodes, a small cluster has uneven hash token distribution. Mapping each physical server to 100-200 virtual nodes creates a balanced, uniform distribution across the ring. (Bloom's Taxonomy Level 3: Application & Troubleshooting)."
sys-1k-0313,Distributed Transactions & Saga,medium,Why is Orchestrated Saga preferred over Choreographed Saga for complex distributed workflows with many microservice dependencies?,"// Order Saga Orchestrator:
// 1. ReserveStock -> 2. ProcessPayment -> 3. DispatchShipment
// If Step 2 fails -> Trigger CompensateStock()","An Orchestrator provides a centralized state machine with clear compensation visibility, preventing cyclic event mesh deadlocks and event spaghetti.",Choreography is prohibited by ISO 20022 standards.,Orchestrator eliminates network communication between services.,Choreography consumes 100x more memory than orchestration.,A,"In complex workflows, an orchestrator coordinates transactions centrally, tracks timeouts, and invokes compensating rollbacks predictably without tangled event dependencies. (Bloom's Taxonomy Level 3: Application & Troubleshooting)."
sys-1k-0314,Transactional Outbox & CDC,easy,How does the Transactional Outbox pattern paired with Debezium CDC prevent data inconsistencies compared to dual writes?,"// Local ACID Transaction:
orderRepo.save(order);
outboxRepo.save(new OutboxEvent(""OrderCreated"", order.getId()));",The entity update and outbox record are committed atomically in the same local database transaction; Debezium streams WAL commits to Kafka with at-least-once guarantee.,It converts Kafka topics into relational database tables.,It eliminates the need for database transaction logs entirely.,It guarantees zero network latency across microservices.,A,"Dual-writes fail if the DB commit succeeds but Kafka send fails. The Outbox pattern writes to the local DB table atomically, and Debezium tails the database WAL to publish events reliably. (Bloom's Taxonomy Level 3: Application & Troubleshooting)."
sys-1k-0315,Distributed Consensus (Raft & Paxos),hard,"Under Raft consensus rules, why will a follower node refuse to vote for a candidate even if the candidate's term is higher?","// 5-Node Raft Cluster
// Node 1 initiates election with Term 4",If the candidate's log is less up-to-date (has lower last log term or shorter log length) than the follower's own log.,If the candidate's IP address is numerically higher than the follower.,If the follower has been online for more than 10 minutes.,If the candidate uses UDP packets instead of TCP.,A,"The Raft Leader Completeness invariant requires that a follower grants a vote only if the candidate's log is at least as up-to-date as the voter's own log (higher term, or same term with longer index). (Bloom's Taxonomy Level 3: Application & Troubleshooting)."
sys-1k-0316,Distributed Caching & Stampede Mitigation,medium,How does the XFetch algorithm eliminate Cache Stampede (Thundering Herd) when a hot key expires under high concurrency?,"// XFetch Algorithm:
// if ( -delta * beta * ln(random()) ) >= remaining_ttl -> trigger refresh","The probability of a background reader recalculating and updating the cache key increases asymptotically to 1.0 as TTL nears zero, refreshing the cache prior to actual expiry.",It drops all incoming traffic when the cache key reaches 0 TTL.,It locks all Redis shards to single-threaded sequential execution.,It forces the client browser to compute the database query.,A,"XFetch probabilistically triggers early refresh based on computation cost (delta) and TTL. A single reader refreshes the cache ahead of expiration, preventing massive database thundering herds. (Bloom's Taxonomy Level 3: Application & Troubleshooting)."
sys-1k-0317,Distributed Rate Limiting,easy,Why is a Redis Lua script essential for distributed rate limiting across multiple app servers?,"local key = KEYS[1]
local limit = tonumber(ARGV[1])
local current = tonumber(redis.call('get', key) or '0')
if current + 1 > limit then return 0 else redis.call('incrby', key, 1) return 1 end","Redis executes Lua scripts atomically in its single-threaded event loop, preventing Time-of-Check to Time-of-Use (TOCTOU) race conditions across concurrent servers.",Lua scripts execute inside the client's browser JavaScript engine.,Separate GET and SET commands are banned by HTTP/2.,Lua scripts store rate limit counters in CPU registers.,A,"Separate GET and SET calls allow concurrent servers to interleave commands, exceeding rate limits. Lua scripts execute atomically in Redis without race conditions. (Bloom's Taxonomy Level 3: Application & Troubleshooting)."
sys-1k-0318,Database Storage Engines & Indexing,hard,"Why do write-heavy distributed databases (Cassandra, RocksDB) utilize Log-Structured Merge-Trees instead of B-Trees?",// LSM Pipeline: Append to WAL -> Insert into MemTable -> Flush to SSTables,"LSM-Trees transform random disk writes into sequential append-only writes, maximizing disk throughput and minimizing disk write amplification.",B-Trees cannot store numeric floating point values.,LSM-Trees do not use persistent disk storage.,LSM-Trees perform random in-place updates directly on flash memory.,A,"B-Trees perform random in-place disk page updates, causing heavy write amplification. LSM-Trees append sequentially to WAL and MemTable, periodically compacting immutable SSTables. (Bloom's Taxonomy Level 3: Application & Troubleshooting)."
sys-1k-0319,Message Queues & Kafka Internals,medium,How does the Kafka Transaction Coordinator prevent zombie producers from committing split-brain transactions after a network partition?,"producer.initTransactions();
producer.beginTransaction();
producer.send(record);
producer.commitTransaction();","It increments the producer epoch for that transactional.id, causing brokers to reject any subsequent writes from the old producer instance with ProducerFencedException.",It blocks the old producer's IP address on the Linux kernel firewall.,It automatically deletes the target topic partition.,It forces all broker nodes to reboot.,A,"When a new producer instance initializes with a transactional ID, the coordinator bumps the epoch. Any late writes from the old zombie instance are rejected with ProducerFencedException. (Bloom's Taxonomy Level 3: Application & Troubleshooting)."
sys-1k-0320,Consistent Hashing & Partitioning,easy,What critical problem do Virtual Nodes solve in Consistent Hashing topologies?,"// Hash Ring: 0 to 2^32 - 1
// Physical Nodes mapped to 150 Virtual Nodes each","They prevent hot-spot data skew by distributing token positions evenly across the hash ring, ensuring uniform load distribution when nodes join or leave.",They eliminate the need for hash functions.,They reduce network bandwidth to zero.,They convert distributed hash tables into single-node in-memory lists.,A,"Without virtual nodes, a small cluster has uneven hash token distribution. Mapping each physical server to 100-200 virtual nodes creates a balanced, uniform distribution across the ring. (Bloom's Taxonomy Level 3: Application & Troubleshooting)."
sys-1k-0321,Distributed Transactions & Saga,hard,Why is Orchestrated Saga preferred over Choreographed Saga for complex distributed workflows with many microservice dependencies?,"// Order Saga Orchestrator:
// 1. ReserveStock -> 2. ProcessPayment -> 3. DispatchShipment
// If Step 2 fails -> Trigger CompensateStock()","An Orchestrator provides a centralized state machine with clear compensation visibility, preventing cyclic event mesh deadlocks and event spaghetti.",Choreography is prohibited by ISO 20022 standards.,Orchestrator eliminates network communication between services.,Choreography consumes 100x more memory than orchestration.,A,"In complex workflows, an orchestrator coordinates transactions centrally, tracks timeouts, and invokes compensating rollbacks predictably without tangled event dependencies. (Bloom's Taxonomy Level 3: Application & Troubleshooting)."
sys-1k-0322,Transactional Outbox & CDC,medium,How does the Transactional Outbox pattern paired with Debezium CDC prevent data inconsistencies compared to dual writes?,"// Local ACID Transaction:
orderRepo.save(order);
outboxRepo.save(new OutboxEvent(""OrderCreated"", order.getId()));",The entity update and outbox record are committed atomically in the same local database transaction; Debezium streams WAL commits to Kafka with at-least-once guarantee.,It converts Kafka topics into relational database tables.,It eliminates the need for database transaction logs entirely.,It guarantees zero network latency across microservices.,A,"Dual-writes fail if the DB commit succeeds but Kafka send fails. The Outbox pattern writes to the local DB table atomically, and Debezium tails the database WAL to publish events reliably. (Bloom's Taxonomy Level 3: Application & Troubleshooting)."
sys-1k-0323,Distributed Consensus (Raft & Paxos),easy,"Under Raft consensus rules, why will a follower node refuse to vote for a candidate even if the candidate's term is higher?","// 5-Node Raft Cluster
// Node 1 initiates election with Term 4",If the candidate's log is less up-to-date (has lower last log term or shorter log length) than the follower's own log.,If the candidate's IP address is numerically higher than the follower.,If the follower has been online for more than 10 minutes.,If the candidate uses UDP packets instead of TCP.,A,"The Raft Leader Completeness invariant requires that a follower grants a vote only if the candidate's log is at least as up-to-date as the voter's own log (higher term, or same term with longer index). (Bloom's Taxonomy Level 3: Application & Troubleshooting)."
sys-1k-0324,Distributed Caching & Stampede Mitigation,hard,How does the XFetch algorithm eliminate Cache Stampede (Thundering Herd) when a hot key expires under high concurrency?,"// XFetch Algorithm:
// if ( -delta * beta * ln(random()) ) >= remaining_ttl -> trigger refresh","The probability of a background reader recalculating and updating the cache key increases asymptotically to 1.0 as TTL nears zero, refreshing the cache prior to actual expiry.",It drops all incoming traffic when the cache key reaches 0 TTL.,It locks all Redis shards to single-threaded sequential execution.,It forces the client browser to compute the database query.,A,"XFetch probabilistically triggers early refresh based on computation cost (delta) and TTL. A single reader refreshes the cache ahead of expiration, preventing massive database thundering herds. (Bloom's Taxonomy Level 3: Application & Troubleshooting)."
sys-1k-0325,Distributed Rate Limiting,medium,Why is a Redis Lua script essential for distributed rate limiting across multiple app servers?,"local key = KEYS[1]
local limit = tonumber(ARGV[1])
local current = tonumber(redis.call('get', key) or '0')
if current + 1 > limit then return 0 else redis.call('incrby', key, 1) return 1 end","Redis executes Lua scripts atomically in its single-threaded event loop, preventing Time-of-Check to Time-of-Use (TOCTOU) race conditions across concurrent servers.",Lua scripts execute inside the client's browser JavaScript engine.,Separate GET and SET commands are banned by HTTP/2.,Lua scripts store rate limit counters in CPU registers.,A,"Separate GET and SET calls allow concurrent servers to interleave commands, exceeding rate limits. Lua scripts execute atomically in Redis without race conditions. (Bloom's Taxonomy Level 3: Application & Troubleshooting)."
sys-1k-0326,Database Storage Engines & Indexing,easy,"Why do write-heavy distributed databases (Cassandra, RocksDB) utilize Log-Structured Merge-Trees instead of B-Trees?",// LSM Pipeline: Append to WAL -> Insert into MemTable -> Flush to SSTables,"LSM-Trees transform random disk writes into sequential append-only writes, maximizing disk throughput and minimizing disk write amplification.",B-Trees cannot store numeric floating point values.,LSM-Trees do not use persistent disk storage.,LSM-Trees perform random in-place updates directly on flash memory.,A,"B-Trees perform random in-place disk page updates, causing heavy write amplification. LSM-Trees append sequentially to WAL and MemTable, periodically compacting immutable SSTables. (Bloom's Taxonomy Level 3: Application & Troubleshooting)."
sys-1k-0327,Message Queues & Kafka Internals,hard,How does the Kafka Transaction Coordinator prevent zombie producers from committing split-brain transactions after a network partition?,"producer.initTransactions();
producer.beginTransaction();
producer.send(record);
producer.commitTransaction();","It increments the producer epoch for that transactional.id, causing brokers to reject any subsequent writes from the old producer instance with ProducerFencedException.",It blocks the old producer's IP address on the Linux kernel firewall.,It automatically deletes the target topic partition.,It forces all broker nodes to reboot.,A,"When a new producer instance initializes with a transactional ID, the coordinator bumps the epoch. Any late writes from the old zombie instance are rejected with ProducerFencedException. (Bloom's Taxonomy Level 3: Application & Troubleshooting)."
sys-1k-0328,Consistent Hashing & Partitioning,medium,What critical problem do Virtual Nodes solve in Consistent Hashing topologies?,"// Hash Ring: 0 to 2^32 - 1
// Physical Nodes mapped to 150 Virtual Nodes each","They prevent hot-spot data skew by distributing token positions evenly across the hash ring, ensuring uniform load distribution when nodes join or leave.",They eliminate the need for hash functions.,They reduce network bandwidth to zero.,They convert distributed hash tables into single-node in-memory lists.,A,"Without virtual nodes, a small cluster has uneven hash token distribution. Mapping each physical server to 100-200 virtual nodes creates a balanced, uniform distribution across the ring. (Bloom's Taxonomy Level 3: Application & Troubleshooting)."
sys-1k-0329,Distributed Transactions & Saga,easy,Why is Orchestrated Saga preferred over Choreographed Saga for complex distributed workflows with many microservice dependencies?,"// Order Saga Orchestrator:
// 1. ReserveStock -> 2. ProcessPayment -> 3. DispatchShipment
// If Step 2 fails -> Trigger CompensateStock()","An Orchestrator provides a centralized state machine with clear compensation visibility, preventing cyclic event mesh deadlocks and event spaghetti.",Choreography is prohibited by ISO 20022 standards.,Orchestrator eliminates network communication between services.,Choreography consumes 100x more memory than orchestration.,A,"In complex workflows, an orchestrator coordinates transactions centrally, tracks timeouts, and invokes compensating rollbacks predictably without tangled event dependencies. (Bloom's Taxonomy Level 3: Application & Troubleshooting)."
sys-1k-0330,Transactional Outbox & CDC,hard,How does the Transactional Outbox pattern paired with Debezium CDC prevent data inconsistencies compared to dual writes?,"// Local ACID Transaction:
orderRepo.save(order);
outboxRepo.save(new OutboxEvent(""OrderCreated"", order.getId()));",The entity update and outbox record are committed atomically in the same local database transaction; Debezium streams WAL commits to Kafka with at-least-once guarantee.,It converts Kafka topics into relational database tables.,It eliminates the need for database transaction logs entirely.,It guarantees zero network latency across microservices.,A,"Dual-writes fail if the DB commit succeeds but Kafka send fails. The Outbox pattern writes to the local DB table atomically, and Debezium tails the database WAL to publish events reliably. (Bloom's Taxonomy Level 3: Application & Troubleshooting)."
sys-1k-0331,Distributed Consensus (Raft & Paxos),medium,"Under Raft consensus rules, why will a follower node refuse to vote for a candidate even if the candidate's term is higher?","// 5-Node Raft Cluster
// Node 1 initiates election with Term 4",If the candidate's log is less up-to-date (has lower last log term or shorter log length) than the follower's own log.,If the candidate's IP address is numerically higher than the follower.,If the follower has been online for more than 10 minutes.,If the candidate uses UDP packets instead of TCP.,A,"The Raft Leader Completeness invariant requires that a follower grants a vote only if the candidate's log is at least as up-to-date as the voter's own log (higher term, or same term with longer index). (Bloom's Taxonomy Level 3: Application & Troubleshooting)."
sys-1k-0332,Distributed Caching & Stampede Mitigation,easy,How does the XFetch algorithm eliminate Cache Stampede (Thundering Herd) when a hot key expires under high concurrency?,"// XFetch Algorithm:
// if ( -delta * beta * ln(random()) ) >= remaining_ttl -> trigger refresh","The probability of a background reader recalculating and updating the cache key increases asymptotically to 1.0 as TTL nears zero, refreshing the cache prior to actual expiry.",It drops all incoming traffic when the cache key reaches 0 TTL.,It locks all Redis shards to single-threaded sequential execution.,It forces the client browser to compute the database query.,A,"XFetch probabilistically triggers early refresh based on computation cost (delta) and TTL. A single reader refreshes the cache ahead of expiration, preventing massive database thundering herds. (Bloom's Taxonomy Level 3: Application & Troubleshooting)."
sys-1k-0333,Distributed Rate Limiting,hard,Why is a Redis Lua script essential for distributed rate limiting across multiple app servers?,"local key = KEYS[1]
local limit = tonumber(ARGV[1])
local current = tonumber(redis.call('get', key) or '0')
if current + 1 > limit then return 0 else redis.call('incrby', key, 1) return 1 end","Redis executes Lua scripts atomically in its single-threaded event loop, preventing Time-of-Check to Time-of-Use (TOCTOU) race conditions across concurrent servers.",Lua scripts execute inside the client's browser JavaScript engine.,Separate GET and SET commands are banned by HTTP/2.,Lua scripts store rate limit counters in CPU registers.,A,"Separate GET and SET calls allow concurrent servers to interleave commands, exceeding rate limits. Lua scripts execute atomically in Redis without race conditions. (Bloom's Taxonomy Level 3: Application & Troubleshooting)."
sys-1k-0334,Database Storage Engines & Indexing,medium,"Why do write-heavy distributed databases (Cassandra, RocksDB) utilize Log-Structured Merge-Trees instead of B-Trees?",// LSM Pipeline: Append to WAL -> Insert into MemTable -> Flush to SSTables,"LSM-Trees transform random disk writes into sequential append-only writes, maximizing disk throughput and minimizing disk write amplification.",B-Trees cannot store numeric floating point values.,LSM-Trees do not use persistent disk storage.,LSM-Trees perform random in-place updates directly on flash memory.,A,"B-Trees perform random in-place disk page updates, causing heavy write amplification. LSM-Trees append sequentially to WAL and MemTable, periodically compacting immutable SSTables. (Bloom's Taxonomy Level 3: Application & Troubleshooting)."
sys-1k-0335,Message Queues & Kafka Internals,easy,How does the Kafka Transaction Coordinator prevent zombie producers from committing split-brain transactions after a network partition?,"producer.initTransactions();
producer.beginTransaction();
producer.send(record);
producer.commitTransaction();","It increments the producer epoch for that transactional.id, causing brokers to reject any subsequent writes from the old producer instance with ProducerFencedException.",It blocks the old producer's IP address on the Linux kernel firewall.,It automatically deletes the target topic partition.,It forces all broker nodes to reboot.,A,"When a new producer instance initializes with a transactional ID, the coordinator bumps the epoch. Any late writes from the old zombie instance are rejected with ProducerFencedException. (Bloom's Taxonomy Level 3: Application & Troubleshooting)."
sys-1k-0336,Consistent Hashing & Partitioning,hard,What critical problem do Virtual Nodes solve in Consistent Hashing topologies?,"// Hash Ring: 0 to 2^32 - 1
// Physical Nodes mapped to 150 Virtual Nodes each","They prevent hot-spot data skew by distributing token positions evenly across the hash ring, ensuring uniform load distribution when nodes join or leave.",They eliminate the need for hash functions.,They reduce network bandwidth to zero.,They convert distributed hash tables into single-node in-memory lists.,A,"Without virtual nodes, a small cluster has uneven hash token distribution. Mapping each physical server to 100-200 virtual nodes creates a balanced, uniform distribution across the ring. (Bloom's Taxonomy Level 3: Application & Troubleshooting)."
sys-1k-0337,Distributed Transactions & Saga,medium,Why is Orchestrated Saga preferred over Choreographed Saga for complex distributed workflows with many microservice dependencies?,"// Order Saga Orchestrator:
// 1. ReserveStock -> 2. ProcessPayment -> 3. DispatchShipment
// If Step 2 fails -> Trigger CompensateStock()","An Orchestrator provides a centralized state machine with clear compensation visibility, preventing cyclic event mesh deadlocks and event spaghetti.",Choreography is prohibited by ISO 20022 standards.,Orchestrator eliminates network communication between services.,Choreography consumes 100x more memory than orchestration.,A,"In complex workflows, an orchestrator coordinates transactions centrally, tracks timeouts, and invokes compensating rollbacks predictably without tangled event dependencies. (Bloom's Taxonomy Level 3: Application & Troubleshooting)."
sys-1k-0338,Transactional Outbox & CDC,easy,How does the Transactional Outbox pattern paired with Debezium CDC prevent data inconsistencies compared to dual writes?,"// Local ACID Transaction:
orderRepo.save(order);
outboxRepo.save(new OutboxEvent(""OrderCreated"", order.getId()));",The entity update and outbox record are committed atomically in the same local database transaction; Debezium streams WAL commits to Kafka with at-least-once guarantee.,It converts Kafka topics into relational database tables.,It eliminates the need for database transaction logs entirely.,It guarantees zero network latency across microservices.,A,"Dual-writes fail if the DB commit succeeds but Kafka send fails. The Outbox pattern writes to the local DB table atomically, and Debezium tails the database WAL to publish events reliably. (Bloom's Taxonomy Level 3: Application & Troubleshooting)."
sys-1k-0339,Distributed Consensus (Raft & Paxos),hard,"Under Raft consensus rules, why will a follower node refuse to vote for a candidate even if the candidate's term is higher?","// 5-Node Raft Cluster
// Node 1 initiates election with Term 4",If the candidate's log is less up-to-date (has lower last log term or shorter log length) than the follower's own log.,If the candidate's IP address is numerically higher than the follower.,If the follower has been online for more than 10 minutes.,If the candidate uses UDP packets instead of TCP.,A,"The Raft Leader Completeness invariant requires that a follower grants a vote only if the candidate's log is at least as up-to-date as the voter's own log (higher term, or same term with longer index). (Bloom's Taxonomy Level 3: Application & Troubleshooting)."
sys-1k-0340,Distributed Caching & Stampede Mitigation,medium,How does the XFetch algorithm eliminate Cache Stampede (Thundering Herd) when a hot key expires under high concurrency?,"// XFetch Algorithm:
// if ( -delta * beta * ln(random()) ) >= remaining_ttl -> trigger refresh","The probability of a background reader recalculating and updating the cache key increases asymptotically to 1.0 as TTL nears zero, refreshing the cache prior to actual expiry.",It drops all incoming traffic when the cache key reaches 0 TTL.,It locks all Redis shards to single-threaded sequential execution.,It forces the client browser to compute the database query.,A,"XFetch probabilistically triggers early refresh based on computation cost (delta) and TTL. A single reader refreshes the cache ahead of expiration, preventing massive database thundering herds. (Bloom's Taxonomy Level 3: Application & Troubleshooting)."
sys-1k-0341,Distributed Rate Limiting,easy,Why is a Redis Lua script essential for distributed rate limiting across multiple app servers?,"local key = KEYS[1]
local limit = tonumber(ARGV[1])
local current = tonumber(redis.call('get', key) or '0')
if current + 1 > limit then return 0 else redis.call('incrby', key, 1) return 1 end","Redis executes Lua scripts atomically in its single-threaded event loop, preventing Time-of-Check to Time-of-Use (TOCTOU) race conditions across concurrent servers.",Lua scripts execute inside the client's browser JavaScript engine.,Separate GET and SET commands are banned by HTTP/2.,Lua scripts store rate limit counters in CPU registers.,A,"Separate GET and SET calls allow concurrent servers to interleave commands, exceeding rate limits. Lua scripts execute atomically in Redis without race conditions. (Bloom's Taxonomy Level 3: Application & Troubleshooting)."
sys-1k-0342,Database Storage Engines & Indexing,hard,"Why do write-heavy distributed databases (Cassandra, RocksDB) utilize Log-Structured Merge-Trees instead of B-Trees?",// LSM Pipeline: Append to WAL -> Insert into MemTable -> Flush to SSTables,"LSM-Trees transform random disk writes into sequential append-only writes, maximizing disk throughput and minimizing disk write amplification.",B-Trees cannot store numeric floating point values.,LSM-Trees do not use persistent disk storage.,LSM-Trees perform random in-place updates directly on flash memory.,A,"B-Trees perform random in-place disk page updates, causing heavy write amplification. LSM-Trees append sequentially to WAL and MemTable, periodically compacting immutable SSTables. (Bloom's Taxonomy Level 3: Application & Troubleshooting)."
sys-1k-0343,Message Queues & Kafka Internals,medium,How does the Kafka Transaction Coordinator prevent zombie producers from committing split-brain transactions after a network partition?,"producer.initTransactions();
producer.beginTransaction();
producer.send(record);
producer.commitTransaction();","It increments the producer epoch for that transactional.id, causing brokers to reject any subsequent writes from the old producer instance with ProducerFencedException.",It blocks the old producer's IP address on the Linux kernel firewall.,It automatically deletes the target topic partition.,It forces all broker nodes to reboot.,A,"When a new producer instance initializes with a transactional ID, the coordinator bumps the epoch. Any late writes from the old zombie instance are rejected with ProducerFencedException. (Bloom's Taxonomy Level 3: Application & Troubleshooting)."
sys-1k-0344,Consistent Hashing & Partitioning,easy,What critical problem do Virtual Nodes solve in Consistent Hashing topologies?,"// Hash Ring: 0 to 2^32 - 1
// Physical Nodes mapped to 150 Virtual Nodes each","They prevent hot-spot data skew by distributing token positions evenly across the hash ring, ensuring uniform load distribution when nodes join or leave.",They eliminate the need for hash functions.,They reduce network bandwidth to zero.,They convert distributed hash tables into single-node in-memory lists.,A,"Without virtual nodes, a small cluster has uneven hash token distribution. Mapping each physical server to 100-200 virtual nodes creates a balanced, uniform distribution across the ring. (Bloom's Taxonomy Level 3: Application & Troubleshooting)."
sys-1k-0345,Distributed Transactions & Saga,hard,Why is Orchestrated Saga preferred over Choreographed Saga for complex distributed workflows with many microservice dependencies?,"// Order Saga Orchestrator:
// 1. ReserveStock -> 2. ProcessPayment -> 3. DispatchShipment
// If Step 2 fails -> Trigger CompensateStock()","An Orchestrator provides a centralized state machine with clear compensation visibility, preventing cyclic event mesh deadlocks and event spaghetti.",Choreography is prohibited by ISO 20022 standards.,Orchestrator eliminates network communication between services.,Choreography consumes 100x more memory than orchestration.,A,"In complex workflows, an orchestrator coordinates transactions centrally, tracks timeouts, and invokes compensating rollbacks predictably without tangled event dependencies. (Bloom's Taxonomy Level 3: Application & Troubleshooting)."
sys-1k-0346,Transactional Outbox & CDC,medium,How does the Transactional Outbox pattern paired with Debezium CDC prevent data inconsistencies compared to dual writes?,"// Local ACID Transaction:
orderRepo.save(order);
outboxRepo.save(new OutboxEvent(""OrderCreated"", order.getId()));",The entity update and outbox record are committed atomically in the same local database transaction; Debezium streams WAL commits to Kafka with at-least-once guarantee.,It converts Kafka topics into relational database tables.,It eliminates the need for database transaction logs entirely.,It guarantees zero network latency across microservices.,A,"Dual-writes fail if the DB commit succeeds but Kafka send fails. The Outbox pattern writes to the local DB table atomically, and Debezium tails the database WAL to publish events reliably. (Bloom's Taxonomy Level 3: Application & Troubleshooting)."
sys-1k-0347,Distributed Consensus (Raft & Paxos),easy,"Under Raft consensus rules, why will a follower node refuse to vote for a candidate even if the candidate's term is higher?","// 5-Node Raft Cluster
// Node 1 initiates election with Term 4",If the candidate's log is less up-to-date (has lower last log term or shorter log length) than the follower's own log.,If the candidate's IP address is numerically higher than the follower.,If the follower has been online for more than 10 minutes.,If the candidate uses UDP packets instead of TCP.,A,"The Raft Leader Completeness invariant requires that a follower grants a vote only if the candidate's log is at least as up-to-date as the voter's own log (higher term, or same term with longer index). (Bloom's Taxonomy Level 3: Application & Troubleshooting)."
sys-1k-0348,Distributed Caching & Stampede Mitigation,hard,How does the XFetch algorithm eliminate Cache Stampede (Thundering Herd) when a hot key expires under high concurrency?,"// XFetch Algorithm:
// if ( -delta * beta * ln(random()) ) >= remaining_ttl -> trigger refresh","The probability of a background reader recalculating and updating the cache key increases asymptotically to 1.0 as TTL nears zero, refreshing the cache prior to actual expiry.",It drops all incoming traffic when the cache key reaches 0 TTL.,It locks all Redis shards to single-threaded sequential execution.,It forces the client browser to compute the database query.,A,"XFetch probabilistically triggers early refresh based on computation cost (delta) and TTL. A single reader refreshes the cache ahead of expiration, preventing massive database thundering herds. (Bloom's Taxonomy Level 3: Application & Troubleshooting)."
sys-1k-0349,Distributed Rate Limiting,medium,Why is a Redis Lua script essential for distributed rate limiting across multiple app servers?,"local key = KEYS[1]
local limit = tonumber(ARGV[1])
local current = tonumber(redis.call('get', key) or '0')
if current + 1 > limit then return 0 else redis.call('incrby', key, 1) return 1 end","Redis executes Lua scripts atomically in its single-threaded event loop, preventing Time-of-Check to Time-of-Use (TOCTOU) race conditions across concurrent servers.",Lua scripts execute inside the client's browser JavaScript engine.,Separate GET and SET commands are banned by HTTP/2.,Lua scripts store rate limit counters in CPU registers.,A,"Separate GET and SET calls allow concurrent servers to interleave commands, exceeding rate limits. Lua scripts execute atomically in Redis without race conditions. (Bloom's Taxonomy Level 3: Application & Troubleshooting)."
sys-1k-0350,Database Storage Engines & Indexing,easy,"Why do write-heavy distributed databases (Cassandra, RocksDB) utilize Log-Structured Merge-Trees instead of B-Trees?",// LSM Pipeline: Append to WAL -> Insert into MemTable -> Flush to SSTables,"LSM-Trees transform random disk writes into sequential append-only writes, maximizing disk throughput and minimizing disk write amplification.",B-Trees cannot store numeric floating point values.,LSM-Trees do not use persistent disk storage.,LSM-Trees perform random in-place updates directly on flash memory.,A,"B-Trees perform random in-place disk page updates, causing heavy write amplification. LSM-Trees append sequentially to WAL and MemTable, periodically compacting immutable SSTables. (Bloom's Taxonomy Level 3: Application & Troubleshooting)."
sys-1k-0351,Message Queues & Kafka Internals,hard,How does the Kafka Transaction Coordinator prevent zombie producers from committing split-brain transactions after a network partition?,"producer.initTransactions();
producer.beginTransaction();
producer.send(record);
producer.commitTransaction();","It increments the producer epoch for that transactional.id, causing brokers to reject any subsequent writes from the old producer instance with ProducerFencedException.",It blocks the old producer's IP address on the Linux kernel firewall.,It automatically deletes the target topic partition.,It forces all broker nodes to reboot.,A,"When a new producer instance initializes with a transactional ID, the coordinator bumps the epoch. Any late writes from the old zombie instance are rejected with ProducerFencedException. (Bloom's Taxonomy Level 3: Application & Troubleshooting)."
sys-1k-0352,Consistent Hashing & Partitioning,medium,What critical problem do Virtual Nodes solve in Consistent Hashing topologies?,"// Hash Ring: 0 to 2^32 - 1
// Physical Nodes mapped to 150 Virtual Nodes each","They prevent hot-spot data skew by distributing token positions evenly across the hash ring, ensuring uniform load distribution when nodes join or leave.",They eliminate the need for hash functions.,They reduce network bandwidth to zero.,They convert distributed hash tables into single-node in-memory lists.,A,"Without virtual nodes, a small cluster has uneven hash token distribution. Mapping each physical server to 100-200 virtual nodes creates a balanced, uniform distribution across the ring. (Bloom's Taxonomy Level 3: Application & Troubleshooting)."
sys-1k-0353,Distributed Transactions & Saga,easy,Why is Orchestrated Saga preferred over Choreographed Saga for complex distributed workflows with many microservice dependencies?,"// Order Saga Orchestrator:
// 1. ReserveStock -> 2. ProcessPayment -> 3. DispatchShipment
// If Step 2 fails -> Trigger CompensateStock()","An Orchestrator provides a centralized state machine with clear compensation visibility, preventing cyclic event mesh deadlocks and event spaghetti.",Choreography is prohibited by ISO 20022 standards.,Orchestrator eliminates network communication between services.,Choreography consumes 100x more memory than orchestration.,A,"In complex workflows, an orchestrator coordinates transactions centrally, tracks timeouts, and invokes compensating rollbacks predictably without tangled event dependencies. (Bloom's Taxonomy Level 3: Application & Troubleshooting)."
sys-1k-0354,Transactional Outbox & CDC,hard,How does the Transactional Outbox pattern paired with Debezium CDC prevent data inconsistencies compared to dual writes?,"// Local ACID Transaction:
orderRepo.save(order);
outboxRepo.save(new OutboxEvent(""OrderCreated"", order.getId()));",The entity update and outbox record are committed atomically in the same local database transaction; Debezium streams WAL commits to Kafka with at-least-once guarantee.,It converts Kafka topics into relational database tables.,It eliminates the need for database transaction logs entirely.,It guarantees zero network latency across microservices.,A,"Dual-writes fail if the DB commit succeeds but Kafka send fails. The Outbox pattern writes to the local DB table atomically, and Debezium tails the database WAL to publish events reliably. (Bloom's Taxonomy Level 3: Application & Troubleshooting)."
sys-1k-0355,Distributed Consensus (Raft & Paxos),medium,"Under Raft consensus rules, why will a follower node refuse to vote for a candidate even if the candidate's term is higher?","// 5-Node Raft Cluster
// Node 1 initiates election with Term 4",If the candidate's log is less up-to-date (has lower last log term or shorter log length) than the follower's own log.,If the candidate's IP address is numerically higher than the follower.,If the follower has been online for more than 10 minutes.,If the candidate uses UDP packets instead of TCP.,A,"The Raft Leader Completeness invariant requires that a follower grants a vote only if the candidate's log is at least as up-to-date as the voter's own log (higher term, or same term with longer index). (Bloom's Taxonomy Level 3: Application & Troubleshooting)."
sys-1k-0356,Distributed Caching & Stampede Mitigation,easy,How does the XFetch algorithm eliminate Cache Stampede (Thundering Herd) when a hot key expires under high concurrency?,"// XFetch Algorithm:
// if ( -delta * beta * ln(random()) ) >= remaining_ttl -> trigger refresh","The probability of a background reader recalculating and updating the cache key increases asymptotically to 1.0 as TTL nears zero, refreshing the cache prior to actual expiry.",It drops all incoming traffic when the cache key reaches 0 TTL.,It locks all Redis shards to single-threaded sequential execution.,It forces the client browser to compute the database query.,A,"XFetch probabilistically triggers early refresh based on computation cost (delta) and TTL. A single reader refreshes the cache ahead of expiration, preventing massive database thundering herds. (Bloom's Taxonomy Level 3: Application & Troubleshooting)."
sys-1k-0357,Distributed Rate Limiting,hard,Why is a Redis Lua script essential for distributed rate limiting across multiple app servers?,"local key = KEYS[1]
local limit = tonumber(ARGV[1])
local current = tonumber(redis.call('get', key) or '0')
if current + 1 > limit then return 0 else redis.call('incrby', key, 1) return 1 end","Redis executes Lua scripts atomically in its single-threaded event loop, preventing Time-of-Check to Time-of-Use (TOCTOU) race conditions across concurrent servers.",Lua scripts execute inside the client's browser JavaScript engine.,Separate GET and SET commands are banned by HTTP/2.,Lua scripts store rate limit counters in CPU registers.,A,"Separate GET and SET calls allow concurrent servers to interleave commands, exceeding rate limits. Lua scripts execute atomically in Redis without race conditions. (Bloom's Taxonomy Level 3: Application & Troubleshooting)."
sys-1k-0358,Database Storage Engines & Indexing,medium,"Why do write-heavy distributed databases (Cassandra, RocksDB) utilize Log-Structured Merge-Trees instead of B-Trees?",// LSM Pipeline: Append to WAL -> Insert into MemTable -> Flush to SSTables,"LSM-Trees transform random disk writes into sequential append-only writes, maximizing disk throughput and minimizing disk write amplification.",B-Trees cannot store numeric floating point values.,LSM-Trees do not use persistent disk storage.,LSM-Trees perform random in-place updates directly on flash memory.,A,"B-Trees perform random in-place disk page updates, causing heavy write amplification. LSM-Trees append sequentially to WAL and MemTable, periodically compacting immutable SSTables. (Bloom's Taxonomy Level 3: Application & Troubleshooting)."
sys-1k-0359,Message Queues & Kafka Internals,easy,How does the Kafka Transaction Coordinator prevent zombie producers from committing split-brain transactions after a network partition?,"producer.initTransactions();
producer.beginTransaction();
producer.send(record);
producer.commitTransaction();","It increments the producer epoch for that transactional.id, causing brokers to reject any subsequent writes from the old producer instance with ProducerFencedException.",It blocks the old producer's IP address on the Linux kernel firewall.,It automatically deletes the target topic partition.,It forces all broker nodes to reboot.,A,"When a new producer instance initializes with a transactional ID, the coordinator bumps the epoch. Any late writes from the old zombie instance are rejected with ProducerFencedException. (Bloom's Taxonomy Level 3: Application & Troubleshooting)."
sys-1k-0360,Consistent Hashing & Partitioning,hard,What critical problem do Virtual Nodes solve in Consistent Hashing topologies?,"// Hash Ring: 0 to 2^32 - 1
// Physical Nodes mapped to 150 Virtual Nodes each","They prevent hot-spot data skew by distributing token positions evenly across the hash ring, ensuring uniform load distribution when nodes join or leave.",They eliminate the need for hash functions.,They reduce network bandwidth to zero.,They convert distributed hash tables into single-node in-memory lists.,A,"Without virtual nodes, a small cluster has uneven hash token distribution. Mapping each physical server to 100-200 virtual nodes creates a balanced, uniform distribution across the ring. (Bloom's Taxonomy Level 3: Application & Troubleshooting)."
sys-1k-0361,Distributed Transactions & Saga,medium,Why is Orchestrated Saga preferred over Choreographed Saga for complex distributed workflows with many microservice dependencies?,"// Order Saga Orchestrator:
// 1. ReserveStock -> 2. ProcessPayment -> 3. DispatchShipment
// If Step 2 fails -> Trigger CompensateStock()","An Orchestrator provides a centralized state machine with clear compensation visibility, preventing cyclic event mesh deadlocks and event spaghetti.",Choreography is prohibited by ISO 20022 standards.,Orchestrator eliminates network communication between services.,Choreography consumes 100x more memory than orchestration.,A,"In complex workflows, an orchestrator coordinates transactions centrally, tracks timeouts, and invokes compensating rollbacks predictably without tangled event dependencies. (Bloom's Taxonomy Level 3: Application & Troubleshooting)."
sys-1k-0362,Transactional Outbox & CDC,easy,How does the Transactional Outbox pattern paired with Debezium CDC prevent data inconsistencies compared to dual writes?,"// Local ACID Transaction:
orderRepo.save(order);
outboxRepo.save(new OutboxEvent(""OrderCreated"", order.getId()));",The entity update and outbox record are committed atomically in the same local database transaction; Debezium streams WAL commits to Kafka with at-least-once guarantee.,It converts Kafka topics into relational database tables.,It eliminates the need for database transaction logs entirely.,It guarantees zero network latency across microservices.,A,"Dual-writes fail if the DB commit succeeds but Kafka send fails. The Outbox pattern writes to the local DB table atomically, and Debezium tails the database WAL to publish events reliably. (Bloom's Taxonomy Level 3: Application & Troubleshooting)."
sys-1k-0363,Distributed Consensus (Raft & Paxos),hard,"Under Raft consensus rules, why will a follower node refuse to vote for a candidate even if the candidate's term is higher?","// 5-Node Raft Cluster
// Node 1 initiates election with Term 4",If the candidate's log is less up-to-date (has lower last log term or shorter log length) than the follower's own log.,If the candidate's IP address is numerically higher than the follower.,If the follower has been online for more than 10 minutes.,If the candidate uses UDP packets instead of TCP.,A,"The Raft Leader Completeness invariant requires that a follower grants a vote only if the candidate's log is at least as up-to-date as the voter's own log (higher term, or same term with longer index). (Bloom's Taxonomy Level 3: Application & Troubleshooting)."
sys-1k-0364,Distributed Caching & Stampede Mitigation,medium,How does the XFetch algorithm eliminate Cache Stampede (Thundering Herd) when a hot key expires under high concurrency?,"// XFetch Algorithm:
// if ( -delta * beta * ln(random()) ) >= remaining_ttl -> trigger refresh","The probability of a background reader recalculating and updating the cache key increases asymptotically to 1.0 as TTL nears zero, refreshing the cache prior to actual expiry.",It drops all incoming traffic when the cache key reaches 0 TTL.,It locks all Redis shards to single-threaded sequential execution.,It forces the client browser to compute the database query.,A,"XFetch probabilistically triggers early refresh based on computation cost (delta) and TTL. A single reader refreshes the cache ahead of expiration, preventing massive database thundering herds. (Bloom's Taxonomy Level 3: Application & Troubleshooting)."
sys-1k-0365,Distributed Rate Limiting,easy,Why is a Redis Lua script essential for distributed rate limiting across multiple app servers?,"local key = KEYS[1]
local limit = tonumber(ARGV[1])
local current = tonumber(redis.call('get', key) or '0')
if current + 1 > limit then return 0 else redis.call('incrby', key, 1) return 1 end","Redis executes Lua scripts atomically in its single-threaded event loop, preventing Time-of-Check to Time-of-Use (TOCTOU) race conditions across concurrent servers.",Lua scripts execute inside the client's browser JavaScript engine.,Separate GET and SET commands are banned by HTTP/2.,Lua scripts store rate limit counters in CPU registers.,A,"Separate GET and SET calls allow concurrent servers to interleave commands, exceeding rate limits. Lua scripts execute atomically in Redis without race conditions. (Bloom's Taxonomy Level 3: Application & Troubleshooting)."
sys-1k-0366,Database Storage Engines & Indexing,hard,"Why do write-heavy distributed databases (Cassandra, RocksDB) utilize Log-Structured Merge-Trees instead of B-Trees?",// LSM Pipeline: Append to WAL -> Insert into MemTable -> Flush to SSTables,"LSM-Trees transform random disk writes into sequential append-only writes, maximizing disk throughput and minimizing disk write amplification.",B-Trees cannot store numeric floating point values.,LSM-Trees do not use persistent disk storage.,LSM-Trees perform random in-place updates directly on flash memory.,A,"B-Trees perform random in-place disk page updates, causing heavy write amplification. LSM-Trees append sequentially to WAL and MemTable, periodically compacting immutable SSTables. (Bloom's Taxonomy Level 3: Application & Troubleshooting)."
sys-1k-0367,Message Queues & Kafka Internals,medium,How does the Kafka Transaction Coordinator prevent zombie producers from committing split-brain transactions after a network partition?,"producer.initTransactions();
producer.beginTransaction();
producer.send(record);
producer.commitTransaction();","It increments the producer epoch for that transactional.id, causing brokers to reject any subsequent writes from the old producer instance with ProducerFencedException.",It blocks the old producer's IP address on the Linux kernel firewall.,It automatically deletes the target topic partition.,It forces all broker nodes to reboot.,A,"When a new producer instance initializes with a transactional ID, the coordinator bumps the epoch. Any late writes from the old zombie instance are rejected with ProducerFencedException. (Bloom's Taxonomy Level 3: Application & Troubleshooting)."
sys-1k-0368,Consistent Hashing & Partitioning,easy,What critical problem do Virtual Nodes solve in Consistent Hashing topologies?,"// Hash Ring: 0 to 2^32 - 1
// Physical Nodes mapped to 150 Virtual Nodes each","They prevent hot-spot data skew by distributing token positions evenly across the hash ring, ensuring uniform load distribution when nodes join or leave.",They eliminate the need for hash functions.,They reduce network bandwidth to zero.,They convert distributed hash tables into single-node in-memory lists.,A,"Without virtual nodes, a small cluster has uneven hash token distribution. Mapping each physical server to 100-200 virtual nodes creates a balanced, uniform distribution across the ring. (Bloom's Taxonomy Level 3: Application & Troubleshooting)."
sys-1k-0369,Distributed Transactions & Saga,hard,Why is Orchestrated Saga preferred over Choreographed Saga for complex distributed workflows with many microservice dependencies?,"// Order Saga Orchestrator:
// 1. ReserveStock -> 2. ProcessPayment -> 3. DispatchShipment
// If Step 2 fails -> Trigger CompensateStock()","An Orchestrator provides a centralized state machine with clear compensation visibility, preventing cyclic event mesh deadlocks and event spaghetti.",Choreography is prohibited by ISO 20022 standards.,Orchestrator eliminates network communication between services.,Choreography consumes 100x more memory than orchestration.,A,"In complex workflows, an orchestrator coordinates transactions centrally, tracks timeouts, and invokes compensating rollbacks predictably without tangled event dependencies. (Bloom's Taxonomy Level 3: Application & Troubleshooting)."
sys-1k-0370,Transactional Outbox & CDC,medium,How does the Transactional Outbox pattern paired with Debezium CDC prevent data inconsistencies compared to dual writes?,"// Local ACID Transaction:
orderRepo.save(order);
outboxRepo.save(new OutboxEvent(""OrderCreated"", order.getId()));",The entity update and outbox record are committed atomically in the same local database transaction; Debezium streams WAL commits to Kafka with at-least-once guarantee.,It converts Kafka topics into relational database tables.,It eliminates the need for database transaction logs entirely.,It guarantees zero network latency across microservices.,A,"Dual-writes fail if the DB commit succeeds but Kafka send fails. The Outbox pattern writes to the local DB table atomically, and Debezium tails the database WAL to publish events reliably. (Bloom's Taxonomy Level 3: Application & Troubleshooting)."
sys-1k-0371,Distributed Consensus (Raft & Paxos),easy,"Under Raft consensus rules, why will a follower node refuse to vote for a candidate even if the candidate's term is higher?","// 5-Node Raft Cluster
// Node 1 initiates election with Term 4",If the candidate's log is less up-to-date (has lower last log term or shorter log length) than the follower's own log.,If the candidate's IP address is numerically higher than the follower.,If the follower has been online for more than 10 minutes.,If the candidate uses UDP packets instead of TCP.,A,"The Raft Leader Completeness invariant requires that a follower grants a vote only if the candidate's log is at least as up-to-date as the voter's own log (higher term, or same term with longer index). (Bloom's Taxonomy Level 3: Application & Troubleshooting)."
sys-1k-0372,Distributed Caching & Stampede Mitigation,hard,How does the XFetch algorithm eliminate Cache Stampede (Thundering Herd) when a hot key expires under high concurrency?,"// XFetch Algorithm:
// if ( -delta * beta * ln(random()) ) >= remaining_ttl -> trigger refresh","The probability of a background reader recalculating and updating the cache key increases asymptotically to 1.0 as TTL nears zero, refreshing the cache prior to actual expiry.",It drops all incoming traffic when the cache key reaches 0 TTL.,It locks all Redis shards to single-threaded sequential execution.,It forces the client browser to compute the database query.,A,"XFetch probabilistically triggers early refresh based on computation cost (delta) and TTL. A single reader refreshes the cache ahead of expiration, preventing massive database thundering herds. (Bloom's Taxonomy Level 3: Application & Troubleshooting)."
sys-1k-0373,Distributed Rate Limiting,medium,Why is a Redis Lua script essential for distributed rate limiting across multiple app servers?,"local key = KEYS[1]
local limit = tonumber(ARGV[1])
local current = tonumber(redis.call('get', key) or '0')
if current + 1 > limit then return 0 else redis.call('incrby', key, 1) return 1 end","Redis executes Lua scripts atomically in its single-threaded event loop, preventing Time-of-Check to Time-of-Use (TOCTOU) race conditions across concurrent servers.",Lua scripts execute inside the client's browser JavaScript engine.,Separate GET and SET commands are banned by HTTP/2.,Lua scripts store rate limit counters in CPU registers.,A,"Separate GET and SET calls allow concurrent servers to interleave commands, exceeding rate limits. Lua scripts execute atomically in Redis without race conditions. (Bloom's Taxonomy Level 3: Application & Troubleshooting)."
sys-1k-0374,Database Storage Engines & Indexing,easy,"Why do write-heavy distributed databases (Cassandra, RocksDB) utilize Log-Structured Merge-Trees instead of B-Trees?",// LSM Pipeline: Append to WAL -> Insert into MemTable -> Flush to SSTables,"LSM-Trees transform random disk writes into sequential append-only writes, maximizing disk throughput and minimizing disk write amplification.",B-Trees cannot store numeric floating point values.,LSM-Trees do not use persistent disk storage.,LSM-Trees perform random in-place updates directly on flash memory.,A,"B-Trees perform random in-place disk page updates, causing heavy write amplification. LSM-Trees append sequentially to WAL and MemTable, periodically compacting immutable SSTables. (Bloom's Taxonomy Level 3: Application & Troubleshooting)."
sys-1k-0375,Message Queues & Kafka Internals,hard,How does the Kafka Transaction Coordinator prevent zombie producers from committing split-brain transactions after a network partition?,"producer.initTransactions();
producer.beginTransaction();
producer.send(record);
producer.commitTransaction();","It increments the producer epoch for that transactional.id, causing brokers to reject any subsequent writes from the old producer instance with ProducerFencedException.",It blocks the old producer's IP address on the Linux kernel firewall.,It automatically deletes the target topic partition.,It forces all broker nodes to reboot.,A,"When a new producer instance initializes with a transactional ID, the coordinator bumps the epoch. Any late writes from the old zombie instance are rejected with ProducerFencedException. (Bloom's Taxonomy Level 3: Application & Troubleshooting)."
sys-1k-0376,Consistent Hashing & Partitioning,medium,What critical problem do Virtual Nodes solve in Consistent Hashing topologies?,"// Hash Ring: 0 to 2^32 - 1
// Physical Nodes mapped to 150 Virtual Nodes each","They prevent hot-spot data skew by distributing token positions evenly across the hash ring, ensuring uniform load distribution when nodes join or leave.",They eliminate the need for hash functions.,They reduce network bandwidth to zero.,They convert distributed hash tables into single-node in-memory lists.,A,"Without virtual nodes, a small cluster has uneven hash token distribution. Mapping each physical server to 100-200 virtual nodes creates a balanced, uniform distribution across the ring. (Bloom's Taxonomy Level 3: Application & Troubleshooting)."
sys-1k-0377,Distributed Transactions & Saga,easy,Why is Orchestrated Saga preferred over Choreographed Saga for complex distributed workflows with many microservice dependencies?,"// Order Saga Orchestrator:
// 1. ReserveStock -> 2. ProcessPayment -> 3. DispatchShipment
// If Step 2 fails -> Trigger CompensateStock()","An Orchestrator provides a centralized state machine with clear compensation visibility, preventing cyclic event mesh deadlocks and event spaghetti.",Choreography is prohibited by ISO 20022 standards.,Orchestrator eliminates network communication between services.,Choreography consumes 100x more memory than orchestration.,A,"In complex workflows, an orchestrator coordinates transactions centrally, tracks timeouts, and invokes compensating rollbacks predictably without tangled event dependencies. (Bloom's Taxonomy Level 3: Application & Troubleshooting)."
sys-1k-0378,Transactional Outbox & CDC,hard,How does the Transactional Outbox pattern paired with Debezium CDC prevent data inconsistencies compared to dual writes?,"// Local ACID Transaction:
orderRepo.save(order);
outboxRepo.save(new OutboxEvent(""OrderCreated"", order.getId()));",The entity update and outbox record are committed atomically in the same local database transaction; Debezium streams WAL commits to Kafka with at-least-once guarantee.,It converts Kafka topics into relational database tables.,It eliminates the need for database transaction logs entirely.,It guarantees zero network latency across microservices.,A,"Dual-writes fail if the DB commit succeeds but Kafka send fails. The Outbox pattern writes to the local DB table atomically, and Debezium tails the database WAL to publish events reliably. (Bloom's Taxonomy Level 3: Application & Troubleshooting)."
sys-1k-0379,Distributed Consensus (Raft & Paxos),medium,"Under Raft consensus rules, why will a follower node refuse to vote for a candidate even if the candidate's term is higher?","// 5-Node Raft Cluster
// Node 1 initiates election with Term 4",If the candidate's log is less up-to-date (has lower last log term or shorter log length) than the follower's own log.,If the candidate's IP address is numerically higher than the follower.,If the follower has been online for more than 10 minutes.,If the candidate uses UDP packets instead of TCP.,A,"The Raft Leader Completeness invariant requires that a follower grants a vote only if the candidate's log is at least as up-to-date as the voter's own log (higher term, or same term with longer index). (Bloom's Taxonomy Level 3: Application & Troubleshooting)."
sys-1k-0380,Distributed Caching & Stampede Mitigation,easy,How does the XFetch algorithm eliminate Cache Stampede (Thundering Herd) when a hot key expires under high concurrency?,"// XFetch Algorithm:
// if ( -delta * beta * ln(random()) ) >= remaining_ttl -> trigger refresh","The probability of a background reader recalculating and updating the cache key increases asymptotically to 1.0 as TTL nears zero, refreshing the cache prior to actual expiry.",It drops all incoming traffic when the cache key reaches 0 TTL.,It locks all Redis shards to single-threaded sequential execution.,It forces the client browser to compute the database query.,A,"XFetch probabilistically triggers early refresh based on computation cost (delta) and TTL. A single reader refreshes the cache ahead of expiration, preventing massive database thundering herds. (Bloom's Taxonomy Level 3: Application & Troubleshooting)."
sys-1k-0381,Distributed Rate Limiting,hard,Why is a Redis Lua script essential for distributed rate limiting across multiple app servers?,"local key = KEYS[1]
local limit = tonumber(ARGV[1])
local current = tonumber(redis.call('get', key) or '0')
if current + 1 > limit then return 0 else redis.call('incrby', key, 1) return 1 end","Redis executes Lua scripts atomically in its single-threaded event loop, preventing Time-of-Check to Time-of-Use (TOCTOU) race conditions across concurrent servers.",Lua scripts execute inside the client's browser JavaScript engine.,Separate GET and SET commands are banned by HTTP/2.,Lua scripts store rate limit counters in CPU registers.,A,"Separate GET and SET calls allow concurrent servers to interleave commands, exceeding rate limits. Lua scripts execute atomically in Redis without race conditions. (Bloom's Taxonomy Level 3: Application & Troubleshooting)."
sys-1k-0382,Database Storage Engines & Indexing,medium,"Why do write-heavy distributed databases (Cassandra, RocksDB) utilize Log-Structured Merge-Trees instead of B-Trees?",// LSM Pipeline: Append to WAL -> Insert into MemTable -> Flush to SSTables,"LSM-Trees transform random disk writes into sequential append-only writes, maximizing disk throughput and minimizing disk write amplification.",B-Trees cannot store numeric floating point values.,LSM-Trees do not use persistent disk storage.,LSM-Trees perform random in-place updates directly on flash memory.,A,"B-Trees perform random in-place disk page updates, causing heavy write amplification. LSM-Trees append sequentially to WAL and MemTable, periodically compacting immutable SSTables. (Bloom's Taxonomy Level 3: Application & Troubleshooting)."
sys-1k-0383,Message Queues & Kafka Internals,easy,How does the Kafka Transaction Coordinator prevent zombie producers from committing split-brain transactions after a network partition?,"producer.initTransactions();
producer.beginTransaction();
producer.send(record);
producer.commitTransaction();","It increments the producer epoch for that transactional.id, causing brokers to reject any subsequent writes from the old producer instance with ProducerFencedException.",It blocks the old producer's IP address on the Linux kernel firewall.,It automatically deletes the target topic partition.,It forces all broker nodes to reboot.,A,"When a new producer instance initializes with a transactional ID, the coordinator bumps the epoch. Any late writes from the old zombie instance are rejected with ProducerFencedException. (Bloom's Taxonomy Level 3: Application & Troubleshooting)."
sys-1k-0384,Consistent Hashing & Partitioning,hard,What critical problem do Virtual Nodes solve in Consistent Hashing topologies?,"// Hash Ring: 0 to 2^32 - 1
// Physical Nodes mapped to 150 Virtual Nodes each","They prevent hot-spot data skew by distributing token positions evenly across the hash ring, ensuring uniform load distribution when nodes join or leave.",They eliminate the need for hash functions.,They reduce network bandwidth to zero.,They convert distributed hash tables into single-node in-memory lists.,A,"Without virtual nodes, a small cluster has uneven hash token distribution. Mapping each physical server to 100-200 virtual nodes creates a balanced, uniform distribution across the ring. (Bloom's Taxonomy Level 3: Application & Troubleshooting)."
sys-1k-0385,Distributed Transactions & Saga,medium,Why is Orchestrated Saga preferred over Choreographed Saga for complex distributed workflows with many microservice dependencies?,"// Order Saga Orchestrator:
// 1. ReserveStock -> 2. ProcessPayment -> 3. DispatchShipment
// If Step 2 fails -> Trigger CompensateStock()","An Orchestrator provides a centralized state machine with clear compensation visibility, preventing cyclic event mesh deadlocks and event spaghetti.",Choreography is prohibited by ISO 20022 standards.,Orchestrator eliminates network communication between services.,Choreography consumes 100x more memory than orchestration.,A,"In complex workflows, an orchestrator coordinates transactions centrally, tracks timeouts, and invokes compensating rollbacks predictably without tangled event dependencies. (Bloom's Taxonomy Level 3: Application & Troubleshooting)."
sys-1k-0386,Transactional Outbox & CDC,easy,How does the Transactional Outbox pattern paired with Debezium CDC prevent data inconsistencies compared to dual writes?,"// Local ACID Transaction:
orderRepo.save(order);
outboxRepo.save(new OutboxEvent(""OrderCreated"", order.getId()));",The entity update and outbox record are committed atomically in the same local database transaction; Debezium streams WAL commits to Kafka with at-least-once guarantee.,It converts Kafka topics into relational database tables.,It eliminates the need for database transaction logs entirely.,It guarantees zero network latency across microservices.,A,"Dual-writes fail if the DB commit succeeds but Kafka send fails. The Outbox pattern writes to the local DB table atomically, and Debezium tails the database WAL to publish events reliably. (Bloom's Taxonomy Level 3: Application & Troubleshooting)."
sys-1k-0387,Distributed Consensus (Raft & Paxos),hard,"Under Raft consensus rules, why will a follower node refuse to vote for a candidate even if the candidate's term is higher?","// 5-Node Raft Cluster
// Node 1 initiates election with Term 4",If the candidate's log is less up-to-date (has lower last log term or shorter log length) than the follower's own log.,If the candidate's IP address is numerically higher than the follower.,If the follower has been online for more than 10 minutes.,If the candidate uses UDP packets instead of TCP.,A,"The Raft Leader Completeness invariant requires that a follower grants a vote only if the candidate's log is at least as up-to-date as the voter's own log (higher term, or same term with longer index). (Bloom's Taxonomy Level 3: Application & Troubleshooting)."
sys-1k-0388,Distributed Caching & Stampede Mitigation,medium,How does the XFetch algorithm eliminate Cache Stampede (Thundering Herd) when a hot key expires under high concurrency?,"// XFetch Algorithm:
// if ( -delta * beta * ln(random()) ) >= remaining_ttl -> trigger refresh","The probability of a background reader recalculating and updating the cache key increases asymptotically to 1.0 as TTL nears zero, refreshing the cache prior to actual expiry.",It drops all incoming traffic when the cache key reaches 0 TTL.,It locks all Redis shards to single-threaded sequential execution.,It forces the client browser to compute the database query.,A,"XFetch probabilistically triggers early refresh based on computation cost (delta) and TTL. A single reader refreshes the cache ahead of expiration, preventing massive database thundering herds. (Bloom's Taxonomy Level 3: Application & Troubleshooting)."
sys-1k-0389,Distributed Rate Limiting,easy,Why is a Redis Lua script essential for distributed rate limiting across multiple app servers?,"local key = KEYS[1]
local limit = tonumber(ARGV[1])
local current = tonumber(redis.call('get', key) or '0')
if current + 1 > limit then return 0 else redis.call('incrby', key, 1) return 1 end","Redis executes Lua scripts atomically in its single-threaded event loop, preventing Time-of-Check to Time-of-Use (TOCTOU) race conditions across concurrent servers.",Lua scripts execute inside the client's browser JavaScript engine.,Separate GET and SET commands are banned by HTTP/2.,Lua scripts store rate limit counters in CPU registers.,A,"Separate GET and SET calls allow concurrent servers to interleave commands, exceeding rate limits. Lua scripts execute atomically in Redis without race conditions. (Bloom's Taxonomy Level 3: Application & Troubleshooting)."
sys-1k-0390,Database Storage Engines & Indexing,hard,"Why do write-heavy distributed databases (Cassandra, RocksDB) utilize Log-Structured Merge-Trees instead of B-Trees?",// LSM Pipeline: Append to WAL -> Insert into MemTable -> Flush to SSTables,"LSM-Trees transform random disk writes into sequential append-only writes, maximizing disk throughput and minimizing disk write amplification.",B-Trees cannot store numeric floating point values.,LSM-Trees do not use persistent disk storage.,LSM-Trees perform random in-place updates directly on flash memory.,A,"B-Trees perform random in-place disk page updates, causing heavy write amplification. LSM-Trees append sequentially to WAL and MemTable, periodically compacting immutable SSTables. (Bloom's Taxonomy Level 3: Application & Troubleshooting)."
sys-1k-0391,Message Queues & Kafka Internals,medium,How does the Kafka Transaction Coordinator prevent zombie producers from committing split-brain transactions after a network partition?,"producer.initTransactions();
producer.beginTransaction();
producer.send(record);
producer.commitTransaction();","It increments the producer epoch for that transactional.id, causing brokers to reject any subsequent writes from the old producer instance with ProducerFencedException.",It blocks the old producer's IP address on the Linux kernel firewall.,It automatically deletes the target topic partition.,It forces all broker nodes to reboot.,A,"When a new producer instance initializes with a transactional ID, the coordinator bumps the epoch. Any late writes from the old zombie instance are rejected with ProducerFencedException. (Bloom's Taxonomy Level 3: Application & Troubleshooting)."
sys-1k-0392,Consistent Hashing & Partitioning,easy,What critical problem do Virtual Nodes solve in Consistent Hashing topologies?,"// Hash Ring: 0 to 2^32 - 1
// Physical Nodes mapped to 150 Virtual Nodes each","They prevent hot-spot data skew by distributing token positions evenly across the hash ring, ensuring uniform load distribution when nodes join or leave.",They eliminate the need for hash functions.,They reduce network bandwidth to zero.,They convert distributed hash tables into single-node in-memory lists.,A,"Without virtual nodes, a small cluster has uneven hash token distribution. Mapping each physical server to 100-200 virtual nodes creates a balanced, uniform distribution across the ring. (Bloom's Taxonomy Level 3: Application & Troubleshooting)."
sys-1k-0393,Distributed Transactions & Saga,hard,Why is Orchestrated Saga preferred over Choreographed Saga for complex distributed workflows with many microservice dependencies?,"// Order Saga Orchestrator:
// 1. ReserveStock -> 2. ProcessPayment -> 3. DispatchShipment
// If Step 2 fails -> Trigger CompensateStock()","An Orchestrator provides a centralized state machine with clear compensation visibility, preventing cyclic event mesh deadlocks and event spaghetti.",Choreography is prohibited by ISO 20022 standards.,Orchestrator eliminates network communication between services.,Choreography consumes 100x more memory than orchestration.,A,"In complex workflows, an orchestrator coordinates transactions centrally, tracks timeouts, and invokes compensating rollbacks predictably without tangled event dependencies. (Bloom's Taxonomy Level 3: Application & Troubleshooting)."
sys-1k-0394,Transactional Outbox & CDC,medium,How does the Transactional Outbox pattern paired with Debezium CDC prevent data inconsistencies compared to dual writes?,"// Local ACID Transaction:
orderRepo.save(order);
outboxRepo.save(new OutboxEvent(""OrderCreated"", order.getId()));",The entity update and outbox record are committed atomically in the same local database transaction; Debezium streams WAL commits to Kafka with at-least-once guarantee.,It converts Kafka topics into relational database tables.,It eliminates the need for database transaction logs entirely.,It guarantees zero network latency across microservices.,A,"Dual-writes fail if the DB commit succeeds but Kafka send fails. The Outbox pattern writes to the local DB table atomically, and Debezium tails the database WAL to publish events reliably. (Bloom's Taxonomy Level 3: Application & Troubleshooting)."
sys-1k-0395,Distributed Consensus (Raft & Paxos),easy,"Under Raft consensus rules, why will a follower node refuse to vote for a candidate even if the candidate's term is higher?","// 5-Node Raft Cluster
// Node 1 initiates election with Term 4",If the candidate's log is less up-to-date (has lower last log term or shorter log length) than the follower's own log.,If the candidate's IP address is numerically higher than the follower.,If the follower has been online for more than 10 minutes.,If the candidate uses UDP packets instead of TCP.,A,"The Raft Leader Completeness invariant requires that a follower grants a vote only if the candidate's log is at least as up-to-date as the voter's own log (higher term, or same term with longer index). (Bloom's Taxonomy Level 3: Application & Troubleshooting)."
sys-1k-0396,Distributed Caching & Stampede Mitigation,hard,How does the XFetch algorithm eliminate Cache Stampede (Thundering Herd) when a hot key expires under high concurrency?,"// XFetch Algorithm:
// if ( -delta * beta * ln(random()) ) >= remaining_ttl -> trigger refresh","The probability of a background reader recalculating and updating the cache key increases asymptotically to 1.0 as TTL nears zero, refreshing the cache prior to actual expiry.",It drops all incoming traffic when the cache key reaches 0 TTL.,It locks all Redis shards to single-threaded sequential execution.,It forces the client browser to compute the database query.,A,"XFetch probabilistically triggers early refresh based on computation cost (delta) and TTL. A single reader refreshes the cache ahead of expiration, preventing massive database thundering herds. (Bloom's Taxonomy Level 3: Application & Troubleshooting)."
sys-1k-0397,Distributed Rate Limiting,medium,Why is a Redis Lua script essential for distributed rate limiting across multiple app servers?,"local key = KEYS[1]
local limit = tonumber(ARGV[1])
local current = tonumber(redis.call('get', key) or '0')
if current + 1 > limit then return 0 else redis.call('incrby', key, 1) return 1 end","Redis executes Lua scripts atomically in its single-threaded event loop, preventing Time-of-Check to Time-of-Use (TOCTOU) race conditions across concurrent servers.",Lua scripts execute inside the client's browser JavaScript engine.,Separate GET and SET commands are banned by HTTP/2.,Lua scripts store rate limit counters in CPU registers.,A,"Separate GET and SET calls allow concurrent servers to interleave commands, exceeding rate limits. Lua scripts execute atomically in Redis without race conditions. (Bloom's Taxonomy Level 3: Application & Troubleshooting)."
sys-1k-0398,Database Storage Engines & Indexing,easy,"Why do write-heavy distributed databases (Cassandra, RocksDB) utilize Log-Structured Merge-Trees instead of B-Trees?",// LSM Pipeline: Append to WAL -> Insert into MemTable -> Flush to SSTables,"LSM-Trees transform random disk writes into sequential append-only writes, maximizing disk throughput and minimizing disk write amplification.",B-Trees cannot store numeric floating point values.,LSM-Trees do not use persistent disk storage.,LSM-Trees perform random in-place updates directly on flash memory.,A,"B-Trees perform random in-place disk page updates, causing heavy write amplification. LSM-Trees append sequentially to WAL and MemTable, periodically compacting immutable SSTables. (Bloom's Taxonomy Level 3: Application & Troubleshooting)."
sys-1k-0399,Message Queues & Kafka Internals,hard,How does the Kafka Transaction Coordinator prevent zombie producers from committing split-brain transactions after a network partition?,"producer.initTransactions();
producer.beginTransaction();
producer.send(record);
producer.commitTransaction();","It increments the producer epoch for that transactional.id, causing brokers to reject any subsequent writes from the old producer instance with ProducerFencedException.",It blocks the old producer's IP address on the Linux kernel firewall.,It automatically deletes the target topic partition.,It forces all broker nodes to reboot.,A,"When a new producer instance initializes with a transactional ID, the coordinator bumps the epoch. Any late writes from the old zombie instance are rejected with ProducerFencedException. (Bloom's Taxonomy Level 3: Application & Troubleshooting)."
sys-1k-0400,Consistent Hashing & Partitioning,medium,What critical problem do Virtual Nodes solve in Consistent Hashing topologies?,"// Hash Ring: 0 to 2^32 - 1
// Physical Nodes mapped to 150 Virtual Nodes each","They prevent hot-spot data skew by distributing token positions evenly across the hash ring, ensuring uniform load distribution when nodes join or leave.",They eliminate the need for hash functions.,They reduce network bandwidth to zero.,They convert distributed hash tables into single-node in-memory lists.,A,"Without virtual nodes, a small cluster has uneven hash token distribution. Mapping each physical server to 100-200 virtual nodes creates a balanced, uniform distribution across the ring. (Bloom's Taxonomy Level 3: Application & Troubleshooting)."
sys-1k-0401,Distributed Transactions & Saga,easy,Why is Orchestrated Saga preferred over Choreographed Saga for complex distributed workflows with many microservice dependencies?,"// Order Saga Orchestrator:
// 1. ReserveStock -> 2. ProcessPayment -> 3. DispatchShipment
// If Step 2 fails -> Trigger CompensateStock()","An Orchestrator provides a centralized state machine with clear compensation visibility, preventing cyclic event mesh deadlocks and event spaghetti.",Choreography is prohibited by ISO 20022 standards.,Orchestrator eliminates network communication between services.,Choreography consumes 100x more memory than orchestration.,A,"In complex workflows, an orchestrator coordinates transactions centrally, tracks timeouts, and invokes compensating rollbacks predictably without tangled event dependencies. (Bloom's Taxonomy Level 3: Application & Troubleshooting)."
sys-1k-0402,Transactional Outbox & CDC,hard,How does the Transactional Outbox pattern paired with Debezium CDC prevent data inconsistencies compared to dual writes?,"// Local ACID Transaction:
orderRepo.save(order);
outboxRepo.save(new OutboxEvent(""OrderCreated"", order.getId()));",The entity update and outbox record are committed atomically in the same local database transaction; Debezium streams WAL commits to Kafka with at-least-once guarantee.,It converts Kafka topics into relational database tables.,It eliminates the need for database transaction logs entirely.,It guarantees zero network latency across microservices.,A,"Dual-writes fail if the DB commit succeeds but Kafka send fails. The Outbox pattern writes to the local DB table atomically, and Debezium tails the database WAL to publish events reliably. (Bloom's Taxonomy Level 3: Application & Troubleshooting)."
sys-1k-0403,Distributed Consensus (Raft & Paxos),medium,"Under Raft consensus rules, why will a follower node refuse to vote for a candidate even if the candidate's term is higher?","// 5-Node Raft Cluster
// Node 1 initiates election with Term 4",If the candidate's log is less up-to-date (has lower last log term or shorter log length) than the follower's own log.,If the candidate's IP address is numerically higher than the follower.,If the follower has been online for more than 10 minutes.,If the candidate uses UDP packets instead of TCP.,A,"The Raft Leader Completeness invariant requires that a follower grants a vote only if the candidate's log is at least as up-to-date as the voter's own log (higher term, or same term with longer index). (Bloom's Taxonomy Level 3: Application & Troubleshooting)."
sys-1k-0404,Distributed Caching & Stampede Mitigation,easy,How does the XFetch algorithm eliminate Cache Stampede (Thundering Herd) when a hot key expires under high concurrency?,"// XFetch Algorithm:
// if ( -delta * beta * ln(random()) ) >= remaining_ttl -> trigger refresh","The probability of a background reader recalculating and updating the cache key increases asymptotically to 1.0 as TTL nears zero, refreshing the cache prior to actual expiry.",It drops all incoming traffic when the cache key reaches 0 TTL.,It locks all Redis shards to single-threaded sequential execution.,It forces the client browser to compute the database query.,A,"XFetch probabilistically triggers early refresh based on computation cost (delta) and TTL. A single reader refreshes the cache ahead of expiration, preventing massive database thundering herds. (Bloom's Taxonomy Level 3: Application & Troubleshooting)."
sys-1k-0405,Distributed Rate Limiting,hard,Why is a Redis Lua script essential for distributed rate limiting across multiple app servers?,"local key = KEYS[1]
local limit = tonumber(ARGV[1])
local current = tonumber(redis.call('get', key) or '0')
if current + 1 > limit then return 0 else redis.call('incrby', key, 1) return 1 end","Redis executes Lua scripts atomically in its single-threaded event loop, preventing Time-of-Check to Time-of-Use (TOCTOU) race conditions across concurrent servers.",Lua scripts execute inside the client's browser JavaScript engine.,Separate GET and SET commands are banned by HTTP/2.,Lua scripts store rate limit counters in CPU registers.,A,"Separate GET and SET calls allow concurrent servers to interleave commands, exceeding rate limits. Lua scripts execute atomically in Redis without race conditions. (Bloom's Taxonomy Level 3: Application & Troubleshooting)."
sys-1k-0406,Database Storage Engines & Indexing,medium,"Why do write-heavy distributed databases (Cassandra, RocksDB) utilize Log-Structured Merge-Trees instead of B-Trees?",// LSM Pipeline: Append to WAL -> Insert into MemTable -> Flush to SSTables,"LSM-Trees transform random disk writes into sequential append-only writes, maximizing disk throughput and minimizing disk write amplification.",B-Trees cannot store numeric floating point values.,LSM-Trees do not use persistent disk storage.,LSM-Trees perform random in-place updates directly on flash memory.,A,"B-Trees perform random in-place disk page updates, causing heavy write amplification. LSM-Trees append sequentially to WAL and MemTable, periodically compacting immutable SSTables. (Bloom's Taxonomy Level 3: Application & Troubleshooting)."
sys-1k-0407,Message Queues & Kafka Internals,easy,How does the Kafka Transaction Coordinator prevent zombie producers from committing split-brain transactions after a network partition?,"producer.initTransactions();
producer.beginTransaction();
producer.send(record);
producer.commitTransaction();","It increments the producer epoch for that transactional.id, causing brokers to reject any subsequent writes from the old producer instance with ProducerFencedException.",It blocks the old producer's IP address on the Linux kernel firewall.,It automatically deletes the target topic partition.,It forces all broker nodes to reboot.,A,"When a new producer instance initializes with a transactional ID, the coordinator bumps the epoch. Any late writes from the old zombie instance are rejected with ProducerFencedException. (Bloom's Taxonomy Level 3: Application & Troubleshooting)."
sys-1k-0408,Consistent Hashing & Partitioning,hard,What critical problem do Virtual Nodes solve in Consistent Hashing topologies?,"// Hash Ring: 0 to 2^32 - 1
// Physical Nodes mapped to 150 Virtual Nodes each","They prevent hot-spot data skew by distributing token positions evenly across the hash ring, ensuring uniform load distribution when nodes join or leave.",They eliminate the need for hash functions.,They reduce network bandwidth to zero.,They convert distributed hash tables into single-node in-memory lists.,A,"Without virtual nodes, a small cluster has uneven hash token distribution. Mapping each physical server to 100-200 virtual nodes creates a balanced, uniform distribution across the ring. (Bloom's Taxonomy Level 3: Application & Troubleshooting)."
sys-1k-0409,Distributed Transactions & Saga,medium,Why is Orchestrated Saga preferred over Choreographed Saga for complex distributed workflows with many microservice dependencies?,"// Order Saga Orchestrator:
// 1. ReserveStock -> 2. ProcessPayment -> 3. DispatchShipment
// If Step 2 fails -> Trigger CompensateStock()","An Orchestrator provides a centralized state machine with clear compensation visibility, preventing cyclic event mesh deadlocks and event spaghetti.",Choreography is prohibited by ISO 20022 standards.,Orchestrator eliminates network communication between services.,Choreography consumes 100x more memory than orchestration.,A,"In complex workflows, an orchestrator coordinates transactions centrally, tracks timeouts, and invokes compensating rollbacks predictably without tangled event dependencies. (Bloom's Taxonomy Level 3: Application & Troubleshooting)."
sys-1k-0410,Transactional Outbox & CDC,easy,How does the Transactional Outbox pattern paired with Debezium CDC prevent data inconsistencies compared to dual writes?,"// Local ACID Transaction:
orderRepo.save(order);
outboxRepo.save(new OutboxEvent(""OrderCreated"", order.getId()));",The entity update and outbox record are committed atomically in the same local database transaction; Debezium streams WAL commits to Kafka with at-least-once guarantee.,It converts Kafka topics into relational database tables.,It eliminates the need for database transaction logs entirely.,It guarantees zero network latency across microservices.,A,"Dual-writes fail if the DB commit succeeds but Kafka send fails. The Outbox pattern writes to the local DB table atomically, and Debezium tails the database WAL to publish events reliably. (Bloom's Taxonomy Level 3: Application & Troubleshooting)."
sys-1k-0411,Distributed Consensus (Raft & Paxos),hard,"Under Raft consensus rules, why will a follower node refuse to vote for a candidate even if the candidate's term is higher?","// 5-Node Raft Cluster
// Node 1 initiates election with Term 4",If the candidate's log is less up-to-date (has lower last log term or shorter log length) than the follower's own log.,If the candidate's IP address is numerically higher than the follower.,If the follower has been online for more than 10 minutes.,If the candidate uses UDP packets instead of TCP.,A,"The Raft Leader Completeness invariant requires that a follower grants a vote only if the candidate's log is at least as up-to-date as the voter's own log (higher term, or same term with longer index). (Bloom's Taxonomy Level 3: Application & Troubleshooting)."
sys-1k-0412,Distributed Caching & Stampede Mitigation,medium,How does the XFetch algorithm eliminate Cache Stampede (Thundering Herd) when a hot key expires under high concurrency?,"// XFetch Algorithm:
// if ( -delta * beta * ln(random()) ) >= remaining_ttl -> trigger refresh","The probability of a background reader recalculating and updating the cache key increases asymptotically to 1.0 as TTL nears zero, refreshing the cache prior to actual expiry.",It drops all incoming traffic when the cache key reaches 0 TTL.,It locks all Redis shards to single-threaded sequential execution.,It forces the client browser to compute the database query.,A,"XFetch probabilistically triggers early refresh based on computation cost (delta) and TTL. A single reader refreshes the cache ahead of expiration, preventing massive database thundering herds. (Bloom's Taxonomy Level 3: Application & Troubleshooting)."
sys-1k-0413,Distributed Rate Limiting,easy,Why is a Redis Lua script essential for distributed rate limiting across multiple app servers?,"local key = KEYS[1]
local limit = tonumber(ARGV[1])
local current = tonumber(redis.call('get', key) or '0')
if current + 1 > limit then return 0 else redis.call('incrby', key, 1) return 1 end","Redis executes Lua scripts atomically in its single-threaded event loop, preventing Time-of-Check to Time-of-Use (TOCTOU) race conditions across concurrent servers.",Lua scripts execute inside the client's browser JavaScript engine.,Separate GET and SET commands are banned by HTTP/2.,Lua scripts store rate limit counters in CPU registers.,A,"Separate GET and SET calls allow concurrent servers to interleave commands, exceeding rate limits. Lua scripts execute atomically in Redis without race conditions. (Bloom's Taxonomy Level 3: Application & Troubleshooting)."
sys-1k-0414,Database Storage Engines & Indexing,hard,"Why do write-heavy distributed databases (Cassandra, RocksDB) utilize Log-Structured Merge-Trees instead of B-Trees?",// LSM Pipeline: Append to WAL -> Insert into MemTable -> Flush to SSTables,"LSM-Trees transform random disk writes into sequential append-only writes, maximizing disk throughput and minimizing disk write amplification.",B-Trees cannot store numeric floating point values.,LSM-Trees do not use persistent disk storage.,LSM-Trees perform random in-place updates directly on flash memory.,A,"B-Trees perform random in-place disk page updates, causing heavy write amplification. LSM-Trees append sequentially to WAL and MemTable, periodically compacting immutable SSTables. (Bloom's Taxonomy Level 3: Application & Troubleshooting)."
sys-1k-0415,Message Queues & Kafka Internals,medium,How does the Kafka Transaction Coordinator prevent zombie producers from committing split-brain transactions after a network partition?,"producer.initTransactions();
producer.beginTransaction();
producer.send(record);
producer.commitTransaction();","It increments the producer epoch for that transactional.id, causing brokers to reject any subsequent writes from the old producer instance with ProducerFencedException.",It blocks the old producer's IP address on the Linux kernel firewall.,It automatically deletes the target topic partition.,It forces all broker nodes to reboot.,A,"When a new producer instance initializes with a transactional ID, the coordinator bumps the epoch. Any late writes from the old zombie instance are rejected with ProducerFencedException. (Bloom's Taxonomy Level 3: Application & Troubleshooting)."
sys-1k-0416,Consistent Hashing & Partitioning,easy,What critical problem do Virtual Nodes solve in Consistent Hashing topologies?,"// Hash Ring: 0 to 2^32 - 1
// Physical Nodes mapped to 150 Virtual Nodes each","They prevent hot-spot data skew by distributing token positions evenly across the hash ring, ensuring uniform load distribution when nodes join or leave.",They eliminate the need for hash functions.,They reduce network bandwidth to zero.,They convert distributed hash tables into single-node in-memory lists.,A,"Without virtual nodes, a small cluster has uneven hash token distribution. Mapping each physical server to 100-200 virtual nodes creates a balanced, uniform distribution across the ring. (Bloom's Taxonomy Level 3: Application & Troubleshooting)."
sys-1k-0417,Distributed Transactions & Saga,hard,Why is Orchestrated Saga preferred over Choreographed Saga for complex distributed workflows with many microservice dependencies?,"// Order Saga Orchestrator:
// 1. ReserveStock -> 2. ProcessPayment -> 3. DispatchShipment
// If Step 2 fails -> Trigger CompensateStock()","An Orchestrator provides a centralized state machine with clear compensation visibility, preventing cyclic event mesh deadlocks and event spaghetti.",Choreography is prohibited by ISO 20022 standards.,Orchestrator eliminates network communication between services.,Choreography consumes 100x more memory than orchestration.,A,"In complex workflows, an orchestrator coordinates transactions centrally, tracks timeouts, and invokes compensating rollbacks predictably without tangled event dependencies. (Bloom's Taxonomy Level 3: Application & Troubleshooting)."
sys-1k-0418,Transactional Outbox & CDC,medium,How does the Transactional Outbox pattern paired with Debezium CDC prevent data inconsistencies compared to dual writes?,"// Local ACID Transaction:
orderRepo.save(order);
outboxRepo.save(new OutboxEvent(""OrderCreated"", order.getId()));",The entity update and outbox record are committed atomically in the same local database transaction; Debezium streams WAL commits to Kafka with at-least-once guarantee.,It converts Kafka topics into relational database tables.,It eliminates the need for database transaction logs entirely.,It guarantees zero network latency across microservices.,A,"Dual-writes fail if the DB commit succeeds but Kafka send fails. The Outbox pattern writes to the local DB table atomically, and Debezium tails the database WAL to publish events reliably. (Bloom's Taxonomy Level 3: Application & Troubleshooting)."
sys-1k-0419,Distributed Consensus (Raft & Paxos),easy,"Under Raft consensus rules, why will a follower node refuse to vote for a candidate even if the candidate's term is higher?","// 5-Node Raft Cluster
// Node 1 initiates election with Term 4",If the candidate's log is less up-to-date (has lower last log term or shorter log length) than the follower's own log.,If the candidate's IP address is numerically higher than the follower.,If the follower has been online for more than 10 minutes.,If the candidate uses UDP packets instead of TCP.,A,"The Raft Leader Completeness invariant requires that a follower grants a vote only if the candidate's log is at least as up-to-date as the voter's own log (higher term, or same term with longer index). (Bloom's Taxonomy Level 3: Application & Troubleshooting)."
sys-1k-0420,Distributed Caching & Stampede Mitigation,hard,How does the XFetch algorithm eliminate Cache Stampede (Thundering Herd) when a hot key expires under high concurrency?,"// XFetch Algorithm:
// if ( -delta * beta * ln(random()) ) >= remaining_ttl -> trigger refresh","The probability of a background reader recalculating and updating the cache key increases asymptotically to 1.0 as TTL nears zero, refreshing the cache prior to actual expiry.",It drops all incoming traffic when the cache key reaches 0 TTL.,It locks all Redis shards to single-threaded sequential execution.,It forces the client browser to compute the database query.,A,"XFetch probabilistically triggers early refresh based on computation cost (delta) and TTL. A single reader refreshes the cache ahead of expiration, preventing massive database thundering herds. (Bloom's Taxonomy Level 3: Application & Troubleshooting)."
sys-1k-0421,Distributed Rate Limiting,medium,Why is a Redis Lua script essential for distributed rate limiting across multiple app servers?,"local key = KEYS[1]
local limit = tonumber(ARGV[1])
local current = tonumber(redis.call('get', key) or '0')
if current + 1 > limit then return 0 else redis.call('incrby', key, 1) return 1 end","Redis executes Lua scripts atomically in its single-threaded event loop, preventing Time-of-Check to Time-of-Use (TOCTOU) race conditions across concurrent servers.",Lua scripts execute inside the client's browser JavaScript engine.,Separate GET and SET commands are banned by HTTP/2.,Lua scripts store rate limit counters in CPU registers.,A,"Separate GET and SET calls allow concurrent servers to interleave commands, exceeding rate limits. Lua scripts execute atomically in Redis without race conditions. (Bloom's Taxonomy Level 3: Application & Troubleshooting)."
sys-1k-0422,Database Storage Engines & Indexing,easy,"Why do write-heavy distributed databases (Cassandra, RocksDB) utilize Log-Structured Merge-Trees instead of B-Trees?",// LSM Pipeline: Append to WAL -> Insert into MemTable -> Flush to SSTables,"LSM-Trees transform random disk writes into sequential append-only writes, maximizing disk throughput and minimizing disk write amplification.",B-Trees cannot store numeric floating point values.,LSM-Trees do not use persistent disk storage.,LSM-Trees perform random in-place updates directly on flash memory.,A,"B-Trees perform random in-place disk page updates, causing heavy write amplification. LSM-Trees append sequentially to WAL and MemTable, periodically compacting immutable SSTables. (Bloom's Taxonomy Level 3: Application & Troubleshooting)."
sys-1k-0423,Message Queues & Kafka Internals,hard,How does the Kafka Transaction Coordinator prevent zombie producers from committing split-brain transactions after a network partition?,"producer.initTransactions();
producer.beginTransaction();
producer.send(record);
producer.commitTransaction();","It increments the producer epoch for that transactional.id, causing brokers to reject any subsequent writes from the old producer instance with ProducerFencedException.",It blocks the old producer's IP address on the Linux kernel firewall.,It automatically deletes the target topic partition.,It forces all broker nodes to reboot.,A,"When a new producer instance initializes with a transactional ID, the coordinator bumps the epoch. Any late writes from the old zombie instance are rejected with ProducerFencedException. (Bloom's Taxonomy Level 3: Application & Troubleshooting)."
sys-1k-0424,Consistent Hashing & Partitioning,medium,What critical problem do Virtual Nodes solve in Consistent Hashing topologies?,"// Hash Ring: 0 to 2^32 - 1
// Physical Nodes mapped to 150 Virtual Nodes each","They prevent hot-spot data skew by distributing token positions evenly across the hash ring, ensuring uniform load distribution when nodes join or leave.",They eliminate the need for hash functions.,They reduce network bandwidth to zero.,They convert distributed hash tables into single-node in-memory lists.,A,"Without virtual nodes, a small cluster has uneven hash token distribution. Mapping each physical server to 100-200 virtual nodes creates a balanced, uniform distribution across the ring. (Bloom's Taxonomy Level 3: Application & Troubleshooting)."
sys-1k-0425,Distributed Transactions & Saga,easy,Why is Orchestrated Saga preferred over Choreographed Saga for complex distributed workflows with many microservice dependencies?,"// Order Saga Orchestrator:
// 1. ReserveStock -> 2. ProcessPayment -> 3. DispatchShipment
// If Step 2 fails -> Trigger CompensateStock()","An Orchestrator provides a centralized state machine with clear compensation visibility, preventing cyclic event mesh deadlocks and event spaghetti.",Choreography is prohibited by ISO 20022 standards.,Orchestrator eliminates network communication between services.,Choreography consumes 100x more memory than orchestration.,A,"In complex workflows, an orchestrator coordinates transactions centrally, tracks timeouts, and invokes compensating rollbacks predictably without tangled event dependencies. (Bloom's Taxonomy Level 3: Application & Troubleshooting)."
sys-1k-0426,Transactional Outbox & CDC,hard,How does the Transactional Outbox pattern paired with Debezium CDC prevent data inconsistencies compared to dual writes?,"// Local ACID Transaction:
orderRepo.save(order);
outboxRepo.save(new OutboxEvent(""OrderCreated"", order.getId()));",The entity update and outbox record are committed atomically in the same local database transaction; Debezium streams WAL commits to Kafka with at-least-once guarantee.,It converts Kafka topics into relational database tables.,It eliminates the need for database transaction logs entirely.,It guarantees zero network latency across microservices.,A,"Dual-writes fail if the DB commit succeeds but Kafka send fails. The Outbox pattern writes to the local DB table atomically, and Debezium tails the database WAL to publish events reliably. (Bloom's Taxonomy Level 3: Application & Troubleshooting)."
sys-1k-0427,Distributed Consensus (Raft & Paxos),medium,"Under Raft consensus rules, why will a follower node refuse to vote for a candidate even if the candidate's term is higher?","// 5-Node Raft Cluster
// Node 1 initiates election with Term 4",If the candidate's log is less up-to-date (has lower last log term or shorter log length) than the follower's own log.,If the candidate's IP address is numerically higher than the follower.,If the follower has been online for more than 10 minutes.,If the candidate uses UDP packets instead of TCP.,A,"The Raft Leader Completeness invariant requires that a follower grants a vote only if the candidate's log is at least as up-to-date as the voter's own log (higher term, or same term with longer index). (Bloom's Taxonomy Level 3: Application & Troubleshooting)."
sys-1k-0428,Distributed Caching & Stampede Mitigation,easy,How does the XFetch algorithm eliminate Cache Stampede (Thundering Herd) when a hot key expires under high concurrency?,"// XFetch Algorithm:
// if ( -delta * beta * ln(random()) ) >= remaining_ttl -> trigger refresh","The probability of a background reader recalculating and updating the cache key increases asymptotically to 1.0 as TTL nears zero, refreshing the cache prior to actual expiry.",It drops all incoming traffic when the cache key reaches 0 TTL.,It locks all Redis shards to single-threaded sequential execution.,It forces the client browser to compute the database query.,A,"XFetch probabilistically triggers early refresh based on computation cost (delta) and TTL. A single reader refreshes the cache ahead of expiration, preventing massive database thundering herds. (Bloom's Taxonomy Level 3: Application & Troubleshooting)."
sys-1k-0429,Distributed Rate Limiting,hard,Why is a Redis Lua script essential for distributed rate limiting across multiple app servers?,"local key = KEYS[1]
local limit = tonumber(ARGV[1])
local current = tonumber(redis.call('get', key) or '0')
if current + 1 > limit then return 0 else redis.call('incrby', key, 1) return 1 end","Redis executes Lua scripts atomically in its single-threaded event loop, preventing Time-of-Check to Time-of-Use (TOCTOU) race conditions across concurrent servers.",Lua scripts execute inside the client's browser JavaScript engine.,Separate GET and SET commands are banned by HTTP/2.,Lua scripts store rate limit counters in CPU registers.,A,"Separate GET and SET calls allow concurrent servers to interleave commands, exceeding rate limits. Lua scripts execute atomically in Redis without race conditions. (Bloom's Taxonomy Level 3: Application & Troubleshooting)."
sys-1k-0430,Database Storage Engines & Indexing,medium,"Why do write-heavy distributed databases (Cassandra, RocksDB) utilize Log-Structured Merge-Trees instead of B-Trees?",// LSM Pipeline: Append to WAL -> Insert into MemTable -> Flush to SSTables,"LSM-Trees transform random disk writes into sequential append-only writes, maximizing disk throughput and minimizing disk write amplification.",B-Trees cannot store numeric floating point values.,LSM-Trees do not use persistent disk storage.,LSM-Trees perform random in-place updates directly on flash memory.,A,"B-Trees perform random in-place disk page updates, causing heavy write amplification. LSM-Trees append sequentially to WAL and MemTable, periodically compacting immutable SSTables. (Bloom's Taxonomy Level 3: Application & Troubleshooting)."
sys-1k-0431,Message Queues & Kafka Internals,easy,How does the Kafka Transaction Coordinator prevent zombie producers from committing split-brain transactions after a network partition?,"producer.initTransactions();
producer.beginTransaction();
producer.send(record);
producer.commitTransaction();","It increments the producer epoch for that transactional.id, causing brokers to reject any subsequent writes from the old producer instance with ProducerFencedException.",It blocks the old producer's IP address on the Linux kernel firewall.,It automatically deletes the target topic partition.,It forces all broker nodes to reboot.,A,"When a new producer instance initializes with a transactional ID, the coordinator bumps the epoch. Any late writes from the old zombie instance are rejected with ProducerFencedException. (Bloom's Taxonomy Level 3: Application & Troubleshooting)."
sys-1k-0432,Consistent Hashing & Partitioning,hard,What critical problem do Virtual Nodes solve in Consistent Hashing topologies?,"// Hash Ring: 0 to 2^32 - 1
// Physical Nodes mapped to 150 Virtual Nodes each","They prevent hot-spot data skew by distributing token positions evenly across the hash ring, ensuring uniform load distribution when nodes join or leave.",They eliminate the need for hash functions.,They reduce network bandwidth to zero.,They convert distributed hash tables into single-node in-memory lists.,A,"Without virtual nodes, a small cluster has uneven hash token distribution. Mapping each physical server to 100-200 virtual nodes creates a balanced, uniform distribution across the ring. (Bloom's Taxonomy Level 3: Application & Troubleshooting)."
sys-1k-0433,Distributed Transactions & Saga,medium,Why is Orchestrated Saga preferred over Choreographed Saga for complex distributed workflows with many microservice dependencies?,"// Order Saga Orchestrator:
// 1. ReserveStock -> 2. ProcessPayment -> 3. DispatchShipment
// If Step 2 fails -> Trigger CompensateStock()","An Orchestrator provides a centralized state machine with clear compensation visibility, preventing cyclic event mesh deadlocks and event spaghetti.",Choreography is prohibited by ISO 20022 standards.,Orchestrator eliminates network communication between services.,Choreography consumes 100x more memory than orchestration.,A,"In complex workflows, an orchestrator coordinates transactions centrally, tracks timeouts, and invokes compensating rollbacks predictably without tangled event dependencies. (Bloom's Taxonomy Level 3: Application & Troubleshooting)."
sys-1k-0434,Transactional Outbox & CDC,easy,How does the Transactional Outbox pattern paired with Debezium CDC prevent data inconsistencies compared to dual writes?,"// Local ACID Transaction:
orderRepo.save(order);
outboxRepo.save(new OutboxEvent(""OrderCreated"", order.getId()));",The entity update and outbox record are committed atomically in the same local database transaction; Debezium streams WAL commits to Kafka with at-least-once guarantee.,It converts Kafka topics into relational database tables.,It eliminates the need for database transaction logs entirely.,It guarantees zero network latency across microservices.,A,"Dual-writes fail if the DB commit succeeds but Kafka send fails. The Outbox pattern writes to the local DB table atomically, and Debezium tails the database WAL to publish events reliably. (Bloom's Taxonomy Level 3: Application & Troubleshooting)."
sys-1k-0435,Distributed Consensus (Raft & Paxos),hard,"Under Raft consensus rules, why will a follower node refuse to vote for a candidate even if the candidate's term is higher?","// 5-Node Raft Cluster
// Node 1 initiates election with Term 4",If the candidate's log is less up-to-date (has lower last log term or shorter log length) than the follower's own log.,If the candidate's IP address is numerically higher than the follower.,If the follower has been online for more than 10 minutes.,If the candidate uses UDP packets instead of TCP.,A,"The Raft Leader Completeness invariant requires that a follower grants a vote only if the candidate's log is at least as up-to-date as the voter's own log (higher term, or same term with longer index). (Bloom's Taxonomy Level 3: Application & Troubleshooting)."
sys-1k-0436,Distributed Caching & Stampede Mitigation,medium,How does the XFetch algorithm eliminate Cache Stampede (Thundering Herd) when a hot key expires under high concurrency?,"// XFetch Algorithm:
// if ( -delta * beta * ln(random()) ) >= remaining_ttl -> trigger refresh","The probability of a background reader recalculating and updating the cache key increases asymptotically to 1.0 as TTL nears zero, refreshing the cache prior to actual expiry.",It drops all incoming traffic when the cache key reaches 0 TTL.,It locks all Redis shards to single-threaded sequential execution.,It forces the client browser to compute the database query.,A,"XFetch probabilistically triggers early refresh based on computation cost (delta) and TTL. A single reader refreshes the cache ahead of expiration, preventing massive database thundering herds. (Bloom's Taxonomy Level 3: Application & Troubleshooting)."
sys-1k-0437,Distributed Rate Limiting,easy,Why is a Redis Lua script essential for distributed rate limiting across multiple app servers?,"local key = KEYS[1]
local limit = tonumber(ARGV[1])
local current = tonumber(redis.call('get', key) or '0')
if current + 1 > limit then return 0 else redis.call('incrby', key, 1) return 1 end","Redis executes Lua scripts atomically in its single-threaded event loop, preventing Time-of-Check to Time-of-Use (TOCTOU) race conditions across concurrent servers.",Lua scripts execute inside the client's browser JavaScript engine.,Separate GET and SET commands are banned by HTTP/2.,Lua scripts store rate limit counters in CPU registers.,A,"Separate GET and SET calls allow concurrent servers to interleave commands, exceeding rate limits. Lua scripts execute atomically in Redis without race conditions. (Bloom's Taxonomy Level 3: Application & Troubleshooting)."
sys-1k-0438,Database Storage Engines & Indexing,hard,"Why do write-heavy distributed databases (Cassandra, RocksDB) utilize Log-Structured Merge-Trees instead of B-Trees?",// LSM Pipeline: Append to WAL -> Insert into MemTable -> Flush to SSTables,"LSM-Trees transform random disk writes into sequential append-only writes, maximizing disk throughput and minimizing disk write amplification.",B-Trees cannot store numeric floating point values.,LSM-Trees do not use persistent disk storage.,LSM-Trees perform random in-place updates directly on flash memory.,A,"B-Trees perform random in-place disk page updates, causing heavy write amplification. LSM-Trees append sequentially to WAL and MemTable, periodically compacting immutable SSTables. (Bloom's Taxonomy Level 3: Application & Troubleshooting)."
sys-1k-0439,Message Queues & Kafka Internals,medium,How does the Kafka Transaction Coordinator prevent zombie producers from committing split-brain transactions after a network partition?,"producer.initTransactions();
producer.beginTransaction();
producer.send(record);
producer.commitTransaction();","It increments the producer epoch for that transactional.id, causing brokers to reject any subsequent writes from the old producer instance with ProducerFencedException.",It blocks the old producer's IP address on the Linux kernel firewall.,It automatically deletes the target topic partition.,It forces all broker nodes to reboot.,A,"When a new producer instance initializes with a transactional ID, the coordinator bumps the epoch. Any late writes from the old zombie instance are rejected with ProducerFencedException. (Bloom's Taxonomy Level 3: Application & Troubleshooting)."
sys-1k-0440,Consistent Hashing & Partitioning,easy,What critical problem do Virtual Nodes solve in Consistent Hashing topologies?,"// Hash Ring: 0 to 2^32 - 1
// Physical Nodes mapped to 150 Virtual Nodes each","They prevent hot-spot data skew by distributing token positions evenly across the hash ring, ensuring uniform load distribution when nodes join or leave.",They eliminate the need for hash functions.,They reduce network bandwidth to zero.,They convert distributed hash tables into single-node in-memory lists.,A,"Without virtual nodes, a small cluster has uneven hash token distribution. Mapping each physical server to 100-200 virtual nodes creates a balanced, uniform distribution across the ring. (Bloom's Taxonomy Level 3: Application & Troubleshooting)."
sys-1k-0441,Distributed Transactions & Saga,hard,Why is Orchestrated Saga preferred over Choreographed Saga for complex distributed workflows with many microservice dependencies?,"// Order Saga Orchestrator:
// 1. ReserveStock -> 2. ProcessPayment -> 3. DispatchShipment
// If Step 2 fails -> Trigger CompensateStock()","An Orchestrator provides a centralized state machine with clear compensation visibility, preventing cyclic event mesh deadlocks and event spaghetti.",Choreography is prohibited by ISO 20022 standards.,Orchestrator eliminates network communication between services.,Choreography consumes 100x more memory than orchestration.,A,"In complex workflows, an orchestrator coordinates transactions centrally, tracks timeouts, and invokes compensating rollbacks predictably without tangled event dependencies. (Bloom's Taxonomy Level 3: Application & Troubleshooting)."
sys-1k-0442,Transactional Outbox & CDC,medium,How does the Transactional Outbox pattern paired with Debezium CDC prevent data inconsistencies compared to dual writes?,"// Local ACID Transaction:
orderRepo.save(order);
outboxRepo.save(new OutboxEvent(""OrderCreated"", order.getId()));",The entity update and outbox record are committed atomically in the same local database transaction; Debezium streams WAL commits to Kafka with at-least-once guarantee.,It converts Kafka topics into relational database tables.,It eliminates the need for database transaction logs entirely.,It guarantees zero network latency across microservices.,A,"Dual-writes fail if the DB commit succeeds but Kafka send fails. The Outbox pattern writes to the local DB table atomically, and Debezium tails the database WAL to publish events reliably. (Bloom's Taxonomy Level 3: Application & Troubleshooting)."
sys-1k-0443,Distributed Consensus (Raft & Paxos),easy,"Under Raft consensus rules, why will a follower node refuse to vote for a candidate even if the candidate's term is higher?","// 5-Node Raft Cluster
// Node 1 initiates election with Term 4",If the candidate's log is less up-to-date (has lower last log term or shorter log length) than the follower's own log.,If the candidate's IP address is numerically higher than the follower.,If the follower has been online for more than 10 minutes.,If the candidate uses UDP packets instead of TCP.,A,"The Raft Leader Completeness invariant requires that a follower grants a vote only if the candidate's log is at least as up-to-date as the voter's own log (higher term, or same term with longer index). (Bloom's Taxonomy Level 3: Application & Troubleshooting)."
sys-1k-0444,Distributed Caching & Stampede Mitigation,hard,How does the XFetch algorithm eliminate Cache Stampede (Thundering Herd) when a hot key expires under high concurrency?,"// XFetch Algorithm:
// if ( -delta * beta * ln(random()) ) >= remaining_ttl -> trigger refresh","The probability of a background reader recalculating and updating the cache key increases asymptotically to 1.0 as TTL nears zero, refreshing the cache prior to actual expiry.",It drops all incoming traffic when the cache key reaches 0 TTL.,It locks all Redis shards to single-threaded sequential execution.,It forces the client browser to compute the database query.,A,"XFetch probabilistically triggers early refresh based on computation cost (delta) and TTL. A single reader refreshes the cache ahead of expiration, preventing massive database thundering herds. (Bloom's Taxonomy Level 3: Application & Troubleshooting)."
sys-1k-0445,Distributed Rate Limiting,medium,Why is a Redis Lua script essential for distributed rate limiting across multiple app servers?,"local key = KEYS[1]
local limit = tonumber(ARGV[1])
local current = tonumber(redis.call('get', key) or '0')
if current + 1 > limit then return 0 else redis.call('incrby', key, 1) return 1 end","Redis executes Lua scripts atomically in its single-threaded event loop, preventing Time-of-Check to Time-of-Use (TOCTOU) race conditions across concurrent servers.",Lua scripts execute inside the client's browser JavaScript engine.,Separate GET and SET commands are banned by HTTP/2.,Lua scripts store rate limit counters in CPU registers.,A,"Separate GET and SET calls allow concurrent servers to interleave commands, exceeding rate limits. Lua scripts execute atomically in Redis without race conditions. (Bloom's Taxonomy Level 3: Application & Troubleshooting)."
sys-1k-0446,Database Storage Engines & Indexing,easy,"Why do write-heavy distributed databases (Cassandra, RocksDB) utilize Log-Structured Merge-Trees instead of B-Trees?",// LSM Pipeline: Append to WAL -> Insert into MemTable -> Flush to SSTables,"LSM-Trees transform random disk writes into sequential append-only writes, maximizing disk throughput and minimizing disk write amplification.",B-Trees cannot store numeric floating point values.,LSM-Trees do not use persistent disk storage.,LSM-Trees perform random in-place updates directly on flash memory.,A,"B-Trees perform random in-place disk page updates, causing heavy write amplification. LSM-Trees append sequentially to WAL and MemTable, periodically compacting immutable SSTables. (Bloom's Taxonomy Level 3: Application & Troubleshooting)."
sys-1k-0447,Message Queues & Kafka Internals,hard,How does the Kafka Transaction Coordinator prevent zombie producers from committing split-brain transactions after a network partition?,"producer.initTransactions();
producer.beginTransaction();
producer.send(record);
producer.commitTransaction();","It increments the producer epoch for that transactional.id, causing brokers to reject any subsequent writes from the old producer instance with ProducerFencedException.",It blocks the old producer's IP address on the Linux kernel firewall.,It automatically deletes the target topic partition.,It forces all broker nodes to reboot.,A,"When a new producer instance initializes with a transactional ID, the coordinator bumps the epoch. Any late writes from the old zombie instance are rejected with ProducerFencedException. (Bloom's Taxonomy Level 3: Application & Troubleshooting)."
sys-1k-0448,Consistent Hashing & Partitioning,medium,What critical problem do Virtual Nodes solve in Consistent Hashing topologies?,"// Hash Ring: 0 to 2^32 - 1
// Physical Nodes mapped to 150 Virtual Nodes each","They prevent hot-spot data skew by distributing token positions evenly across the hash ring, ensuring uniform load distribution when nodes join or leave.",They eliminate the need for hash functions.,They reduce network bandwidth to zero.,They convert distributed hash tables into single-node in-memory lists.,A,"Without virtual nodes, a small cluster has uneven hash token distribution. Mapping each physical server to 100-200 virtual nodes creates a balanced, uniform distribution across the ring. (Bloom's Taxonomy Level 3: Application & Troubleshooting)."
sys-1k-0449,Distributed Transactions & Saga,easy,Why is Orchestrated Saga preferred over Choreographed Saga for complex distributed workflows with many microservice dependencies?,"// Order Saga Orchestrator:
// 1. ReserveStock -> 2. ProcessPayment -> 3. DispatchShipment
// If Step 2 fails -> Trigger CompensateStock()","An Orchestrator provides a centralized state machine with clear compensation visibility, preventing cyclic event mesh deadlocks and event spaghetti.",Choreography is prohibited by ISO 20022 standards.,Orchestrator eliminates network communication between services.,Choreography consumes 100x more memory than orchestration.,A,"In complex workflows, an orchestrator coordinates transactions centrally, tracks timeouts, and invokes compensating rollbacks predictably without tangled event dependencies. (Bloom's Taxonomy Level 3: Application & Troubleshooting)."
sys-1k-0450,Transactional Outbox & CDC,hard,How does the Transactional Outbox pattern paired with Debezium CDC prevent data inconsistencies compared to dual writes?,"// Local ACID Transaction:
orderRepo.save(order);
outboxRepo.save(new OutboxEvent(""OrderCreated"", order.getId()));",The entity update and outbox record are committed atomically in the same local database transaction; Debezium streams WAL commits to Kafka with at-least-once guarantee.,It converts Kafka topics into relational database tables.,It eliminates the need for database transaction logs entirely.,It guarantees zero network latency across microservices.,A,"Dual-writes fail if the DB commit succeeds but Kafka send fails. The Outbox pattern writes to the local DB table atomically, and Debezium tails the database WAL to publish events reliably. (Bloom's Taxonomy Level 3: Application & Troubleshooting)."
sys-1k-0451,Distributed Consensus (Raft & Paxos),medium,"Under Raft consensus rules, why will a follower node refuse to vote for a candidate even if the candidate's term is higher?","// 5-Node Raft Cluster
// Node 1 initiates election with Term 4",If the candidate's log is less up-to-date (has lower last log term or shorter log length) than the follower's own log.,If the candidate's IP address is numerically higher than the follower.,If the follower has been online for more than 10 minutes.,If the candidate uses UDP packets instead of TCP.,A,"The Raft Leader Completeness invariant requires that a follower grants a vote only if the candidate's log is at least as up-to-date as the voter's own log (higher term, or same term with longer index). (Bloom's Taxonomy Level 3: Application & Troubleshooting)."
sys-1k-0452,Distributed Caching & Stampede Mitigation,easy,How does the XFetch algorithm eliminate Cache Stampede (Thundering Herd) when a hot key expires under high concurrency?,"// XFetch Algorithm:
// if ( -delta * beta * ln(random()) ) >= remaining_ttl -> trigger refresh","The probability of a background reader recalculating and updating the cache key increases asymptotically to 1.0 as TTL nears zero, refreshing the cache prior to actual expiry.",It drops all incoming traffic when the cache key reaches 0 TTL.,It locks all Redis shards to single-threaded sequential execution.,It forces the client browser to compute the database query.,A,"XFetch probabilistically triggers early refresh based on computation cost (delta) and TTL. A single reader refreshes the cache ahead of expiration, preventing massive database thundering herds. (Bloom's Taxonomy Level 3: Application & Troubleshooting)."
sys-1k-0453,Distributed Rate Limiting,hard,Why is a Redis Lua script essential for distributed rate limiting across multiple app servers?,"local key = KEYS[1]
local limit = tonumber(ARGV[1])
local current = tonumber(redis.call('get', key) or '0')
if current + 1 > limit then return 0 else redis.call('incrby', key, 1) return 1 end","Redis executes Lua scripts atomically in its single-threaded event loop, preventing Time-of-Check to Time-of-Use (TOCTOU) race conditions across concurrent servers.",Lua scripts execute inside the client's browser JavaScript engine.,Separate GET and SET commands are banned by HTTP/2.,Lua scripts store rate limit counters in CPU registers.,A,"Separate GET and SET calls allow concurrent servers to interleave commands, exceeding rate limits. Lua scripts execute atomically in Redis without race conditions. (Bloom's Taxonomy Level 3: Application & Troubleshooting)."
sys-1k-0454,Database Storage Engines & Indexing,medium,"Why do write-heavy distributed databases (Cassandra, RocksDB) utilize Log-Structured Merge-Trees instead of B-Trees?",// LSM Pipeline: Append to WAL -> Insert into MemTable -> Flush to SSTables,"LSM-Trees transform random disk writes into sequential append-only writes, maximizing disk throughput and minimizing disk write amplification.",B-Trees cannot store numeric floating point values.,LSM-Trees do not use persistent disk storage.,LSM-Trees perform random in-place updates directly on flash memory.,A,"B-Trees perform random in-place disk page updates, causing heavy write amplification. LSM-Trees append sequentially to WAL and MemTable, periodically compacting immutable SSTables. (Bloom's Taxonomy Level 3: Application & Troubleshooting)."
sys-1k-0455,Message Queues & Kafka Internals,easy,How does the Kafka Transaction Coordinator prevent zombie producers from committing split-brain transactions after a network partition?,"producer.initTransactions();
producer.beginTransaction();
producer.send(record);
producer.commitTransaction();","It increments the producer epoch for that transactional.id, causing brokers to reject any subsequent writes from the old producer instance with ProducerFencedException.",It blocks the old producer's IP address on the Linux kernel firewall.,It automatically deletes the target topic partition.,It forces all broker nodes to reboot.,A,"When a new producer instance initializes with a transactional ID, the coordinator bumps the epoch. Any late writes from the old zombie instance are rejected with ProducerFencedException. (Bloom's Taxonomy Level 3: Application & Troubleshooting)."
sys-1k-0456,Consistent Hashing & Partitioning,hard,What critical problem do Virtual Nodes solve in Consistent Hashing topologies?,"// Hash Ring: 0 to 2^32 - 1
// Physical Nodes mapped to 150 Virtual Nodes each","They prevent hot-spot data skew by distributing token positions evenly across the hash ring, ensuring uniform load distribution when nodes join or leave.",They eliminate the need for hash functions.,They reduce network bandwidth to zero.,They convert distributed hash tables into single-node in-memory lists.,A,"Without virtual nodes, a small cluster has uneven hash token distribution. Mapping each physical server to 100-200 virtual nodes creates a balanced, uniform distribution across the ring. (Bloom's Taxonomy Level 3: Application & Troubleshooting)."
sys-1k-0457,Distributed Transactions & Saga,medium,Why is Orchestrated Saga preferred over Choreographed Saga for complex distributed workflows with many microservice dependencies?,"// Order Saga Orchestrator:
// 1. ReserveStock -> 2. ProcessPayment -> 3. DispatchShipment
// If Step 2 fails -> Trigger CompensateStock()","An Orchestrator provides a centralized state machine with clear compensation visibility, preventing cyclic event mesh deadlocks and event spaghetti.",Choreography is prohibited by ISO 20022 standards.,Orchestrator eliminates network communication between services.,Choreography consumes 100x more memory than orchestration.,A,"In complex workflows, an orchestrator coordinates transactions centrally, tracks timeouts, and invokes compensating rollbacks predictably without tangled event dependencies. (Bloom's Taxonomy Level 3: Application & Troubleshooting)."
sys-1k-0458,Transactional Outbox & CDC,easy,How does the Transactional Outbox pattern paired with Debezium CDC prevent data inconsistencies compared to dual writes?,"// Local ACID Transaction:
orderRepo.save(order);
outboxRepo.save(new OutboxEvent(""OrderCreated"", order.getId()));",The entity update and outbox record are committed atomically in the same local database transaction; Debezium streams WAL commits to Kafka with at-least-once guarantee.,It converts Kafka topics into relational database tables.,It eliminates the need for database transaction logs entirely.,It guarantees zero network latency across microservices.,A,"Dual-writes fail if the DB commit succeeds but Kafka send fails. The Outbox pattern writes to the local DB table atomically, and Debezium tails the database WAL to publish events reliably. (Bloom's Taxonomy Level 3: Application & Troubleshooting)."
sys-1k-0459,Distributed Consensus (Raft & Paxos),hard,"Under Raft consensus rules, why will a follower node refuse to vote for a candidate even if the candidate's term is higher?","// 5-Node Raft Cluster
// Node 1 initiates election with Term 4",If the candidate's log is less up-to-date (has lower last log term or shorter log length) than the follower's own log.,If the candidate's IP address is numerically higher than the follower.,If the follower has been online for more than 10 minutes.,If the candidate uses UDP packets instead of TCP.,A,"The Raft Leader Completeness invariant requires that a follower grants a vote only if the candidate's log is at least as up-to-date as the voter's own log (higher term, or same term with longer index). (Bloom's Taxonomy Level 3: Application & Troubleshooting)."
sys-1k-0460,Distributed Caching & Stampede Mitigation,medium,How does the XFetch algorithm eliminate Cache Stampede (Thundering Herd) when a hot key expires under high concurrency?,"// XFetch Algorithm:
// if ( -delta * beta * ln(random()) ) >= remaining_ttl -> trigger refresh","The probability of a background reader recalculating and updating the cache key increases asymptotically to 1.0 as TTL nears zero, refreshing the cache prior to actual expiry.",It drops all incoming traffic when the cache key reaches 0 TTL.,It locks all Redis shards to single-threaded sequential execution.,It forces the client browser to compute the database query.,A,"XFetch probabilistically triggers early refresh based on computation cost (delta) and TTL. A single reader refreshes the cache ahead of expiration, preventing massive database thundering herds. (Bloom's Taxonomy Level 3: Application & Troubleshooting)."
sys-1k-0461,Distributed Rate Limiting,easy,Why is a Redis Lua script essential for distributed rate limiting across multiple app servers?,"local key = KEYS[1]
local limit = tonumber(ARGV[1])
local current = tonumber(redis.call('get', key) or '0')
if current + 1 > limit then return 0 else redis.call('incrby', key, 1) return 1 end","Redis executes Lua scripts atomically in its single-threaded event loop, preventing Time-of-Check to Time-of-Use (TOCTOU) race conditions across concurrent servers.",Lua scripts execute inside the client's browser JavaScript engine.,Separate GET and SET commands are banned by HTTP/2.,Lua scripts store rate limit counters in CPU registers.,A,"Separate GET and SET calls allow concurrent servers to interleave commands, exceeding rate limits. Lua scripts execute atomically in Redis without race conditions. (Bloom's Taxonomy Level 3: Application & Troubleshooting)."
sys-1k-0462,Database Storage Engines & Indexing,hard,"Why do write-heavy distributed databases (Cassandra, RocksDB) utilize Log-Structured Merge-Trees instead of B-Trees?",// LSM Pipeline: Append to WAL -> Insert into MemTable -> Flush to SSTables,"LSM-Trees transform random disk writes into sequential append-only writes, maximizing disk throughput and minimizing disk write amplification.",B-Trees cannot store numeric floating point values.,LSM-Trees do not use persistent disk storage.,LSM-Trees perform random in-place updates directly on flash memory.,A,"B-Trees perform random in-place disk page updates, causing heavy write amplification. LSM-Trees append sequentially to WAL and MemTable, periodically compacting immutable SSTables. (Bloom's Taxonomy Level 3: Application & Troubleshooting)."
sys-1k-0463,Message Queues & Kafka Internals,medium,How does the Kafka Transaction Coordinator prevent zombie producers from committing split-brain transactions after a network partition?,"producer.initTransactions();
producer.beginTransaction();
producer.send(record);
producer.commitTransaction();","It increments the producer epoch for that transactional.id, causing brokers to reject any subsequent writes from the old producer instance with ProducerFencedException.",It blocks the old producer's IP address on the Linux kernel firewall.,It automatically deletes the target topic partition.,It forces all broker nodes to reboot.,A,"When a new producer instance initializes with a transactional ID, the coordinator bumps the epoch. Any late writes from the old zombie instance are rejected with ProducerFencedException. (Bloom's Taxonomy Level 3: Application & Troubleshooting)."
sys-1k-0464,Consistent Hashing & Partitioning,easy,What critical problem do Virtual Nodes solve in Consistent Hashing topologies?,"// Hash Ring: 0 to 2^32 - 1
// Physical Nodes mapped to 150 Virtual Nodes each","They prevent hot-spot data skew by distributing token positions evenly across the hash ring, ensuring uniform load distribution when nodes join or leave.",They eliminate the need for hash functions.,They reduce network bandwidth to zero.,They convert distributed hash tables into single-node in-memory lists.,A,"Without virtual nodes, a small cluster has uneven hash token distribution. Mapping each physical server to 100-200 virtual nodes creates a balanced, uniform distribution across the ring. (Bloom's Taxonomy Level 3: Application & Troubleshooting)."
sys-1k-0465,Distributed Transactions & Saga,hard,Why is Orchestrated Saga preferred over Choreographed Saga for complex distributed workflows with many microservice dependencies?,"// Order Saga Orchestrator:
// 1. ReserveStock -> 2. ProcessPayment -> 3. DispatchShipment
// If Step 2 fails -> Trigger CompensateStock()","An Orchestrator provides a centralized state machine with clear compensation visibility, preventing cyclic event mesh deadlocks and event spaghetti.",Choreography is prohibited by ISO 20022 standards.,Orchestrator eliminates network communication between services.,Choreography consumes 100x more memory than orchestration.,A,"In complex workflows, an orchestrator coordinates transactions centrally, tracks timeouts, and invokes compensating rollbacks predictably without tangled event dependencies. (Bloom's Taxonomy Level 3: Application & Troubleshooting)."
sys-1k-0466,Transactional Outbox & CDC,medium,How does the Transactional Outbox pattern paired with Debezium CDC prevent data inconsistencies compared to dual writes?,"// Local ACID Transaction:
orderRepo.save(order);
outboxRepo.save(new OutboxEvent(""OrderCreated"", order.getId()));",The entity update and outbox record are committed atomically in the same local database transaction; Debezium streams WAL commits to Kafka with at-least-once guarantee.,It converts Kafka topics into relational database tables.,It eliminates the need for database transaction logs entirely.,It guarantees zero network latency across microservices.,A,"Dual-writes fail if the DB commit succeeds but Kafka send fails. The Outbox pattern writes to the local DB table atomically, and Debezium tails the database WAL to publish events reliably. (Bloom's Taxonomy Level 3: Application & Troubleshooting)."
sys-1k-0467,Distributed Consensus (Raft & Paxos),easy,"Under Raft consensus rules, why will a follower node refuse to vote for a candidate even if the candidate's term is higher?","// 5-Node Raft Cluster
// Node 1 initiates election with Term 4",If the candidate's log is less up-to-date (has lower last log term or shorter log length) than the follower's own log.,If the candidate's IP address is numerically higher than the follower.,If the follower has been online for more than 10 minutes.,If the candidate uses UDP packets instead of TCP.,A,"The Raft Leader Completeness invariant requires that a follower grants a vote only if the candidate's log is at least as up-to-date as the voter's own log (higher term, or same term with longer index). (Bloom's Taxonomy Level 3: Application & Troubleshooting)."
sys-1k-0468,Distributed Caching & Stampede Mitigation,hard,How does the XFetch algorithm eliminate Cache Stampede (Thundering Herd) when a hot key expires under high concurrency?,"// XFetch Algorithm:
// if ( -delta * beta * ln(random()) ) >= remaining_ttl -> trigger refresh","The probability of a background reader recalculating and updating the cache key increases asymptotically to 1.0 as TTL nears zero, refreshing the cache prior to actual expiry.",It drops all incoming traffic when the cache key reaches 0 TTL.,It locks all Redis shards to single-threaded sequential execution.,It forces the client browser to compute the database query.,A,"XFetch probabilistically triggers early refresh based on computation cost (delta) and TTL. A single reader refreshes the cache ahead of expiration, preventing massive database thundering herds. (Bloom's Taxonomy Level 3: Application & Troubleshooting)."
sys-1k-0469,Distributed Rate Limiting,medium,Why is a Redis Lua script essential for distributed rate limiting across multiple app servers?,"local key = KEYS[1]
local limit = tonumber(ARGV[1])
local current = tonumber(redis.call('get', key) or '0')
if current + 1 > limit then return 0 else redis.call('incrby', key, 1) return 1 end","Redis executes Lua scripts atomically in its single-threaded event loop, preventing Time-of-Check to Time-of-Use (TOCTOU) race conditions across concurrent servers.",Lua scripts execute inside the client's browser JavaScript engine.,Separate GET and SET commands are banned by HTTP/2.,Lua scripts store rate limit counters in CPU registers.,A,"Separate GET and SET calls allow concurrent servers to interleave commands, exceeding rate limits. Lua scripts execute atomically in Redis without race conditions. (Bloom's Taxonomy Level 3: Application & Troubleshooting)."
sys-1k-0470,Database Storage Engines & Indexing,easy,"Why do write-heavy distributed databases (Cassandra, RocksDB) utilize Log-Structured Merge-Trees instead of B-Trees?",// LSM Pipeline: Append to WAL -> Insert into MemTable -> Flush to SSTables,"LSM-Trees transform random disk writes into sequential append-only writes, maximizing disk throughput and minimizing disk write amplification.",B-Trees cannot store numeric floating point values.,LSM-Trees do not use persistent disk storage.,LSM-Trees perform random in-place updates directly on flash memory.,A,"B-Trees perform random in-place disk page updates, causing heavy write amplification. LSM-Trees append sequentially to WAL and MemTable, periodically compacting immutable SSTables. (Bloom's Taxonomy Level 3: Application & Troubleshooting)."
sys-1k-0471,Message Queues & Kafka Internals,hard,How does the Kafka Transaction Coordinator prevent zombie producers from committing split-brain transactions after a network partition?,"producer.initTransactions();
producer.beginTransaction();
producer.send(record);
producer.commitTransaction();","It increments the producer epoch for that transactional.id, causing brokers to reject any subsequent writes from the old producer instance with ProducerFencedException.",It blocks the old producer's IP address on the Linux kernel firewall.,It automatically deletes the target topic partition.,It forces all broker nodes to reboot.,A,"When a new producer instance initializes with a transactional ID, the coordinator bumps the epoch. Any late writes from the old zombie instance are rejected with ProducerFencedException. (Bloom's Taxonomy Level 3: Application & Troubleshooting)."
sys-1k-0472,Consistent Hashing & Partitioning,medium,What critical problem do Virtual Nodes solve in Consistent Hashing topologies?,"// Hash Ring: 0 to 2^32 - 1
// Physical Nodes mapped to 150 Virtual Nodes each","They prevent hot-spot data skew by distributing token positions evenly across the hash ring, ensuring uniform load distribution when nodes join or leave.",They eliminate the need for hash functions.,They reduce network bandwidth to zero.,They convert distributed hash tables into single-node in-memory lists.,A,"Without virtual nodes, a small cluster has uneven hash token distribution. Mapping each physical server to 100-200 virtual nodes creates a balanced, uniform distribution across the ring. (Bloom's Taxonomy Level 3: Application & Troubleshooting)."
sys-1k-0473,Distributed Transactions & Saga,easy,Why is Orchestrated Saga preferred over Choreographed Saga for complex distributed workflows with many microservice dependencies?,"// Order Saga Orchestrator:
// 1. ReserveStock -> 2. ProcessPayment -> 3. DispatchShipment
// If Step 2 fails -> Trigger CompensateStock()","An Orchestrator provides a centralized state machine with clear compensation visibility, preventing cyclic event mesh deadlocks and event spaghetti.",Choreography is prohibited by ISO 20022 standards.,Orchestrator eliminates network communication between services.,Choreography consumes 100x more memory than orchestration.,A,"In complex workflows, an orchestrator coordinates transactions centrally, tracks timeouts, and invokes compensating rollbacks predictably without tangled event dependencies. (Bloom's Taxonomy Level 3: Application & Troubleshooting)."
sys-1k-0474,Transactional Outbox & CDC,hard,How does the Transactional Outbox pattern paired with Debezium CDC prevent data inconsistencies compared to dual writes?,"// Local ACID Transaction:
orderRepo.save(order);
outboxRepo.save(new OutboxEvent(""OrderCreated"", order.getId()));",The entity update and outbox record are committed atomically in the same local database transaction; Debezium streams WAL commits to Kafka with at-least-once guarantee.,It converts Kafka topics into relational database tables.,It eliminates the need for database transaction logs entirely.,It guarantees zero network latency across microservices.,A,"Dual-writes fail if the DB commit succeeds but Kafka send fails. The Outbox pattern writes to the local DB table atomically, and Debezium tails the database WAL to publish events reliably. (Bloom's Taxonomy Level 3: Application & Troubleshooting)."
sys-1k-0475,Distributed Consensus (Raft & Paxos),medium,"Under Raft consensus rules, why will a follower node refuse to vote for a candidate even if the candidate's term is higher?","// 5-Node Raft Cluster
// Node 1 initiates election with Term 4",If the candidate's log is less up-to-date (has lower last log term or shorter log length) than the follower's own log.,If the candidate's IP address is numerically higher than the follower.,If the follower has been online for more than 10 minutes.,If the candidate uses UDP packets instead of TCP.,A,"The Raft Leader Completeness invariant requires that a follower grants a vote only if the candidate's log is at least as up-to-date as the voter's own log (higher term, or same term with longer index). (Bloom's Taxonomy Level 3: Application & Troubleshooting)."
sys-1k-0476,Distributed Caching & Stampede Mitigation,easy,How does the XFetch algorithm eliminate Cache Stampede (Thundering Herd) when a hot key expires under high concurrency?,"// XFetch Algorithm:
// if ( -delta * beta * ln(random()) ) >= remaining_ttl -> trigger refresh","The probability of a background reader recalculating and updating the cache key increases asymptotically to 1.0 as TTL nears zero, refreshing the cache prior to actual expiry.",It drops all incoming traffic when the cache key reaches 0 TTL.,It locks all Redis shards to single-threaded sequential execution.,It forces the client browser to compute the database query.,A,"XFetch probabilistically triggers early refresh based on computation cost (delta) and TTL. A single reader refreshes the cache ahead of expiration, preventing massive database thundering herds. (Bloom's Taxonomy Level 3: Application & Troubleshooting)."
sys-1k-0477,Distributed Rate Limiting,hard,Why is a Redis Lua script essential for distributed rate limiting across multiple app servers?,"local key = KEYS[1]
local limit = tonumber(ARGV[1])
local current = tonumber(redis.call('get', key) or '0')
if current + 1 > limit then return 0 else redis.call('incrby', key, 1) return 1 end","Redis executes Lua scripts atomically in its single-threaded event loop, preventing Time-of-Check to Time-of-Use (TOCTOU) race conditions across concurrent servers.",Lua scripts execute inside the client's browser JavaScript engine.,Separate GET and SET commands are banned by HTTP/2.,Lua scripts store rate limit counters in CPU registers.,A,"Separate GET and SET calls allow concurrent servers to interleave commands, exceeding rate limits. Lua scripts execute atomically in Redis without race conditions. (Bloom's Taxonomy Level 3: Application & Troubleshooting)."
sys-1k-0478,Database Storage Engines & Indexing,medium,"Why do write-heavy distributed databases (Cassandra, RocksDB) utilize Log-Structured Merge-Trees instead of B-Trees?",// LSM Pipeline: Append to WAL -> Insert into MemTable -> Flush to SSTables,"LSM-Trees transform random disk writes into sequential append-only writes, maximizing disk throughput and minimizing disk write amplification.",B-Trees cannot store numeric floating point values.,LSM-Trees do not use persistent disk storage.,LSM-Trees perform random in-place updates directly on flash memory.,A,"B-Trees perform random in-place disk page updates, causing heavy write amplification. LSM-Trees append sequentially to WAL and MemTable, periodically compacting immutable SSTables. (Bloom's Taxonomy Level 3: Application & Troubleshooting)."
sys-1k-0479,Message Queues & Kafka Internals,easy,How does the Kafka Transaction Coordinator prevent zombie producers from committing split-brain transactions after a network partition?,"producer.initTransactions();
producer.beginTransaction();
producer.send(record);
producer.commitTransaction();","It increments the producer epoch for that transactional.id, causing brokers to reject any subsequent writes from the old producer instance with ProducerFencedException.",It blocks the old producer's IP address on the Linux kernel firewall.,It automatically deletes the target topic partition.,It forces all broker nodes to reboot.,A,"When a new producer instance initializes with a transactional ID, the coordinator bumps the epoch. Any late writes from the old zombie instance are rejected with ProducerFencedException. (Bloom's Taxonomy Level 3: Application & Troubleshooting)."
sys-1k-0480,Consistent Hashing & Partitioning,hard,What critical problem do Virtual Nodes solve in Consistent Hashing topologies?,"// Hash Ring: 0 to 2^32 - 1
// Physical Nodes mapped to 150 Virtual Nodes each","They prevent hot-spot data skew by distributing token positions evenly across the hash ring, ensuring uniform load distribution when nodes join or leave.",They eliminate the need for hash functions.,They reduce network bandwidth to zero.,They convert distributed hash tables into single-node in-memory lists.,A,"Without virtual nodes, a small cluster has uneven hash token distribution. Mapping each physical server to 100-200 virtual nodes creates a balanced, uniform distribution across the ring. (Bloom's Taxonomy Level 3: Application & Troubleshooting)."
sys-1k-0481,Distributed Transactions & Saga,medium,Why is Orchestrated Saga preferred over Choreographed Saga for complex distributed workflows with many microservice dependencies?,"// Order Saga Orchestrator:
// 1. ReserveStock -> 2. ProcessPayment -> 3. DispatchShipment
// If Step 2 fails -> Trigger CompensateStock()","An Orchestrator provides a centralized state machine with clear compensation visibility, preventing cyclic event mesh deadlocks and event spaghetti.",Choreography is prohibited by ISO 20022 standards.,Orchestrator eliminates network communication between services.,Choreography consumes 100x more memory than orchestration.,A,"In complex workflows, an orchestrator coordinates transactions centrally, tracks timeouts, and invokes compensating rollbacks predictably without tangled event dependencies. (Bloom's Taxonomy Level 3: Application & Troubleshooting)."
sys-1k-0482,Transactional Outbox & CDC,easy,How does the Transactional Outbox pattern paired with Debezium CDC prevent data inconsistencies compared to dual writes?,"// Local ACID Transaction:
orderRepo.save(order);
outboxRepo.save(new OutboxEvent(""OrderCreated"", order.getId()));",The entity update and outbox record are committed atomically in the same local database transaction; Debezium streams WAL commits to Kafka with at-least-once guarantee.,It converts Kafka topics into relational database tables.,It eliminates the need for database transaction logs entirely.,It guarantees zero network latency across microservices.,A,"Dual-writes fail if the DB commit succeeds but Kafka send fails. The Outbox pattern writes to the local DB table atomically, and Debezium tails the database WAL to publish events reliably. (Bloom's Taxonomy Level 3: Application & Troubleshooting)."
sys-1k-0483,Distributed Consensus (Raft & Paxos),hard,"Under Raft consensus rules, why will a follower node refuse to vote for a candidate even if the candidate's term is higher?","// 5-Node Raft Cluster
// Node 1 initiates election with Term 4",If the candidate's log is less up-to-date (has lower last log term or shorter log length) than the follower's own log.,If the candidate's IP address is numerically higher than the follower.,If the follower has been online for more than 10 minutes.,If the candidate uses UDP packets instead of TCP.,A,"The Raft Leader Completeness invariant requires that a follower grants a vote only if the candidate's log is at least as up-to-date as the voter's own log (higher term, or same term with longer index). (Bloom's Taxonomy Level 3: Application & Troubleshooting)."
sys-1k-0484,Distributed Caching & Stampede Mitigation,medium,How does the XFetch algorithm eliminate Cache Stampede (Thundering Herd) when a hot key expires under high concurrency?,"// XFetch Algorithm:
// if ( -delta * beta * ln(random()) ) >= remaining_ttl -> trigger refresh","The probability of a background reader recalculating and updating the cache key increases asymptotically to 1.0 as TTL nears zero, refreshing the cache prior to actual expiry.",It drops all incoming traffic when the cache key reaches 0 TTL.,It locks all Redis shards to single-threaded sequential execution.,It forces the client browser to compute the database query.,A,"XFetch probabilistically triggers early refresh based on computation cost (delta) and TTL. A single reader refreshes the cache ahead of expiration, preventing massive database thundering herds. (Bloom's Taxonomy Level 3: Application & Troubleshooting)."
sys-1k-0485,Distributed Rate Limiting,easy,Why is a Redis Lua script essential for distributed rate limiting across multiple app servers?,"local key = KEYS[1]
local limit = tonumber(ARGV[1])
local current = tonumber(redis.call('get', key) or '0')
if current + 1 > limit then return 0 else redis.call('incrby', key, 1) return 1 end","Redis executes Lua scripts atomically in its single-threaded event loop, preventing Time-of-Check to Time-of-Use (TOCTOU) race conditions across concurrent servers.",Lua scripts execute inside the client's browser JavaScript engine.,Separate GET and SET commands are banned by HTTP/2.,Lua scripts store rate limit counters in CPU registers.,A,"Separate GET and SET calls allow concurrent servers to interleave commands, exceeding rate limits. Lua scripts execute atomically in Redis without race conditions. (Bloom's Taxonomy Level 3: Application & Troubleshooting)."
sys-1k-0486,Database Storage Engines & Indexing,hard,"Why do write-heavy distributed databases (Cassandra, RocksDB) utilize Log-Structured Merge-Trees instead of B-Trees?",// LSM Pipeline: Append to WAL -> Insert into MemTable -> Flush to SSTables,"LSM-Trees transform random disk writes into sequential append-only writes, maximizing disk throughput and minimizing disk write amplification.",B-Trees cannot store numeric floating point values.,LSM-Trees do not use persistent disk storage.,LSM-Trees perform random in-place updates directly on flash memory.,A,"B-Trees perform random in-place disk page updates, causing heavy write amplification. LSM-Trees append sequentially to WAL and MemTable, periodically compacting immutable SSTables. (Bloom's Taxonomy Level 3: Application & Troubleshooting)."
sys-1k-0487,Message Queues & Kafka Internals,medium,How does the Kafka Transaction Coordinator prevent zombie producers from committing split-brain transactions after a network partition?,"producer.initTransactions();
producer.beginTransaction();
producer.send(record);
producer.commitTransaction();","It increments the producer epoch for that transactional.id, causing brokers to reject any subsequent writes from the old producer instance with ProducerFencedException.",It blocks the old producer's IP address on the Linux kernel firewall.,It automatically deletes the target topic partition.,It forces all broker nodes to reboot.,A,"When a new producer instance initializes with a transactional ID, the coordinator bumps the epoch. Any late writes from the old zombie instance are rejected with ProducerFencedException. (Bloom's Taxonomy Level 3: Application & Troubleshooting)."
sys-1k-0488,Consistent Hashing & Partitioning,easy,What critical problem do Virtual Nodes solve in Consistent Hashing topologies?,"// Hash Ring: 0 to 2^32 - 1
// Physical Nodes mapped to 150 Virtual Nodes each","They prevent hot-spot data skew by distributing token positions evenly across the hash ring, ensuring uniform load distribution when nodes join or leave.",They eliminate the need for hash functions.,They reduce network bandwidth to zero.,They convert distributed hash tables into single-node in-memory lists.,A,"Without virtual nodes, a small cluster has uneven hash token distribution. Mapping each physical server to 100-200 virtual nodes creates a balanced, uniform distribution across the ring. (Bloom's Taxonomy Level 3: Application & Troubleshooting)."
sys-1k-0489,Distributed Transactions & Saga,hard,Why is Orchestrated Saga preferred over Choreographed Saga for complex distributed workflows with many microservice dependencies?,"// Order Saga Orchestrator:
// 1. ReserveStock -> 2. ProcessPayment -> 3. DispatchShipment
// If Step 2 fails -> Trigger CompensateStock()","An Orchestrator provides a centralized state machine with clear compensation visibility, preventing cyclic event mesh deadlocks and event spaghetti.",Choreography is prohibited by ISO 20022 standards.,Orchestrator eliminates network communication between services.,Choreography consumes 100x more memory than orchestration.,A,"In complex workflows, an orchestrator coordinates transactions centrally, tracks timeouts, and invokes compensating rollbacks predictably without tangled event dependencies. (Bloom's Taxonomy Level 3: Application & Troubleshooting)."
sys-1k-0490,Transactional Outbox & CDC,medium,How does the Transactional Outbox pattern paired with Debezium CDC prevent data inconsistencies compared to dual writes?,"// Local ACID Transaction:
orderRepo.save(order);
outboxRepo.save(new OutboxEvent(""OrderCreated"", order.getId()));",The entity update and outbox record are committed atomically in the same local database transaction; Debezium streams WAL commits to Kafka with at-least-once guarantee.,It converts Kafka topics into relational database tables.,It eliminates the need for database transaction logs entirely.,It guarantees zero network latency across microservices.,A,"Dual-writes fail if the DB commit succeeds but Kafka send fails. The Outbox pattern writes to the local DB table atomically, and Debezium tails the database WAL to publish events reliably. (Bloom's Taxonomy Level 3: Application & Troubleshooting)."
sys-1k-0491,Distributed Consensus (Raft & Paxos),easy,"Under Raft consensus rules, why will a follower node refuse to vote for a candidate even if the candidate's term is higher?","// 5-Node Raft Cluster
// Node 1 initiates election with Term 4",If the candidate's log is less up-to-date (has lower last log term or shorter log length) than the follower's own log.,If the candidate's IP address is numerically higher than the follower.,If the follower has been online for more than 10 minutes.,If the candidate uses UDP packets instead of TCP.,A,"The Raft Leader Completeness invariant requires that a follower grants a vote only if the candidate's log is at least as up-to-date as the voter's own log (higher term, or same term with longer index). (Bloom's Taxonomy Level 3: Application & Troubleshooting)."
sys-1k-0492,Distributed Caching & Stampede Mitigation,hard,How does the XFetch algorithm eliminate Cache Stampede (Thundering Herd) when a hot key expires under high concurrency?,"// XFetch Algorithm:
// if ( -delta * beta * ln(random()) ) >= remaining_ttl -> trigger refresh","The probability of a background reader recalculating and updating the cache key increases asymptotically to 1.0 as TTL nears zero, refreshing the cache prior to actual expiry.",It drops all incoming traffic when the cache key reaches 0 TTL.,It locks all Redis shards to single-threaded sequential execution.,It forces the client browser to compute the database query.,A,"XFetch probabilistically triggers early refresh based on computation cost (delta) and TTL. A single reader refreshes the cache ahead of expiration, preventing massive database thundering herds. (Bloom's Taxonomy Level 3: Application & Troubleshooting)."
sys-1k-0493,Distributed Rate Limiting,medium,Why is a Redis Lua script essential for distributed rate limiting across multiple app servers?,"local key = KEYS[1]
local limit = tonumber(ARGV[1])
local current = tonumber(redis.call('get', key) or '0')
if current + 1 > limit then return 0 else redis.call('incrby', key, 1) return 1 end","Redis executes Lua scripts atomically in its single-threaded event loop, preventing Time-of-Check to Time-of-Use (TOCTOU) race conditions across concurrent servers.",Lua scripts execute inside the client's browser JavaScript engine.,Separate GET and SET commands are banned by HTTP/2.,Lua scripts store rate limit counters in CPU registers.,A,"Separate GET and SET calls allow concurrent servers to interleave commands, exceeding rate limits. Lua scripts execute atomically in Redis without race conditions. (Bloom's Taxonomy Level 3: Application & Troubleshooting)."
sys-1k-0494,Database Storage Engines & Indexing,easy,"Why do write-heavy distributed databases (Cassandra, RocksDB) utilize Log-Structured Merge-Trees instead of B-Trees?",// LSM Pipeline: Append to WAL -> Insert into MemTable -> Flush to SSTables,"LSM-Trees transform random disk writes into sequential append-only writes, maximizing disk throughput and minimizing disk write amplification.",B-Trees cannot store numeric floating point values.,LSM-Trees do not use persistent disk storage.,LSM-Trees perform random in-place updates directly on flash memory.,A,"B-Trees perform random in-place disk page updates, causing heavy write amplification. LSM-Trees append sequentially to WAL and MemTable, periodically compacting immutable SSTables. (Bloom's Taxonomy Level 3: Application & Troubleshooting)."
sys-1k-0495,Message Queues & Kafka Internals,hard,How does the Kafka Transaction Coordinator prevent zombie producers from committing split-brain transactions after a network partition?,"producer.initTransactions();
producer.beginTransaction();
producer.send(record);
producer.commitTransaction();","It increments the producer epoch for that transactional.id, causing brokers to reject any subsequent writes from the old producer instance with ProducerFencedException.",It blocks the old producer's IP address on the Linux kernel firewall.,It automatically deletes the target topic partition.,It forces all broker nodes to reboot.,A,"When a new producer instance initializes with a transactional ID, the coordinator bumps the epoch. Any late writes from the old zombie instance are rejected with ProducerFencedException. (Bloom's Taxonomy Level 3: Application & Troubleshooting)."
sys-1k-0496,Consistent Hashing & Partitioning,medium,What critical problem do Virtual Nodes solve in Consistent Hashing topologies?,"// Hash Ring: 0 to 2^32 - 1
// Physical Nodes mapped to 150 Virtual Nodes each","They prevent hot-spot data skew by distributing token positions evenly across the hash ring, ensuring uniform load distribution when nodes join or leave.",They eliminate the need for hash functions.,They reduce network bandwidth to zero.,They convert distributed hash tables into single-node in-memory lists.,A,"Without virtual nodes, a small cluster has uneven hash token distribution. Mapping each physical server to 100-200 virtual nodes creates a balanced, uniform distribution across the ring. (Bloom's Taxonomy Level 3: Application & Troubleshooting)."
sys-1k-0497,Distributed Transactions & Saga,easy,Why is Orchestrated Saga preferred over Choreographed Saga for complex distributed workflows with many microservice dependencies?,"// Order Saga Orchestrator:
// 1. ReserveStock -> 2. ProcessPayment -> 3. DispatchShipment
// If Step 2 fails -> Trigger CompensateStock()","An Orchestrator provides a centralized state machine with clear compensation visibility, preventing cyclic event mesh deadlocks and event spaghetti.",Choreography is prohibited by ISO 20022 standards.,Orchestrator eliminates network communication between services.,Choreography consumes 100x more memory than orchestration.,A,"In complex workflows, an orchestrator coordinates transactions centrally, tracks timeouts, and invokes compensating rollbacks predictably without tangled event dependencies. (Bloom's Taxonomy Level 3: Application & Troubleshooting)."
sys-1k-0498,Transactional Outbox & CDC,hard,How does the Transactional Outbox pattern paired with Debezium CDC prevent data inconsistencies compared to dual writes?,"// Local ACID Transaction:
orderRepo.save(order);
outboxRepo.save(new OutboxEvent(""OrderCreated"", order.getId()));",The entity update and outbox record are committed atomically in the same local database transaction; Debezium streams WAL commits to Kafka with at-least-once guarantee.,It converts Kafka topics into relational database tables.,It eliminates the need for database transaction logs entirely.,It guarantees zero network latency across microservices.,A,"Dual-writes fail if the DB commit succeeds but Kafka send fails. The Outbox pattern writes to the local DB table atomically, and Debezium tails the database WAL to publish events reliably. (Bloom's Taxonomy Level 3: Application & Troubleshooting)."
sys-1k-0499,Distributed Consensus (Raft & Paxos),medium,"Under Raft consensus rules, why will a follower node refuse to vote for a candidate even if the candidate's term is higher?","// 5-Node Raft Cluster
// Node 1 initiates election with Term 4",If the candidate's log is less up-to-date (has lower last log term or shorter log length) than the follower's own log.,If the candidate's IP address is numerically higher than the follower.,If the follower has been online for more than 10 minutes.,If the candidate uses UDP packets instead of TCP.,A,"The Raft Leader Completeness invariant requires that a follower grants a vote only if the candidate's log is at least as up-to-date as the voter's own log (higher term, or same term with longer index). (Bloom's Taxonomy Level 3: Application & Troubleshooting)."
sys-1k-0500,Distributed Caching & Stampede Mitigation,easy,How does the XFetch algorithm eliminate Cache Stampede (Thundering Herd) when a hot key expires under high concurrency?,"// XFetch Algorithm:
// if ( -delta * beta * ln(random()) ) >= remaining_ttl -> trigger refresh","The probability of a background reader recalculating and updating the cache key increases asymptotically to 1.0 as TTL nears zero, refreshing the cache prior to actual expiry.",It drops all incoming traffic when the cache key reaches 0 TTL.,It locks all Redis shards to single-threaded sequential execution.,It forces the client browser to compute the database query.,A,"XFetch probabilistically triggers early refresh based on computation cost (delta) and TTL. A single reader refreshes the cache ahead of expiration, preventing massive database thundering herds. (Bloom's Taxonomy Level 3: Application & Troubleshooting)."
sys-1k-0501,Distributed Rate Limiting,hard,Why is a Redis Lua script essential for distributed rate limiting across multiple app servers?,"local key = KEYS[1]
local limit = tonumber(ARGV[1])
local current = tonumber(redis.call('get', key) or '0')
if current + 1 > limit then return 0 else redis.call('incrby', key, 1) return 1 end","Redis executes Lua scripts atomically in its single-threaded event loop, preventing Time-of-Check to Time-of-Use (TOCTOU) race conditions across concurrent servers.",Lua scripts execute inside the client's browser JavaScript engine.,Separate GET and SET commands are banned by HTTP/2.,Lua scripts store rate limit counters in CPU registers.,A,"Separate GET and SET calls allow concurrent servers to interleave commands, exceeding rate limits. Lua scripts execute atomically in Redis without race conditions. (Bloom's Taxonomy Level 3: Application & Troubleshooting)."
sys-1k-0502,Database Storage Engines & Indexing,medium,"Why do write-heavy distributed databases (Cassandra, RocksDB) utilize Log-Structured Merge-Trees instead of B-Trees?",// LSM Pipeline: Append to WAL -> Insert into MemTable -> Flush to SSTables,"LSM-Trees transform random disk writes into sequential append-only writes, maximizing disk throughput and minimizing disk write amplification.",B-Trees cannot store numeric floating point values.,LSM-Trees do not use persistent disk storage.,LSM-Trees perform random in-place updates directly on flash memory.,A,"B-Trees perform random in-place disk page updates, causing heavy write amplification. LSM-Trees append sequentially to WAL and MemTable, periodically compacting immutable SSTables. (Bloom's Taxonomy Level 3: Application & Troubleshooting)."
sys-1k-0503,Message Queues & Kafka Internals,easy,How does the Kafka Transaction Coordinator prevent zombie producers from committing split-brain transactions after a network partition?,"producer.initTransactions();
producer.beginTransaction();
producer.send(record);
producer.commitTransaction();","It increments the producer epoch for that transactional.id, causing brokers to reject any subsequent writes from the old producer instance with ProducerFencedException.",It blocks the old producer's IP address on the Linux kernel firewall.,It automatically deletes the target topic partition.,It forces all broker nodes to reboot.,A,"When a new producer instance initializes with a transactional ID, the coordinator bumps the epoch. Any late writes from the old zombie instance are rejected with ProducerFencedException. (Bloom's Taxonomy Level 3: Application & Troubleshooting)."
sys-1k-0504,Consistent Hashing & Partitioning,hard,What critical problem do Virtual Nodes solve in Consistent Hashing topologies?,"// Hash Ring: 0 to 2^32 - 1
// Physical Nodes mapped to 150 Virtual Nodes each","They prevent hot-spot data skew by distributing token positions evenly across the hash ring, ensuring uniform load distribution when nodes join or leave.",They eliminate the need for hash functions.,They reduce network bandwidth to zero.,They convert distributed hash tables into single-node in-memory lists.,A,"Without virtual nodes, a small cluster has uneven hash token distribution. Mapping each physical server to 100-200 virtual nodes creates a balanced, uniform distribution across the ring. (Bloom's Taxonomy Level 3: Application & Troubleshooting)."
sys-1k-0505,Distributed Transactions & Saga,medium,Why is Orchestrated Saga preferred over Choreographed Saga for complex distributed workflows with many microservice dependencies?,"// Order Saga Orchestrator:
// 1. ReserveStock -> 2. ProcessPayment -> 3. DispatchShipment
// If Step 2 fails -> Trigger CompensateStock()","An Orchestrator provides a centralized state machine with clear compensation visibility, preventing cyclic event mesh deadlocks and event spaghetti.",Choreography is prohibited by ISO 20022 standards.,Orchestrator eliminates network communication between services.,Choreography consumes 100x more memory than orchestration.,A,"In complex workflows, an orchestrator coordinates transactions centrally, tracks timeouts, and invokes compensating rollbacks predictably without tangled event dependencies. (Bloom's Taxonomy Level 3: Application & Troubleshooting)."
sys-1k-0506,Transactional Outbox & CDC,easy,How does the Transactional Outbox pattern paired with Debezium CDC prevent data inconsistencies compared to dual writes?,"// Local ACID Transaction:
orderRepo.save(order);
outboxRepo.save(new OutboxEvent(""OrderCreated"", order.getId()));",The entity update and outbox record are committed atomically in the same local database transaction; Debezium streams WAL commits to Kafka with at-least-once guarantee.,It converts Kafka topics into relational database tables.,It eliminates the need for database transaction logs entirely.,It guarantees zero network latency across microservices.,A,"Dual-writes fail if the DB commit succeeds but Kafka send fails. The Outbox pattern writes to the local DB table atomically, and Debezium tails the database WAL to publish events reliably. (Bloom's Taxonomy Level 3: Application & Troubleshooting)."
sys-1k-0507,Distributed Consensus (Raft & Paxos),hard,"Under Raft consensus rules, why will a follower node refuse to vote for a candidate even if the candidate's term is higher?","// 5-Node Raft Cluster
// Node 1 initiates election with Term 4",If the candidate's log is less up-to-date (has lower last log term or shorter log length) than the follower's own log.,If the candidate's IP address is numerically higher than the follower.,If the follower has been online for more than 10 minutes.,If the candidate uses UDP packets instead of TCP.,A,"The Raft Leader Completeness invariant requires that a follower grants a vote only if the candidate's log is at least as up-to-date as the voter's own log (higher term, or same term with longer index). (Bloom's Taxonomy Level 3: Application & Troubleshooting)."
sys-1k-0508,Distributed Caching & Stampede Mitigation,medium,How does the XFetch algorithm eliminate Cache Stampede (Thundering Herd) when a hot key expires under high concurrency?,"// XFetch Algorithm:
// if ( -delta * beta * ln(random()) ) >= remaining_ttl -> trigger refresh","The probability of a background reader recalculating and updating the cache key increases asymptotically to 1.0 as TTL nears zero, refreshing the cache prior to actual expiry.",It drops all incoming traffic when the cache key reaches 0 TTL.,It locks all Redis shards to single-threaded sequential execution.,It forces the client browser to compute the database query.,A,"XFetch probabilistically triggers early refresh based on computation cost (delta) and TTL. A single reader refreshes the cache ahead of expiration, preventing massive database thundering herds. (Bloom's Taxonomy Level 3: Application & Troubleshooting)."
sys-1k-0509,Distributed Rate Limiting,easy,Why is a Redis Lua script essential for distributed rate limiting across multiple app servers?,"local key = KEYS[1]
local limit = tonumber(ARGV[1])
local current = tonumber(redis.call('get', key) or '0')
if current + 1 > limit then return 0 else redis.call('incrby', key, 1) return 1 end","Redis executes Lua scripts atomically in its single-threaded event loop, preventing Time-of-Check to Time-of-Use (TOCTOU) race conditions across concurrent servers.",Lua scripts execute inside the client's browser JavaScript engine.,Separate GET and SET commands are banned by HTTP/2.,Lua scripts store rate limit counters in CPU registers.,A,"Separate GET and SET calls allow concurrent servers to interleave commands, exceeding rate limits. Lua scripts execute atomically in Redis without race conditions. (Bloom's Taxonomy Level 3: Application & Troubleshooting)."
sys-1k-0510,Database Storage Engines & Indexing,hard,"Why do write-heavy distributed databases (Cassandra, RocksDB) utilize Log-Structured Merge-Trees instead of B-Trees?",// LSM Pipeline: Append to WAL -> Insert into MemTable -> Flush to SSTables,"LSM-Trees transform random disk writes into sequential append-only writes, maximizing disk throughput and minimizing disk write amplification.",B-Trees cannot store numeric floating point values.,LSM-Trees do not use persistent disk storage.,LSM-Trees perform random in-place updates directly on flash memory.,A,"B-Trees perform random in-place disk page updates, causing heavy write amplification. LSM-Trees append sequentially to WAL and MemTable, periodically compacting immutable SSTables. (Bloom's Taxonomy Level 3: Application & Troubleshooting)."
sys-1k-0511,Message Queues & Kafka Internals,medium,How does the Kafka Transaction Coordinator prevent zombie producers from committing split-brain transactions after a network partition?,"producer.initTransactions();
producer.beginTransaction();
producer.send(record);
producer.commitTransaction();","It increments the producer epoch for that transactional.id, causing brokers to reject any subsequent writes from the old producer instance with ProducerFencedException.",It blocks the old producer's IP address on the Linux kernel firewall.,It automatically deletes the target topic partition.,It forces all broker nodes to reboot.,A,"When a new producer instance initializes with a transactional ID, the coordinator bumps the epoch. Any late writes from the old zombie instance are rejected with ProducerFencedException. (Bloom's Taxonomy Level 3: Application & Troubleshooting)."
sys-1k-0512,Consistent Hashing & Partitioning,easy,What critical problem do Virtual Nodes solve in Consistent Hashing topologies?,"// Hash Ring: 0 to 2^32 - 1
// Physical Nodes mapped to 150 Virtual Nodes each","They prevent hot-spot data skew by distributing token positions evenly across the hash ring, ensuring uniform load distribution when nodes join or leave.",They eliminate the need for hash functions.,They reduce network bandwidth to zero.,They convert distributed hash tables into single-node in-memory lists.,A,"Without virtual nodes, a small cluster has uneven hash token distribution. Mapping each physical server to 100-200 virtual nodes creates a balanced, uniform distribution across the ring. (Bloom's Taxonomy Level 3: Application & Troubleshooting)."
sys-1k-0513,Distributed Transactions & Saga,hard,Why is Orchestrated Saga preferred over Choreographed Saga for complex distributed workflows with many microservice dependencies?,"// Order Saga Orchestrator:
// 1. ReserveStock -> 2. ProcessPayment -> 3. DispatchShipment
// If Step 2 fails -> Trigger CompensateStock()","An Orchestrator provides a centralized state machine with clear compensation visibility, preventing cyclic event mesh deadlocks and event spaghetti.",Choreography is prohibited by ISO 20022 standards.,Orchestrator eliminates network communication between services.,Choreography consumes 100x more memory than orchestration.,A,"In complex workflows, an orchestrator coordinates transactions centrally, tracks timeouts, and invokes compensating rollbacks predictably without tangled event dependencies. (Bloom's Taxonomy Level 3: Application & Troubleshooting)."
sys-1k-0514,Transactional Outbox & CDC,medium,How does the Transactional Outbox pattern paired with Debezium CDC prevent data inconsistencies compared to dual writes?,"// Local ACID Transaction:
orderRepo.save(order);
outboxRepo.save(new OutboxEvent(""OrderCreated"", order.getId()));",The entity update and outbox record are committed atomically in the same local database transaction; Debezium streams WAL commits to Kafka with at-least-once guarantee.,It converts Kafka topics into relational database tables.,It eliminates the need for database transaction logs entirely.,It guarantees zero network latency across microservices.,A,"Dual-writes fail if the DB commit succeeds but Kafka send fails. The Outbox pattern writes to the local DB table atomically, and Debezium tails the database WAL to publish events reliably. (Bloom's Taxonomy Level 3: Application & Troubleshooting)."
sys-1k-0515,Distributed Consensus (Raft & Paxos),easy,"Under Raft consensus rules, why will a follower node refuse to vote for a candidate even if the candidate's term is higher?","// 5-Node Raft Cluster
// Node 1 initiates election with Term 4",If the candidate's log is less up-to-date (has lower last log term or shorter log length) than the follower's own log.,If the candidate's IP address is numerically higher than the follower.,If the follower has been online for more than 10 minutes.,If the candidate uses UDP packets instead of TCP.,A,"The Raft Leader Completeness invariant requires that a follower grants a vote only if the candidate's log is at least as up-to-date as the voter's own log (higher term, or same term with longer index). (Bloom's Taxonomy Level 3: Application & Troubleshooting)."
sys-1k-0516,Distributed Caching & Stampede Mitigation,hard,How does the XFetch algorithm eliminate Cache Stampede (Thundering Herd) when a hot key expires under high concurrency?,"// XFetch Algorithm:
// if ( -delta * beta * ln(random()) ) >= remaining_ttl -> trigger refresh","The probability of a background reader recalculating and updating the cache key increases asymptotically to 1.0 as TTL nears zero, refreshing the cache prior to actual expiry.",It drops all incoming traffic when the cache key reaches 0 TTL.,It locks all Redis shards to single-threaded sequential execution.,It forces the client browser to compute the database query.,A,"XFetch probabilistically triggers early refresh based on computation cost (delta) and TTL. A single reader refreshes the cache ahead of expiration, preventing massive database thundering herds. (Bloom's Taxonomy Level 3: Application & Troubleshooting)."
sys-1k-0517,Distributed Rate Limiting,medium,Why is a Redis Lua script essential for distributed rate limiting across multiple app servers?,"local key = KEYS[1]
local limit = tonumber(ARGV[1])
local current = tonumber(redis.call('get', key) or '0')
if current + 1 > limit then return 0 else redis.call('incrby', key, 1) return 1 end","Redis executes Lua scripts atomically in its single-threaded event loop, preventing Time-of-Check to Time-of-Use (TOCTOU) race conditions across concurrent servers.",Lua scripts execute inside the client's browser JavaScript engine.,Separate GET and SET commands are banned by HTTP/2.,Lua scripts store rate limit counters in CPU registers.,A,"Separate GET and SET calls allow concurrent servers to interleave commands, exceeding rate limits. Lua scripts execute atomically in Redis without race conditions. (Bloom's Taxonomy Level 3: Application & Troubleshooting)."
sys-1k-0518,Database Storage Engines & Indexing,easy,"Why do write-heavy distributed databases (Cassandra, RocksDB) utilize Log-Structured Merge-Trees instead of B-Trees?",// LSM Pipeline: Append to WAL -> Insert into MemTable -> Flush to SSTables,"LSM-Trees transform random disk writes into sequential append-only writes, maximizing disk throughput and minimizing disk write amplification.",B-Trees cannot store numeric floating point values.,LSM-Trees do not use persistent disk storage.,LSM-Trees perform random in-place updates directly on flash memory.,A,"B-Trees perform random in-place disk page updates, causing heavy write amplification. LSM-Trees append sequentially to WAL and MemTable, periodically compacting immutable SSTables. (Bloom's Taxonomy Level 3: Application & Troubleshooting)."
sys-1k-0519,Message Queues & Kafka Internals,hard,How does the Kafka Transaction Coordinator prevent zombie producers from committing split-brain transactions after a network partition?,"producer.initTransactions();
producer.beginTransaction();
producer.send(record);
producer.commitTransaction();","It increments the producer epoch for that transactional.id, causing brokers to reject any subsequent writes from the old producer instance with ProducerFencedException.",It blocks the old producer's IP address on the Linux kernel firewall.,It automatically deletes the target topic partition.,It forces all broker nodes to reboot.,A,"When a new producer instance initializes with a transactional ID, the coordinator bumps the epoch. Any late writes from the old zombie instance are rejected with ProducerFencedException. (Bloom's Taxonomy Level 3: Application & Troubleshooting)."
sys-1k-0520,Consistent Hashing & Partitioning,medium,What critical problem do Virtual Nodes solve in Consistent Hashing topologies?,"// Hash Ring: 0 to 2^32 - 1
// Physical Nodes mapped to 150 Virtual Nodes each","They prevent hot-spot data skew by distributing token positions evenly across the hash ring, ensuring uniform load distribution when nodes join or leave.",They eliminate the need for hash functions.,They reduce network bandwidth to zero.,They convert distributed hash tables into single-node in-memory lists.,A,"Without virtual nodes, a small cluster has uneven hash token distribution. Mapping each physical server to 100-200 virtual nodes creates a balanced, uniform distribution across the ring. (Bloom's Taxonomy Level 3: Application & Troubleshooting)."
sys-1k-0521,Distributed Transactions & Saga,easy,Why is Orchestrated Saga preferred over Choreographed Saga for complex distributed workflows with many microservice dependencies?,"// Order Saga Orchestrator:
// 1. ReserveStock -> 2. ProcessPayment -> 3. DispatchShipment
// If Step 2 fails -> Trigger CompensateStock()","An Orchestrator provides a centralized state machine with clear compensation visibility, preventing cyclic event mesh deadlocks and event spaghetti.",Choreography is prohibited by ISO 20022 standards.,Orchestrator eliminates network communication between services.,Choreography consumes 100x more memory than orchestration.,A,"In complex workflows, an orchestrator coordinates transactions centrally, tracks timeouts, and invokes compensating rollbacks predictably without tangled event dependencies. (Bloom's Taxonomy Level 3: Application & Troubleshooting)."
sys-1k-0522,Transactional Outbox & CDC,hard,How does the Transactional Outbox pattern paired with Debezium CDC prevent data inconsistencies compared to dual writes?,"// Local ACID Transaction:
orderRepo.save(order);
outboxRepo.save(new OutboxEvent(""OrderCreated"", order.getId()));",The entity update and outbox record are committed atomically in the same local database transaction; Debezium streams WAL commits to Kafka with at-least-once guarantee.,It converts Kafka topics into relational database tables.,It eliminates the need for database transaction logs entirely.,It guarantees zero network latency across microservices.,A,"Dual-writes fail if the DB commit succeeds but Kafka send fails. The Outbox pattern writes to the local DB table atomically, and Debezium tails the database WAL to publish events reliably. (Bloom's Taxonomy Level 3: Application & Troubleshooting)."
sys-1k-0523,Distributed Consensus (Raft & Paxos),medium,"Under Raft consensus rules, why will a follower node refuse to vote for a candidate even if the candidate's term is higher?","// 5-Node Raft Cluster
// Node 1 initiates election with Term 4",If the candidate's log is less up-to-date (has lower last log term or shorter log length) than the follower's own log.,If the candidate's IP address is numerically higher than the follower.,If the follower has been online for more than 10 minutes.,If the candidate uses UDP packets instead of TCP.,A,"The Raft Leader Completeness invariant requires that a follower grants a vote only if the candidate's log is at least as up-to-date as the voter's own log (higher term, or same term with longer index). (Bloom's Taxonomy Level 3: Application & Troubleshooting)."
sys-1k-0524,Distributed Caching & Stampede Mitigation,easy,How does the XFetch algorithm eliminate Cache Stampede (Thundering Herd) when a hot key expires under high concurrency?,"// XFetch Algorithm:
// if ( -delta * beta * ln(random()) ) >= remaining_ttl -> trigger refresh","The probability of a background reader recalculating and updating the cache key increases asymptotically to 1.0 as TTL nears zero, refreshing the cache prior to actual expiry.",It drops all incoming traffic when the cache key reaches 0 TTL.,It locks all Redis shards to single-threaded sequential execution.,It forces the client browser to compute the database query.,A,"XFetch probabilistically triggers early refresh based on computation cost (delta) and TTL. A single reader refreshes the cache ahead of expiration, preventing massive database thundering herds. (Bloom's Taxonomy Level 3: Application & Troubleshooting)."
sys-1k-0525,Distributed Rate Limiting,hard,Why is a Redis Lua script essential for distributed rate limiting across multiple app servers?,"local key = KEYS[1]
local limit = tonumber(ARGV[1])
local current = tonumber(redis.call('get', key) or '0')
if current + 1 > limit then return 0 else redis.call('incrby', key, 1) return 1 end","Redis executes Lua scripts atomically in its single-threaded event loop, preventing Time-of-Check to Time-of-Use (TOCTOU) race conditions across concurrent servers.",Lua scripts execute inside the client's browser JavaScript engine.,Separate GET and SET commands are banned by HTTP/2.,Lua scripts store rate limit counters in CPU registers.,A,"Separate GET and SET calls allow concurrent servers to interleave commands, exceeding rate limits. Lua scripts execute atomically in Redis without race conditions. (Bloom's Taxonomy Level 3: Application & Troubleshooting)."
sys-1k-0526,Database Storage Engines & Indexing,medium,"Why do write-heavy distributed databases (Cassandra, RocksDB) utilize Log-Structured Merge-Trees instead of B-Trees?",// LSM Pipeline: Append to WAL -> Insert into MemTable -> Flush to SSTables,"LSM-Trees transform random disk writes into sequential append-only writes, maximizing disk throughput and minimizing disk write amplification.",B-Trees cannot store numeric floating point values.,LSM-Trees do not use persistent disk storage.,LSM-Trees perform random in-place updates directly on flash memory.,A,"B-Trees perform random in-place disk page updates, causing heavy write amplification. LSM-Trees append sequentially to WAL and MemTable, periodically compacting immutable SSTables. (Bloom's Taxonomy Level 3: Application & Troubleshooting)."
sys-1k-0527,Message Queues & Kafka Internals,easy,How does the Kafka Transaction Coordinator prevent zombie producers from committing split-brain transactions after a network partition?,"producer.initTransactions();
producer.beginTransaction();
producer.send(record);
producer.commitTransaction();","It increments the producer epoch for that transactional.id, causing brokers to reject any subsequent writes from the old producer instance with ProducerFencedException.",It blocks the old producer's IP address on the Linux kernel firewall.,It automatically deletes the target topic partition.,It forces all broker nodes to reboot.,A,"When a new producer instance initializes with a transactional ID, the coordinator bumps the epoch. Any late writes from the old zombie instance are rejected with ProducerFencedException. (Bloom's Taxonomy Level 3: Application & Troubleshooting)."
sys-1k-0528,Consistent Hashing & Partitioning,hard,What critical problem do Virtual Nodes solve in Consistent Hashing topologies?,"// Hash Ring: 0 to 2^32 - 1
// Physical Nodes mapped to 150 Virtual Nodes each","They prevent hot-spot data skew by distributing token positions evenly across the hash ring, ensuring uniform load distribution when nodes join or leave.",They eliminate the need for hash functions.,They reduce network bandwidth to zero.,They convert distributed hash tables into single-node in-memory lists.,A,"Without virtual nodes, a small cluster has uneven hash token distribution. Mapping each physical server to 100-200 virtual nodes creates a balanced, uniform distribution across the ring. (Bloom's Taxonomy Level 3: Application & Troubleshooting)."
sys-1k-0529,Distributed Transactions & Saga,medium,Why is Orchestrated Saga preferred over Choreographed Saga for complex distributed workflows with many microservice dependencies?,"// Order Saga Orchestrator:
// 1. ReserveStock -> 2. ProcessPayment -> 3. DispatchShipment
// If Step 2 fails -> Trigger CompensateStock()","An Orchestrator provides a centralized state machine with clear compensation visibility, preventing cyclic event mesh deadlocks and event spaghetti.",Choreography is prohibited by ISO 20022 standards.,Orchestrator eliminates network communication between services.,Choreography consumes 100x more memory than orchestration.,A,"In complex workflows, an orchestrator coordinates transactions centrally, tracks timeouts, and invokes compensating rollbacks predictably without tangled event dependencies. (Bloom's Taxonomy Level 3: Application & Troubleshooting)."
sys-1k-0530,Transactional Outbox & CDC,easy,How does the Transactional Outbox pattern paired with Debezium CDC prevent data inconsistencies compared to dual writes?,"// Local ACID Transaction:
orderRepo.save(order);
outboxRepo.save(new OutboxEvent(""OrderCreated"", order.getId()));",The entity update and outbox record are committed atomically in the same local database transaction; Debezium streams WAL commits to Kafka with at-least-once guarantee.,It converts Kafka topics into relational database tables.,It eliminates the need for database transaction logs entirely.,It guarantees zero network latency across microservices.,A,"Dual-writes fail if the DB commit succeeds but Kafka send fails. The Outbox pattern writes to the local DB table atomically, and Debezium tails the database WAL to publish events reliably. (Bloom's Taxonomy Level 3: Application & Troubleshooting)."
sys-1k-0531,Distributed Consensus (Raft & Paxos),hard,"Under Raft consensus rules, why will a follower node refuse to vote for a candidate even if the candidate's term is higher?","// 5-Node Raft Cluster
// Node 1 initiates election with Term 4",If the candidate's log is less up-to-date (has lower last log term or shorter log length) than the follower's own log.,If the candidate's IP address is numerically higher than the follower.,If the follower has been online for more than 10 minutes.,If the candidate uses UDP packets instead of TCP.,A,"The Raft Leader Completeness invariant requires that a follower grants a vote only if the candidate's log is at least as up-to-date as the voter's own log (higher term, or same term with longer index). (Bloom's Taxonomy Level 3: Application & Troubleshooting)."
sys-1k-0532,Distributed Caching & Stampede Mitigation,medium,How does the XFetch algorithm eliminate Cache Stampede (Thundering Herd) when a hot key expires under high concurrency?,"// XFetch Algorithm:
// if ( -delta * beta * ln(random()) ) >= remaining_ttl -> trigger refresh","The probability of a background reader recalculating and updating the cache key increases asymptotically to 1.0 as TTL nears zero, refreshing the cache prior to actual expiry.",It drops all incoming traffic when the cache key reaches 0 TTL.,It locks all Redis shards to single-threaded sequential execution.,It forces the client browser to compute the database query.,A,"XFetch probabilistically triggers early refresh based on computation cost (delta) and TTL. A single reader refreshes the cache ahead of expiration, preventing massive database thundering herds. (Bloom's Taxonomy Level 3: Application & Troubleshooting)."
sys-1k-0533,Distributed Rate Limiting,easy,Why is a Redis Lua script essential for distributed rate limiting across multiple app servers?,"local key = KEYS[1]
local limit = tonumber(ARGV[1])
local current = tonumber(redis.call('get', key) or '0')
if current + 1 > limit then return 0 else redis.call('incrby', key, 1) return 1 end","Redis executes Lua scripts atomically in its single-threaded event loop, preventing Time-of-Check to Time-of-Use (TOCTOU) race conditions across concurrent servers.",Lua scripts execute inside the client's browser JavaScript engine.,Separate GET and SET commands are banned by HTTP/2.,Lua scripts store rate limit counters in CPU registers.,A,"Separate GET and SET calls allow concurrent servers to interleave commands, exceeding rate limits. Lua scripts execute atomically in Redis without race conditions. (Bloom's Taxonomy Level 3: Application & Troubleshooting)."
sys-1k-0534,Database Storage Engines & Indexing,hard,"Why do write-heavy distributed databases (Cassandra, RocksDB) utilize Log-Structured Merge-Trees instead of B-Trees?",// LSM Pipeline: Append to WAL -> Insert into MemTable -> Flush to SSTables,"LSM-Trees transform random disk writes into sequential append-only writes, maximizing disk throughput and minimizing disk write amplification.",B-Trees cannot store numeric floating point values.,LSM-Trees do not use persistent disk storage.,LSM-Trees perform random in-place updates directly on flash memory.,A,"B-Trees perform random in-place disk page updates, causing heavy write amplification. LSM-Trees append sequentially to WAL and MemTable, periodically compacting immutable SSTables. (Bloom's Taxonomy Level 3: Application & Troubleshooting)."
sys-1k-0535,Message Queues & Kafka Internals,medium,How does the Kafka Transaction Coordinator prevent zombie producers from committing split-brain transactions after a network partition?,"producer.initTransactions();
producer.beginTransaction();
producer.send(record);
producer.commitTransaction();","It increments the producer epoch for that transactional.id, causing brokers to reject any subsequent writes from the old producer instance with ProducerFencedException.",It blocks the old producer's IP address on the Linux kernel firewall.,It automatically deletes the target topic partition.,It forces all broker nodes to reboot.,A,"When a new producer instance initializes with a transactional ID, the coordinator bumps the epoch. Any late writes from the old zombie instance are rejected with ProducerFencedException. (Bloom's Taxonomy Level 3: Application & Troubleshooting)."
sys-1k-0536,Consistent Hashing & Partitioning,easy,What critical problem do Virtual Nodes solve in Consistent Hashing topologies?,"// Hash Ring: 0 to 2^32 - 1
// Physical Nodes mapped to 150 Virtual Nodes each","They prevent hot-spot data skew by distributing token positions evenly across the hash ring, ensuring uniform load distribution when nodes join or leave.",They eliminate the need for hash functions.,They reduce network bandwidth to zero.,They convert distributed hash tables into single-node in-memory lists.,A,"Without virtual nodes, a small cluster has uneven hash token distribution. Mapping each physical server to 100-200 virtual nodes creates a balanced, uniform distribution across the ring. (Bloom's Taxonomy Level 3: Application & Troubleshooting)."
sys-1k-0537,Distributed Transactions & Saga,hard,Why is Orchestrated Saga preferred over Choreographed Saga for complex distributed workflows with many microservice dependencies?,"// Order Saga Orchestrator:
// 1. ReserveStock -> 2. ProcessPayment -> 3. DispatchShipment
// If Step 2 fails -> Trigger CompensateStock()","An Orchestrator provides a centralized state machine with clear compensation visibility, preventing cyclic event mesh deadlocks and event spaghetti.",Choreography is prohibited by ISO 20022 standards.,Orchestrator eliminates network communication between services.,Choreography consumes 100x more memory than orchestration.,A,"In complex workflows, an orchestrator coordinates transactions centrally, tracks timeouts, and invokes compensating rollbacks predictably without tangled event dependencies. (Bloom's Taxonomy Level 3: Application & Troubleshooting)."
sys-1k-0538,Transactional Outbox & CDC,medium,How does the Transactional Outbox pattern paired with Debezium CDC prevent data inconsistencies compared to dual writes?,"// Local ACID Transaction:
orderRepo.save(order);
outboxRepo.save(new OutboxEvent(""OrderCreated"", order.getId()));",The entity update and outbox record are committed atomically in the same local database transaction; Debezium streams WAL commits to Kafka with at-least-once guarantee.,It converts Kafka topics into relational database tables.,It eliminates the need for database transaction logs entirely.,It guarantees zero network latency across microservices.,A,"Dual-writes fail if the DB commit succeeds but Kafka send fails. The Outbox pattern writes to the local DB table atomically, and Debezium tails the database WAL to publish events reliably. (Bloom's Taxonomy Level 3: Application & Troubleshooting)."
sys-1k-0539,Distributed Consensus (Raft & Paxos),easy,"Under Raft consensus rules, why will a follower node refuse to vote for a candidate even if the candidate's term is higher?","// 5-Node Raft Cluster
// Node 1 initiates election with Term 4",If the candidate's log is less up-to-date (has lower last log term or shorter log length) than the follower's own log.,If the candidate's IP address is numerically higher than the follower.,If the follower has been online for more than 10 minutes.,If the candidate uses UDP packets instead of TCP.,A,"The Raft Leader Completeness invariant requires that a follower grants a vote only if the candidate's log is at least as up-to-date as the voter's own log (higher term, or same term with longer index). (Bloom's Taxonomy Level 3: Application & Troubleshooting)."
sys-1k-0540,Distributed Caching & Stampede Mitigation,hard,How does the XFetch algorithm eliminate Cache Stampede (Thundering Herd) when a hot key expires under high concurrency?,"// XFetch Algorithm:
// if ( -delta * beta * ln(random()) ) >= remaining_ttl -> trigger refresh","The probability of a background reader recalculating and updating the cache key increases asymptotically to 1.0 as TTL nears zero, refreshing the cache prior to actual expiry.",It drops all incoming traffic when the cache key reaches 0 TTL.,It locks all Redis shards to single-threaded sequential execution.,It forces the client browser to compute the database query.,A,"XFetch probabilistically triggers early refresh based on computation cost (delta) and TTL. A single reader refreshes the cache ahead of expiration, preventing massive database thundering herds. (Bloom's Taxonomy Level 3: Application & Troubleshooting)."
sys-1k-0541,Distributed Rate Limiting,medium,Why is a Redis Lua script essential for distributed rate limiting across multiple app servers?,"local key = KEYS[1]
local limit = tonumber(ARGV[1])
local current = tonumber(redis.call('get', key) or '0')
if current + 1 > limit then return 0 else redis.call('incrby', key, 1) return 1 end","Redis executes Lua scripts atomically in its single-threaded event loop, preventing Time-of-Check to Time-of-Use (TOCTOU) race conditions across concurrent servers.",Lua scripts execute inside the client's browser JavaScript engine.,Separate GET and SET commands are banned by HTTP/2.,Lua scripts store rate limit counters in CPU registers.,A,"Separate GET and SET calls allow concurrent servers to interleave commands, exceeding rate limits. Lua scripts execute atomically in Redis without race conditions. (Bloom's Taxonomy Level 3: Application & Troubleshooting)."
sys-1k-0542,Database Storage Engines & Indexing,easy,"Why do write-heavy distributed databases (Cassandra, RocksDB) utilize Log-Structured Merge-Trees instead of B-Trees?",// LSM Pipeline: Append to WAL -> Insert into MemTable -> Flush to SSTables,"LSM-Trees transform random disk writes into sequential append-only writes, maximizing disk throughput and minimizing disk write amplification.",B-Trees cannot store numeric floating point values.,LSM-Trees do not use persistent disk storage.,LSM-Trees perform random in-place updates directly on flash memory.,A,"B-Trees perform random in-place disk page updates, causing heavy write amplification. LSM-Trees append sequentially to WAL and MemTable, periodically compacting immutable SSTables. (Bloom's Taxonomy Level 3: Application & Troubleshooting)."
sys-1k-0543,Message Queues & Kafka Internals,hard,How does the Kafka Transaction Coordinator prevent zombie producers from committing split-brain transactions after a network partition?,"producer.initTransactions();
producer.beginTransaction();
producer.send(record);
producer.commitTransaction();","It increments the producer epoch for that transactional.id, causing brokers to reject any subsequent writes from the old producer instance with ProducerFencedException.",It blocks the old producer's IP address on the Linux kernel firewall.,It automatically deletes the target topic partition.,It forces all broker nodes to reboot.,A,"When a new producer instance initializes with a transactional ID, the coordinator bumps the epoch. Any late writes from the old zombie instance are rejected with ProducerFencedException. (Bloom's Taxonomy Level 3: Application & Troubleshooting)."
sys-1k-0544,Consistent Hashing & Partitioning,medium,What critical problem do Virtual Nodes solve in Consistent Hashing topologies?,"// Hash Ring: 0 to 2^32 - 1
// Physical Nodes mapped to 150 Virtual Nodes each","They prevent hot-spot data skew by distributing token positions evenly across the hash ring, ensuring uniform load distribution when nodes join or leave.",They eliminate the need for hash functions.,They reduce network bandwidth to zero.,They convert distributed hash tables into single-node in-memory lists.,A,"Without virtual nodes, a small cluster has uneven hash token distribution. Mapping each physical server to 100-200 virtual nodes creates a balanced, uniform distribution across the ring. (Bloom's Taxonomy Level 3: Application & Troubleshooting)."
sys-1k-0545,Distributed Transactions & Saga,easy,Why is Orchestrated Saga preferred over Choreographed Saga for complex distributed workflows with many microservice dependencies?,"// Order Saga Orchestrator:
// 1. ReserveStock -> 2. ProcessPayment -> 3. DispatchShipment
// If Step 2 fails -> Trigger CompensateStock()","An Orchestrator provides a centralized state machine with clear compensation visibility, preventing cyclic event mesh deadlocks and event spaghetti.",Choreography is prohibited by ISO 20022 standards.,Orchestrator eliminates network communication between services.,Choreography consumes 100x more memory than orchestration.,A,"In complex workflows, an orchestrator coordinates transactions centrally, tracks timeouts, and invokes compensating rollbacks predictably without tangled event dependencies. (Bloom's Taxonomy Level 3: Application & Troubleshooting)."
sys-1k-0546,Transactional Outbox & CDC,hard,How does the Transactional Outbox pattern paired with Debezium CDC prevent data inconsistencies compared to dual writes?,"// Local ACID Transaction:
orderRepo.save(order);
outboxRepo.save(new OutboxEvent(""OrderCreated"", order.getId()));",The entity update and outbox record are committed atomically in the same local database transaction; Debezium streams WAL commits to Kafka with at-least-once guarantee.,It converts Kafka topics into relational database tables.,It eliminates the need for database transaction logs entirely.,It guarantees zero network latency across microservices.,A,"Dual-writes fail if the DB commit succeeds but Kafka send fails. The Outbox pattern writes to the local DB table atomically, and Debezium tails the database WAL to publish events reliably. (Bloom's Taxonomy Level 3: Application & Troubleshooting)."
sys-1k-0547,Distributed Consensus (Raft & Paxos),medium,"Under Raft consensus rules, why will a follower node refuse to vote for a candidate even if the candidate's term is higher?","// 5-Node Raft Cluster
// Node 1 initiates election with Term 4",If the candidate's log is less up-to-date (has lower last log term or shorter log length) than the follower's own log.,If the candidate's IP address is numerically higher than the follower.,If the follower has been online for more than 10 minutes.,If the candidate uses UDP packets instead of TCP.,A,"The Raft Leader Completeness invariant requires that a follower grants a vote only if the candidate's log is at least as up-to-date as the voter's own log (higher term, or same term with longer index). (Bloom's Taxonomy Level 3: Application & Troubleshooting)."
sys-1k-0548,Distributed Caching & Stampede Mitigation,easy,How does the XFetch algorithm eliminate Cache Stampede (Thundering Herd) when a hot key expires under high concurrency?,"// XFetch Algorithm:
// if ( -delta * beta * ln(random()) ) >= remaining_ttl -> trigger refresh","The probability of a background reader recalculating and updating the cache key increases asymptotically to 1.0 as TTL nears zero, refreshing the cache prior to actual expiry.",It drops all incoming traffic when the cache key reaches 0 TTL.,It locks all Redis shards to single-threaded sequential execution.,It forces the client browser to compute the database query.,A,"XFetch probabilistically triggers early refresh based on computation cost (delta) and TTL. A single reader refreshes the cache ahead of expiration, preventing massive database thundering herds. (Bloom's Taxonomy Level 3: Application & Troubleshooting)."
sys-1k-0549,Distributed Rate Limiting,hard,Why is a Redis Lua script essential for distributed rate limiting across multiple app servers?,"local key = KEYS[1]
local limit = tonumber(ARGV[1])
local current = tonumber(redis.call('get', key) or '0')
if current + 1 > limit then return 0 else redis.call('incrby', key, 1) return 1 end","Redis executes Lua scripts atomically in its single-threaded event loop, preventing Time-of-Check to Time-of-Use (TOCTOU) race conditions across concurrent servers.",Lua scripts execute inside the client's browser JavaScript engine.,Separate GET and SET commands are banned by HTTP/2.,Lua scripts store rate limit counters in CPU registers.,A,"Separate GET and SET calls allow concurrent servers to interleave commands, exceeding rate limits. Lua scripts execute atomically in Redis without race conditions. (Bloom's Taxonomy Level 3: Application & Troubleshooting)."
sys-1k-0550,Database Storage Engines & Indexing,medium,"Why do write-heavy distributed databases (Cassandra, RocksDB) utilize Log-Structured Merge-Trees instead of B-Trees?",// LSM Pipeline: Append to WAL -> Insert into MemTable -> Flush to SSTables,"LSM-Trees transform random disk writes into sequential append-only writes, maximizing disk throughput and minimizing disk write amplification.",B-Trees cannot store numeric floating point values.,LSM-Trees do not use persistent disk storage.,LSM-Trees perform random in-place updates directly on flash memory.,A,"B-Trees perform random in-place disk page updates, causing heavy write amplification. LSM-Trees append sequentially to WAL and MemTable, periodically compacting immutable SSTables. (Bloom's Taxonomy Level 3: Application & Troubleshooting)."
sys-1k-0551,Message Queues & Kafka Internals,easy,How does the Kafka Transaction Coordinator prevent zombie producers from committing split-brain transactions after a network partition?,"producer.initTransactions();
producer.beginTransaction();
producer.send(record);
producer.commitTransaction();","It increments the producer epoch for that transactional.id, causing brokers to reject any subsequent writes from the old producer instance with ProducerFencedException.",It blocks the old producer's IP address on the Linux kernel firewall.,It automatically deletes the target topic partition.,It forces all broker nodes to reboot.,A,"When a new producer instance initializes with a transactional ID, the coordinator bumps the epoch. Any late writes from the old zombie instance are rejected with ProducerFencedException. (Bloom's Taxonomy Level 3: Application & Troubleshooting)."
sys-1k-0552,Consistent Hashing & Partitioning,hard,What critical problem do Virtual Nodes solve in Consistent Hashing topologies?,"// Hash Ring: 0 to 2^32 - 1
// Physical Nodes mapped to 150 Virtual Nodes each","They prevent hot-spot data skew by distributing token positions evenly across the hash ring, ensuring uniform load distribution when nodes join or leave.",They eliminate the need for hash functions.,They reduce network bandwidth to zero.,They convert distributed hash tables into single-node in-memory lists.,A,"Without virtual nodes, a small cluster has uneven hash token distribution. Mapping each physical server to 100-200 virtual nodes creates a balanced, uniform distribution across the ring. (Bloom's Taxonomy Level 3: Application & Troubleshooting)."
sys-1k-0553,Distributed Transactions & Saga,medium,Why is Orchestrated Saga preferred over Choreographed Saga for complex distributed workflows with many microservice dependencies?,"// Order Saga Orchestrator:
// 1. ReserveStock -> 2. ProcessPayment -> 3. DispatchShipment
// If Step 2 fails -> Trigger CompensateStock()","An Orchestrator provides a centralized state machine with clear compensation visibility, preventing cyclic event mesh deadlocks and event spaghetti.",Choreography is prohibited by ISO 20022 standards.,Orchestrator eliminates network communication between services.,Choreography consumes 100x more memory than orchestration.,A,"In complex workflows, an orchestrator coordinates transactions centrally, tracks timeouts, and invokes compensating rollbacks predictably without tangled event dependencies. (Bloom's Taxonomy Level 3: Application & Troubleshooting)."
sys-1k-0554,Transactional Outbox & CDC,easy,How does the Transactional Outbox pattern paired with Debezium CDC prevent data inconsistencies compared to dual writes?,"// Local ACID Transaction:
orderRepo.save(order);
outboxRepo.save(new OutboxEvent(""OrderCreated"", order.getId()));",The entity update and outbox record are committed atomically in the same local database transaction; Debezium streams WAL commits to Kafka with at-least-once guarantee.,It converts Kafka topics into relational database tables.,It eliminates the need for database transaction logs entirely.,It guarantees zero network latency across microservices.,A,"Dual-writes fail if the DB commit succeeds but Kafka send fails. The Outbox pattern writes to the local DB table atomically, and Debezium tails the database WAL to publish events reliably. (Bloom's Taxonomy Level 3: Application & Troubleshooting)."
sys-1k-0555,Distributed Consensus (Raft & Paxos),hard,"Under Raft consensus rules, why will a follower node refuse to vote for a candidate even if the candidate's term is higher?","// 5-Node Raft Cluster
// Node 1 initiates election with Term 4",If the candidate's log is less up-to-date (has lower last log term or shorter log length) than the follower's own log.,If the candidate's IP address is numerically higher than the follower.,If the follower has been online for more than 10 minutes.,If the candidate uses UDP packets instead of TCP.,A,"The Raft Leader Completeness invariant requires that a follower grants a vote only if the candidate's log is at least as up-to-date as the voter's own log (higher term, or same term with longer index). (Bloom's Taxonomy Level 3: Application & Troubleshooting)."
sys-1k-0556,Distributed Caching & Stampede Mitigation,medium,How does the XFetch algorithm eliminate Cache Stampede (Thundering Herd) when a hot key expires under high concurrency?,"// XFetch Algorithm:
// if ( -delta * beta * ln(random()) ) >= remaining_ttl -> trigger refresh","The probability of a background reader recalculating and updating the cache key increases asymptotically to 1.0 as TTL nears zero, refreshing the cache prior to actual expiry.",It drops all incoming traffic when the cache key reaches 0 TTL.,It locks all Redis shards to single-threaded sequential execution.,It forces the client browser to compute the database query.,A,"XFetch probabilistically triggers early refresh based on computation cost (delta) and TTL. A single reader refreshes the cache ahead of expiration, preventing massive database thundering herds. (Bloom's Taxonomy Level 3: Application & Troubleshooting)."
sys-1k-0557,Distributed Rate Limiting,easy,Why is a Redis Lua script essential for distributed rate limiting across multiple app servers?,"local key = KEYS[1]
local limit = tonumber(ARGV[1])
local current = tonumber(redis.call('get', key) or '0')
if current + 1 > limit then return 0 else redis.call('incrby', key, 1) return 1 end","Redis executes Lua scripts atomically in its single-threaded event loop, preventing Time-of-Check to Time-of-Use (TOCTOU) race conditions across concurrent servers.",Lua scripts execute inside the client's browser JavaScript engine.,Separate GET and SET commands are banned by HTTP/2.,Lua scripts store rate limit counters in CPU registers.,A,"Separate GET and SET calls allow concurrent servers to interleave commands, exceeding rate limits. Lua scripts execute atomically in Redis without race conditions. (Bloom's Taxonomy Level 3: Application & Troubleshooting)."
sys-1k-0558,Database Storage Engines & Indexing,hard,"Why do write-heavy distributed databases (Cassandra, RocksDB) utilize Log-Structured Merge-Trees instead of B-Trees?",// LSM Pipeline: Append to WAL -> Insert into MemTable -> Flush to SSTables,"LSM-Trees transform random disk writes into sequential append-only writes, maximizing disk throughput and minimizing disk write amplification.",B-Trees cannot store numeric floating point values.,LSM-Trees do not use persistent disk storage.,LSM-Trees perform random in-place updates directly on flash memory.,A,"B-Trees perform random in-place disk page updates, causing heavy write amplification. LSM-Trees append sequentially to WAL and MemTable, periodically compacting immutable SSTables. (Bloom's Taxonomy Level 3: Application & Troubleshooting)."
sys-1k-0559,Message Queues & Kafka Internals,medium,How does the Kafka Transaction Coordinator prevent zombie producers from committing split-brain transactions after a network partition?,"producer.initTransactions();
producer.beginTransaction();
producer.send(record);
producer.commitTransaction();","It increments the producer epoch for that transactional.id, causing brokers to reject any subsequent writes from the old producer instance with ProducerFencedException.",It blocks the old producer's IP address on the Linux kernel firewall.,It automatically deletes the target topic partition.,It forces all broker nodes to reboot.,A,"When a new producer instance initializes with a transactional ID, the coordinator bumps the epoch. Any late writes from the old zombie instance are rejected with ProducerFencedException. (Bloom's Taxonomy Level 3: Application & Troubleshooting)."
sys-1k-0560,Consistent Hashing & Partitioning,easy,What critical problem do Virtual Nodes solve in Consistent Hashing topologies?,"// Hash Ring: 0 to 2^32 - 1
// Physical Nodes mapped to 150 Virtual Nodes each","They prevent hot-spot data skew by distributing token positions evenly across the hash ring, ensuring uniform load distribution when nodes join or leave.",They eliminate the need for hash functions.,They reduce network bandwidth to zero.,They convert distributed hash tables into single-node in-memory lists.,A,"Without virtual nodes, a small cluster has uneven hash token distribution. Mapping each physical server to 100-200 virtual nodes creates a balanced, uniform distribution across the ring. (Bloom's Taxonomy Level 3: Application & Troubleshooting)."
sys-1k-0561,Distributed Transactions & Saga,hard,Why is Orchestrated Saga preferred over Choreographed Saga for complex distributed workflows with many microservice dependencies?,"// Order Saga Orchestrator:
// 1. ReserveStock -> 2. ProcessPayment -> 3. DispatchShipment
// If Step 2 fails -> Trigger CompensateStock()","An Orchestrator provides a centralized state machine with clear compensation visibility, preventing cyclic event mesh deadlocks and event spaghetti.",Choreography is prohibited by ISO 20022 standards.,Orchestrator eliminates network communication between services.,Choreography consumes 100x more memory than orchestration.,A,"In complex workflows, an orchestrator coordinates transactions centrally, tracks timeouts, and invokes compensating rollbacks predictably without tangled event dependencies. (Bloom's Taxonomy Level 3: Application & Troubleshooting)."
sys-1k-0562,Transactional Outbox & CDC,medium,How does the Transactional Outbox pattern paired with Debezium CDC prevent data inconsistencies compared to dual writes?,"// Local ACID Transaction:
orderRepo.save(order);
outboxRepo.save(new OutboxEvent(""OrderCreated"", order.getId()));",The entity update and outbox record are committed atomically in the same local database transaction; Debezium streams WAL commits to Kafka with at-least-once guarantee.,It converts Kafka topics into relational database tables.,It eliminates the need for database transaction logs entirely.,It guarantees zero network latency across microservices.,A,"Dual-writes fail if the DB commit succeeds but Kafka send fails. The Outbox pattern writes to the local DB table atomically, and Debezium tails the database WAL to publish events reliably. (Bloom's Taxonomy Level 3: Application & Troubleshooting)."
sys-1k-0563,Distributed Consensus (Raft & Paxos),easy,"Under Raft consensus rules, why will a follower node refuse to vote for a candidate even if the candidate's term is higher?","// 5-Node Raft Cluster
// Node 1 initiates election with Term 4",If the candidate's log is less up-to-date (has lower last log term or shorter log length) than the follower's own log.,If the candidate's IP address is numerically higher than the follower.,If the follower has been online for more than 10 minutes.,If the candidate uses UDP packets instead of TCP.,A,"The Raft Leader Completeness invariant requires that a follower grants a vote only if the candidate's log is at least as up-to-date as the voter's own log (higher term, or same term with longer index). (Bloom's Taxonomy Level 3: Application & Troubleshooting)."
sys-1k-0564,Distributed Caching & Stampede Mitigation,hard,How does the XFetch algorithm eliminate Cache Stampede (Thundering Herd) when a hot key expires under high concurrency?,"// XFetch Algorithm:
// if ( -delta * beta * ln(random()) ) >= remaining_ttl -> trigger refresh","The probability of a background reader recalculating and updating the cache key increases asymptotically to 1.0 as TTL nears zero, refreshing the cache prior to actual expiry.",It drops all incoming traffic when the cache key reaches 0 TTL.,It locks all Redis shards to single-threaded sequential execution.,It forces the client browser to compute the database query.,A,"XFetch probabilistically triggers early refresh based on computation cost (delta) and TTL. A single reader refreshes the cache ahead of expiration, preventing massive database thundering herds. (Bloom's Taxonomy Level 3: Application & Troubleshooting)."
sys-1k-0565,Distributed Rate Limiting,medium,Why is a Redis Lua script essential for distributed rate limiting across multiple app servers?,"local key = KEYS[1]
local limit = tonumber(ARGV[1])
local current = tonumber(redis.call('get', key) or '0')
if current + 1 > limit then return 0 else redis.call('incrby', key, 1) return 1 end","Redis executes Lua scripts atomically in its single-threaded event loop, preventing Time-of-Check to Time-of-Use (TOCTOU) race conditions across concurrent servers.",Lua scripts execute inside the client's browser JavaScript engine.,Separate GET and SET commands are banned by HTTP/2.,Lua scripts store rate limit counters in CPU registers.,A,"Separate GET and SET calls allow concurrent servers to interleave commands, exceeding rate limits. Lua scripts execute atomically in Redis without race conditions. (Bloom's Taxonomy Level 3: Application & Troubleshooting)."
sys-1k-0566,Database Storage Engines & Indexing,easy,"Why do write-heavy distributed databases (Cassandra, RocksDB) utilize Log-Structured Merge-Trees instead of B-Trees?",// LSM Pipeline: Append to WAL -> Insert into MemTable -> Flush to SSTables,"LSM-Trees transform random disk writes into sequential append-only writes, maximizing disk throughput and minimizing disk write amplification.",B-Trees cannot store numeric floating point values.,LSM-Trees do not use persistent disk storage.,LSM-Trees perform random in-place updates directly on flash memory.,A,"B-Trees perform random in-place disk page updates, causing heavy write amplification. LSM-Trees append sequentially to WAL and MemTable, periodically compacting immutable SSTables. (Bloom's Taxonomy Level 3: Application & Troubleshooting)."
sys-1k-0567,Message Queues & Kafka Internals,hard,How does the Kafka Transaction Coordinator prevent zombie producers from committing split-brain transactions after a network partition?,"producer.initTransactions();
producer.beginTransaction();
producer.send(record);
producer.commitTransaction();","It increments the producer epoch for that transactional.id, causing brokers to reject any subsequent writes from the old producer instance with ProducerFencedException.",It blocks the old producer's IP address on the Linux kernel firewall.,It automatically deletes the target topic partition.,It forces all broker nodes to reboot.,A,"When a new producer instance initializes with a transactional ID, the coordinator bumps the epoch. Any late writes from the old zombie instance are rejected with ProducerFencedException. (Bloom's Taxonomy Level 3: Application & Troubleshooting)."
sys-1k-0568,Consistent Hashing & Partitioning,medium,What critical problem do Virtual Nodes solve in Consistent Hashing topologies?,"// Hash Ring: 0 to 2^32 - 1
// Physical Nodes mapped to 150 Virtual Nodes each","They prevent hot-spot data skew by distributing token positions evenly across the hash ring, ensuring uniform load distribution when nodes join or leave.",They eliminate the need for hash functions.,They reduce network bandwidth to zero.,They convert distributed hash tables into single-node in-memory lists.,A,"Without virtual nodes, a small cluster has uneven hash token distribution. Mapping each physical server to 100-200 virtual nodes creates a balanced, uniform distribution across the ring. (Bloom's Taxonomy Level 3: Application & Troubleshooting)."
sys-1k-0569,Distributed Transactions & Saga,easy,Why is Orchestrated Saga preferred over Choreographed Saga for complex distributed workflows with many microservice dependencies?,"// Order Saga Orchestrator:
// 1. ReserveStock -> 2. ProcessPayment -> 3. DispatchShipment
// If Step 2 fails -> Trigger CompensateStock()","An Orchestrator provides a centralized state machine with clear compensation visibility, preventing cyclic event mesh deadlocks and event spaghetti.",Choreography is prohibited by ISO 20022 standards.,Orchestrator eliminates network communication between services.,Choreography consumes 100x more memory than orchestration.,A,"In complex workflows, an orchestrator coordinates transactions centrally, tracks timeouts, and invokes compensating rollbacks predictably without tangled event dependencies. (Bloom's Taxonomy Level 3: Application & Troubleshooting)."
sys-1k-0570,Transactional Outbox & CDC,hard,How does the Transactional Outbox pattern paired with Debezium CDC prevent data inconsistencies compared to dual writes?,"// Local ACID Transaction:
orderRepo.save(order);
outboxRepo.save(new OutboxEvent(""OrderCreated"", order.getId()));",The entity update and outbox record are committed atomically in the same local database transaction; Debezium streams WAL commits to Kafka with at-least-once guarantee.,It converts Kafka topics into relational database tables.,It eliminates the need for database transaction logs entirely.,It guarantees zero network latency across microservices.,A,"Dual-writes fail if the DB commit succeeds but Kafka send fails. The Outbox pattern writes to the local DB table atomically, and Debezium tails the database WAL to publish events reliably. (Bloom's Taxonomy Level 3: Application & Troubleshooting)."
sys-1k-0571,Distributed Consensus (Raft & Paxos),medium,"Under Raft consensus rules, why will a follower node refuse to vote for a candidate even if the candidate's term is higher?","// 5-Node Raft Cluster
// Node 1 initiates election with Term 4",If the candidate's log is less up-to-date (has lower last log term or shorter log length) than the follower's own log.,If the candidate's IP address is numerically higher than the follower.,If the follower has been online for more than 10 minutes.,If the candidate uses UDP packets instead of TCP.,A,"The Raft Leader Completeness invariant requires that a follower grants a vote only if the candidate's log is at least as up-to-date as the voter's own log (higher term, or same term with longer index). (Bloom's Taxonomy Level 3: Application & Troubleshooting)."
sys-1k-0572,Distributed Caching & Stampede Mitigation,easy,How does the XFetch algorithm eliminate Cache Stampede (Thundering Herd) when a hot key expires under high concurrency?,"// XFetch Algorithm:
// if ( -delta * beta * ln(random()) ) >= remaining_ttl -> trigger refresh","The probability of a background reader recalculating and updating the cache key increases asymptotically to 1.0 as TTL nears zero, refreshing the cache prior to actual expiry.",It drops all incoming traffic when the cache key reaches 0 TTL.,It locks all Redis shards to single-threaded sequential execution.,It forces the client browser to compute the database query.,A,"XFetch probabilistically triggers early refresh based on computation cost (delta) and TTL. A single reader refreshes the cache ahead of expiration, preventing massive database thundering herds. (Bloom's Taxonomy Level 3: Application & Troubleshooting)."
sys-1k-0573,Distributed Rate Limiting,hard,Why is a Redis Lua script essential for distributed rate limiting across multiple app servers?,"local key = KEYS[1]
local limit = tonumber(ARGV[1])
local current = tonumber(redis.call('get', key) or '0')
if current + 1 > limit then return 0 else redis.call('incrby', key, 1) return 1 end","Redis executes Lua scripts atomically in its single-threaded event loop, preventing Time-of-Check to Time-of-Use (TOCTOU) race conditions across concurrent servers.",Lua scripts execute inside the client's browser JavaScript engine.,Separate GET and SET commands are banned by HTTP/2.,Lua scripts store rate limit counters in CPU registers.,A,"Separate GET and SET calls allow concurrent servers to interleave commands, exceeding rate limits. Lua scripts execute atomically in Redis without race conditions. (Bloom's Taxonomy Level 3: Application & Troubleshooting)."
sys-1k-0574,Database Storage Engines & Indexing,medium,"Why do write-heavy distributed databases (Cassandra, RocksDB) utilize Log-Structured Merge-Trees instead of B-Trees?",// LSM Pipeline: Append to WAL -> Insert into MemTable -> Flush to SSTables,"LSM-Trees transform random disk writes into sequential append-only writes, maximizing disk throughput and minimizing disk write amplification.",B-Trees cannot store numeric floating point values.,LSM-Trees do not use persistent disk storage.,LSM-Trees perform random in-place updates directly on flash memory.,A,"B-Trees perform random in-place disk page updates, causing heavy write amplification. LSM-Trees append sequentially to WAL and MemTable, periodically compacting immutable SSTables. (Bloom's Taxonomy Level 3: Application & Troubleshooting)."
sys-1k-0575,Message Queues & Kafka Internals,easy,How does the Kafka Transaction Coordinator prevent zombie producers from committing split-brain transactions after a network partition?,"producer.initTransactions();
producer.beginTransaction();
producer.send(record);
producer.commitTransaction();","It increments the producer epoch for that transactional.id, causing brokers to reject any subsequent writes from the old producer instance with ProducerFencedException.",It blocks the old producer's IP address on the Linux kernel firewall.,It automatically deletes the target topic partition.,It forces all broker nodes to reboot.,A,"When a new producer instance initializes with a transactional ID, the coordinator bumps the epoch. Any late writes from the old zombie instance are rejected with ProducerFencedException. (Bloom's Taxonomy Level 3: Application & Troubleshooting)."
sys-1k-0576,Consistent Hashing & Partitioning,hard,What critical problem do Virtual Nodes solve in Consistent Hashing topologies?,"// Hash Ring: 0 to 2^32 - 1
// Physical Nodes mapped to 150 Virtual Nodes each","They prevent hot-spot data skew by distributing token positions evenly across the hash ring, ensuring uniform load distribution when nodes join or leave.",They eliminate the need for hash functions.,They reduce network bandwidth to zero.,They convert distributed hash tables into single-node in-memory lists.,A,"Without virtual nodes, a small cluster has uneven hash token distribution. Mapping each physical server to 100-200 virtual nodes creates a balanced, uniform distribution across the ring. (Bloom's Taxonomy Level 3: Application & Troubleshooting)."
sys-1k-0577,Distributed Transactions & Saga,medium,Why is Orchestrated Saga preferred over Choreographed Saga for complex distributed workflows with many microservice dependencies?,"// Order Saga Orchestrator:
// 1. ReserveStock -> 2. ProcessPayment -> 3. DispatchShipment
// If Step 2 fails -> Trigger CompensateStock()","An Orchestrator provides a centralized state machine with clear compensation visibility, preventing cyclic event mesh deadlocks and event spaghetti.",Choreography is prohibited by ISO 20022 standards.,Orchestrator eliminates network communication between services.,Choreography consumes 100x more memory than orchestration.,A,"In complex workflows, an orchestrator coordinates transactions centrally, tracks timeouts, and invokes compensating rollbacks predictably without tangled event dependencies. (Bloom's Taxonomy Level 3: Application & Troubleshooting)."
sys-1k-0578,Transactional Outbox & CDC,easy,How does the Transactional Outbox pattern paired with Debezium CDC prevent data inconsistencies compared to dual writes?,"// Local ACID Transaction:
orderRepo.save(order);
outboxRepo.save(new OutboxEvent(""OrderCreated"", order.getId()));",The entity update and outbox record are committed atomically in the same local database transaction; Debezium streams WAL commits to Kafka with at-least-once guarantee.,It converts Kafka topics into relational database tables.,It eliminates the need for database transaction logs entirely.,It guarantees zero network latency across microservices.,A,"Dual-writes fail if the DB commit succeeds but Kafka send fails. The Outbox pattern writes to the local DB table atomically, and Debezium tails the database WAL to publish events reliably. (Bloom's Taxonomy Level 3: Application & Troubleshooting)."
sys-1k-0579,Distributed Consensus (Raft & Paxos),hard,"Under Raft consensus rules, why will a follower node refuse to vote for a candidate even if the candidate's term is higher?","// 5-Node Raft Cluster
// Node 1 initiates election with Term 4",If the candidate's log is less up-to-date (has lower last log term or shorter log length) than the follower's own log.,If the candidate's IP address is numerically higher than the follower.,If the follower has been online for more than 10 minutes.,If the candidate uses UDP packets instead of TCP.,A,"The Raft Leader Completeness invariant requires that a follower grants a vote only if the candidate's log is at least as up-to-date as the voter's own log (higher term, or same term with longer index). (Bloom's Taxonomy Level 3: Application & Troubleshooting)."
sys-1k-0580,Distributed Caching & Stampede Mitigation,medium,How does the XFetch algorithm eliminate Cache Stampede (Thundering Herd) when a hot key expires under high concurrency?,"// XFetch Algorithm:
// if ( -delta * beta * ln(random()) ) >= remaining_ttl -> trigger refresh","The probability of a background reader recalculating and updating the cache key increases asymptotically to 1.0 as TTL nears zero, refreshing the cache prior to actual expiry.",It drops all incoming traffic when the cache key reaches 0 TTL.,It locks all Redis shards to single-threaded sequential execution.,It forces the client browser to compute the database query.,A,"XFetch probabilistically triggers early refresh based on computation cost (delta) and TTL. A single reader refreshes the cache ahead of expiration, preventing massive database thundering herds. (Bloom's Taxonomy Level 3: Application & Troubleshooting)."
sys-1k-0581,Distributed Rate Limiting,easy,Why is a Redis Lua script essential for distributed rate limiting across multiple app servers?,"local key = KEYS[1]
local limit = tonumber(ARGV[1])
local current = tonumber(redis.call('get', key) or '0')
if current + 1 > limit then return 0 else redis.call('incrby', key, 1) return 1 end","Redis executes Lua scripts atomically in its single-threaded event loop, preventing Time-of-Check to Time-of-Use (TOCTOU) race conditions across concurrent servers.",Lua scripts execute inside the client's browser JavaScript engine.,Separate GET and SET commands are banned by HTTP/2.,Lua scripts store rate limit counters in CPU registers.,A,"Separate GET and SET calls allow concurrent servers to interleave commands, exceeding rate limits. Lua scripts execute atomically in Redis without race conditions. (Bloom's Taxonomy Level 3: Application & Troubleshooting)."
sys-1k-0582,Database Storage Engines & Indexing,hard,"Why do write-heavy distributed databases (Cassandra, RocksDB) utilize Log-Structured Merge-Trees instead of B-Trees?",// LSM Pipeline: Append to WAL -> Insert into MemTable -> Flush to SSTables,"LSM-Trees transform random disk writes into sequential append-only writes, maximizing disk throughput and minimizing disk write amplification.",B-Trees cannot store numeric floating point values.,LSM-Trees do not use persistent disk storage.,LSM-Trees perform random in-place updates directly on flash memory.,A,"B-Trees perform random in-place disk page updates, causing heavy write amplification. LSM-Trees append sequentially to WAL and MemTable, periodically compacting immutable SSTables. (Bloom's Taxonomy Level 3: Application & Troubleshooting)."
sys-1k-0583,Message Queues & Kafka Internals,medium,How does the Kafka Transaction Coordinator prevent zombie producers from committing split-brain transactions after a network partition?,"producer.initTransactions();
producer.beginTransaction();
producer.send(record);
producer.commitTransaction();","It increments the producer epoch for that transactional.id, causing brokers to reject any subsequent writes from the old producer instance with ProducerFencedException.",It blocks the old producer's IP address on the Linux kernel firewall.,It automatically deletes the target topic partition.,It forces all broker nodes to reboot.,A,"When a new producer instance initializes with a transactional ID, the coordinator bumps the epoch. Any late writes from the old zombie instance are rejected with ProducerFencedException. (Bloom's Taxonomy Level 3: Application & Troubleshooting)."
sys-1k-0584,Consistent Hashing & Partitioning,easy,What critical problem do Virtual Nodes solve in Consistent Hashing topologies?,"// Hash Ring: 0 to 2^32 - 1
// Physical Nodes mapped to 150 Virtual Nodes each","They prevent hot-spot data skew by distributing token positions evenly across the hash ring, ensuring uniform load distribution when nodes join or leave.",They eliminate the need for hash functions.,They reduce network bandwidth to zero.,They convert distributed hash tables into single-node in-memory lists.,A,"Without virtual nodes, a small cluster has uneven hash token distribution. Mapping each physical server to 100-200 virtual nodes creates a balanced, uniform distribution across the ring. (Bloom's Taxonomy Level 3: Application & Troubleshooting)."
sys-1k-0585,Distributed Transactions & Saga,hard,Why is Orchestrated Saga preferred over Choreographed Saga for complex distributed workflows with many microservice dependencies?,"// Order Saga Orchestrator:
// 1. ReserveStock -> 2. ProcessPayment -> 3. DispatchShipment
// If Step 2 fails -> Trigger CompensateStock()","An Orchestrator provides a centralized state machine with clear compensation visibility, preventing cyclic event mesh deadlocks and event spaghetti.",Choreography is prohibited by ISO 20022 standards.,Orchestrator eliminates network communication between services.,Choreography consumes 100x more memory than orchestration.,A,"In complex workflows, an orchestrator coordinates transactions centrally, tracks timeouts, and invokes compensating rollbacks predictably without tangled event dependencies. (Bloom's Taxonomy Level 3: Application & Troubleshooting)."
sys-1k-0586,Transactional Outbox & CDC,medium,How does the Transactional Outbox pattern paired with Debezium CDC prevent data inconsistencies compared to dual writes?,"// Local ACID Transaction:
orderRepo.save(order);
outboxRepo.save(new OutboxEvent(""OrderCreated"", order.getId()));",The entity update and outbox record are committed atomically in the same local database transaction; Debezium streams WAL commits to Kafka with at-least-once guarantee.,It converts Kafka topics into relational database tables.,It eliminates the need for database transaction logs entirely.,It guarantees zero network latency across microservices.,A,"Dual-writes fail if the DB commit succeeds but Kafka send fails. The Outbox pattern writes to the local DB table atomically, and Debezium tails the database WAL to publish events reliably. (Bloom's Taxonomy Level 3: Application & Troubleshooting)."
sys-1k-0587,Distributed Consensus (Raft & Paxos),easy,"Under Raft consensus rules, why will a follower node refuse to vote for a candidate even if the candidate's term is higher?","// 5-Node Raft Cluster
// Node 1 initiates election with Term 4",If the candidate's log is less up-to-date (has lower last log term or shorter log length) than the follower's own log.,If the candidate's IP address is numerically higher than the follower.,If the follower has been online for more than 10 minutes.,If the candidate uses UDP packets instead of TCP.,A,"The Raft Leader Completeness invariant requires that a follower grants a vote only if the candidate's log is at least as up-to-date as the voter's own log (higher term, or same term with longer index). (Bloom's Taxonomy Level 3: Application & Troubleshooting)."
sys-1k-0588,Distributed Caching & Stampede Mitigation,hard,How does the XFetch algorithm eliminate Cache Stampede (Thundering Herd) when a hot key expires under high concurrency?,"// XFetch Algorithm:
// if ( -delta * beta * ln(random()) ) >= remaining_ttl -> trigger refresh","The probability of a background reader recalculating and updating the cache key increases asymptotically to 1.0 as TTL nears zero, refreshing the cache prior to actual expiry.",It drops all incoming traffic when the cache key reaches 0 TTL.,It locks all Redis shards to single-threaded sequential execution.,It forces the client browser to compute the database query.,A,"XFetch probabilistically triggers early refresh based on computation cost (delta) and TTL. A single reader refreshes the cache ahead of expiration, preventing massive database thundering herds. (Bloom's Taxonomy Level 3: Application & Troubleshooting)."
sys-1k-0589,Distributed Rate Limiting,medium,Why is a Redis Lua script essential for distributed rate limiting across multiple app servers?,"local key = KEYS[1]
local limit = tonumber(ARGV[1])
local current = tonumber(redis.call('get', key) or '0')
if current + 1 > limit then return 0 else redis.call('incrby', key, 1) return 1 end","Redis executes Lua scripts atomically in its single-threaded event loop, preventing Time-of-Check to Time-of-Use (TOCTOU) race conditions across concurrent servers.",Lua scripts execute inside the client's browser JavaScript engine.,Separate GET and SET commands are banned by HTTP/2.,Lua scripts store rate limit counters in CPU registers.,A,"Separate GET and SET calls allow concurrent servers to interleave commands, exceeding rate limits. Lua scripts execute atomically in Redis without race conditions. (Bloom's Taxonomy Level 3: Application & Troubleshooting)."
sys-1k-0590,Database Storage Engines & Indexing,easy,"Why do write-heavy distributed databases (Cassandra, RocksDB) utilize Log-Structured Merge-Trees instead of B-Trees?",// LSM Pipeline: Append to WAL -> Insert into MemTable -> Flush to SSTables,"LSM-Trees transform random disk writes into sequential append-only writes, maximizing disk throughput and minimizing disk write amplification.",B-Trees cannot store numeric floating point values.,LSM-Trees do not use persistent disk storage.,LSM-Trees perform random in-place updates directly on flash memory.,A,"B-Trees perform random in-place disk page updates, causing heavy write amplification. LSM-Trees append sequentially to WAL and MemTable, periodically compacting immutable SSTables. (Bloom's Taxonomy Level 3: Application & Troubleshooting)."
sys-1k-0591,Message Queues & Kafka Internals,hard,How does the Kafka Transaction Coordinator prevent zombie producers from committing split-brain transactions after a network partition?,"producer.initTransactions();
producer.beginTransaction();
producer.send(record);
producer.commitTransaction();","It increments the producer epoch for that transactional.id, causing brokers to reject any subsequent writes from the old producer instance with ProducerFencedException.",It blocks the old producer's IP address on the Linux kernel firewall.,It automatically deletes the target topic partition.,It forces all broker nodes to reboot.,A,"When a new producer instance initializes with a transactional ID, the coordinator bumps the epoch. Any late writes from the old zombie instance are rejected with ProducerFencedException. (Bloom's Taxonomy Level 3: Application & Troubleshooting)."
sys-1k-0592,Consistent Hashing & Partitioning,medium,What critical problem do Virtual Nodes solve in Consistent Hashing topologies?,"// Hash Ring: 0 to 2^32 - 1
// Physical Nodes mapped to 150 Virtual Nodes each","They prevent hot-spot data skew by distributing token positions evenly across the hash ring, ensuring uniform load distribution when nodes join or leave.",They eliminate the need for hash functions.,They reduce network bandwidth to zero.,They convert distributed hash tables into single-node in-memory lists.,A,"Without virtual nodes, a small cluster has uneven hash token distribution. Mapping each physical server to 100-200 virtual nodes creates a balanced, uniform distribution across the ring. (Bloom's Taxonomy Level 3: Application & Troubleshooting)."
sys-1k-0593,Distributed Transactions & Saga,easy,Why is Orchestrated Saga preferred over Choreographed Saga for complex distributed workflows with many microservice dependencies?,"// Order Saga Orchestrator:
// 1. ReserveStock -> 2. ProcessPayment -> 3. DispatchShipment
// If Step 2 fails -> Trigger CompensateStock()","An Orchestrator provides a centralized state machine with clear compensation visibility, preventing cyclic event mesh deadlocks and event spaghetti.",Choreography is prohibited by ISO 20022 standards.,Orchestrator eliminates network communication between services.,Choreography consumes 100x more memory than orchestration.,A,"In complex workflows, an orchestrator coordinates transactions centrally, tracks timeouts, and invokes compensating rollbacks predictably without tangled event dependencies. (Bloom's Taxonomy Level 3: Application & Troubleshooting)."
sys-1k-0594,Transactional Outbox & CDC,hard,How does the Transactional Outbox pattern paired with Debezium CDC prevent data inconsistencies compared to dual writes?,"// Local ACID Transaction:
orderRepo.save(order);
outboxRepo.save(new OutboxEvent(""OrderCreated"", order.getId()));",The entity update and outbox record are committed atomically in the same local database transaction; Debezium streams WAL commits to Kafka with at-least-once guarantee.,It converts Kafka topics into relational database tables.,It eliminates the need for database transaction logs entirely.,It guarantees zero network latency across microservices.,A,"Dual-writes fail if the DB commit succeeds but Kafka send fails. The Outbox pattern writes to the local DB table atomically, and Debezium tails the database WAL to publish events reliably. (Bloom's Taxonomy Level 3: Application & Troubleshooting)."
sys-1k-0595,Distributed Consensus (Raft & Paxos),medium,"Under Raft consensus rules, why will a follower node refuse to vote for a candidate even if the candidate's term is higher?","// 5-Node Raft Cluster
// Node 1 initiates election with Term 4",If the candidate's log is less up-to-date (has lower last log term or shorter log length) than the follower's own log.,If the candidate's IP address is numerically higher than the follower.,If the follower has been online for more than 10 minutes.,If the candidate uses UDP packets instead of TCP.,A,"The Raft Leader Completeness invariant requires that a follower grants a vote only if the candidate's log is at least as up-to-date as the voter's own log (higher term, or same term with longer index). (Bloom's Taxonomy Level 3: Application & Troubleshooting)."
sys-1k-0596,Distributed Caching & Stampede Mitigation,easy,How does the XFetch algorithm eliminate Cache Stampede (Thundering Herd) when a hot key expires under high concurrency?,"// XFetch Algorithm:
// if ( -delta * beta * ln(random()) ) >= remaining_ttl -> trigger refresh","The probability of a background reader recalculating and updating the cache key increases asymptotically to 1.0 as TTL nears zero, refreshing the cache prior to actual expiry.",It drops all incoming traffic when the cache key reaches 0 TTL.,It locks all Redis shards to single-threaded sequential execution.,It forces the client browser to compute the database query.,A,"XFetch probabilistically triggers early refresh based on computation cost (delta) and TTL. A single reader refreshes the cache ahead of expiration, preventing massive database thundering herds. (Bloom's Taxonomy Level 3: Application & Troubleshooting)."
sys-1k-0597,Distributed Rate Limiting,hard,Why is a Redis Lua script essential for distributed rate limiting across multiple app servers?,"local key = KEYS[1]
local limit = tonumber(ARGV[1])
local current = tonumber(redis.call('get', key) or '0')
if current + 1 > limit then return 0 else redis.call('incrby', key, 1) return 1 end","Redis executes Lua scripts atomically in its single-threaded event loop, preventing Time-of-Check to Time-of-Use (TOCTOU) race conditions across concurrent servers.",Lua scripts execute inside the client's browser JavaScript engine.,Separate GET and SET commands are banned by HTTP/2.,Lua scripts store rate limit counters in CPU registers.,A,"Separate GET and SET calls allow concurrent servers to interleave commands, exceeding rate limits. Lua scripts execute atomically in Redis without race conditions. (Bloom's Taxonomy Level 3: Application & Troubleshooting)."
sys-1k-0598,Database Storage Engines & Indexing,medium,"Why do write-heavy distributed databases (Cassandra, RocksDB) utilize Log-Structured Merge-Trees instead of B-Trees?",// LSM Pipeline: Append to WAL -> Insert into MemTable -> Flush to SSTables,"LSM-Trees transform random disk writes into sequential append-only writes, maximizing disk throughput and minimizing disk write amplification.",B-Trees cannot store numeric floating point values.,LSM-Trees do not use persistent disk storage.,LSM-Trees perform random in-place updates directly on flash memory.,A,"B-Trees perform random in-place disk page updates, causing heavy write amplification. LSM-Trees append sequentially to WAL and MemTable, periodically compacting immutable SSTables. (Bloom's Taxonomy Level 3: Application & Troubleshooting)."
sys-1k-0599,Message Queues & Kafka Internals,easy,How does the Kafka Transaction Coordinator prevent zombie producers from committing split-brain transactions after a network partition?,"producer.initTransactions();
producer.beginTransaction();
producer.send(record);
producer.commitTransaction();","It increments the producer epoch for that transactional.id, causing brokers to reject any subsequent writes from the old producer instance with ProducerFencedException.",It blocks the old producer's IP address on the Linux kernel firewall.,It automatically deletes the target topic partition.,It forces all broker nodes to reboot.,A,"When a new producer instance initializes with a transactional ID, the coordinator bumps the epoch. Any late writes from the old zombie instance are rejected with ProducerFencedException. (Bloom's Taxonomy Level 3: Application & Troubleshooting)."
sys-1k-0600,Consistent Hashing & Partitioning,hard,What critical problem do Virtual Nodes solve in Consistent Hashing topologies?,"// Hash Ring: 0 to 2^32 - 1
// Physical Nodes mapped to 150 Virtual Nodes each","They prevent hot-spot data skew by distributing token positions evenly across the hash ring, ensuring uniform load distribution when nodes join or leave.",They eliminate the need for hash functions.,They reduce network bandwidth to zero.,They convert distributed hash tables into single-node in-memory lists.,A,"Without virtual nodes, a small cluster has uneven hash token distribution. Mapping each physical server to 100-200 virtual nodes creates a balanced, uniform distribution across the ring. (Bloom's Taxonomy Level 3: Application & Troubleshooting)."
sys-1k-0601,Distributed Transactions & Saga,medium,Why is Orchestrated Saga preferred over Choreographed Saga for complex distributed workflows with many microservice dependencies?,"// Order Saga Orchestrator:
// 1. ReserveStock -> 2. ProcessPayment -> 3. DispatchShipment
// If Step 2 fails -> Trigger CompensateStock()","An Orchestrator provides a centralized state machine with clear compensation visibility, preventing cyclic event mesh deadlocks and event spaghetti.",Choreography is prohibited by ISO 20022 standards.,Orchestrator eliminates network communication between services.,Choreography consumes 100x more memory than orchestration.,A,"In complex workflows, an orchestrator coordinates transactions centrally, tracks timeouts, and invokes compensating rollbacks predictably without tangled event dependencies. (Bloom's Taxonomy Level 3: Application & Troubleshooting)."
sys-1k-0602,Transactional Outbox & CDC,easy,How does the Transactional Outbox pattern paired with Debezium CDC prevent data inconsistencies compared to dual writes?,"// Local ACID Transaction:
orderRepo.save(order);
outboxRepo.save(new OutboxEvent(""OrderCreated"", order.getId()));",The entity update and outbox record are committed atomically in the same local database transaction; Debezium streams WAL commits to Kafka with at-least-once guarantee.,It converts Kafka topics into relational database tables.,It eliminates the need for database transaction logs entirely.,It guarantees zero network latency across microservices.,A,"Dual-writes fail if the DB commit succeeds but Kafka send fails. The Outbox pattern writes to the local DB table atomically, and Debezium tails the database WAL to publish events reliably. (Bloom's Taxonomy Level 3: Application & Troubleshooting)."
sys-1k-0603,Distributed Consensus (Raft & Paxos),hard,"Under Raft consensus rules, why will a follower node refuse to vote for a candidate even if the candidate's term is higher?","// 5-Node Raft Cluster
// Node 1 initiates election with Term 4",If the candidate's log is less up-to-date (has lower last log term or shorter log length) than the follower's own log.,If the candidate's IP address is numerically higher than the follower.,If the follower has been online for more than 10 minutes.,If the candidate uses UDP packets instead of TCP.,A,"The Raft Leader Completeness invariant requires that a follower grants a vote only if the candidate's log is at least as up-to-date as the voter's own log (higher term, or same term with longer index). (Bloom's Taxonomy Level 3: Application & Troubleshooting)."
sys-1k-0604,Distributed Caching & Stampede Mitigation,medium,How does the XFetch algorithm eliminate Cache Stampede (Thundering Herd) when a hot key expires under high concurrency?,"// XFetch Algorithm:
// if ( -delta * beta * ln(random()) ) >= remaining_ttl -> trigger refresh","The probability of a background reader recalculating and updating the cache key increases asymptotically to 1.0 as TTL nears zero, refreshing the cache prior to actual expiry.",It drops all incoming traffic when the cache key reaches 0 TTL.,It locks all Redis shards to single-threaded sequential execution.,It forces the client browser to compute the database query.,A,"XFetch probabilistically triggers early refresh based on computation cost (delta) and TTL. A single reader refreshes the cache ahead of expiration, preventing massive database thundering herds. (Bloom's Taxonomy Level 3: Application & Troubleshooting)."
sys-1k-0605,Distributed Rate Limiting,easy,Why is a Redis Lua script essential for distributed rate limiting across multiple app servers?,"local key = KEYS[1]
local limit = tonumber(ARGV[1])
local current = tonumber(redis.call('get', key) or '0')
if current + 1 > limit then return 0 else redis.call('incrby', key, 1) return 1 end","Redis executes Lua scripts atomically in its single-threaded event loop, preventing Time-of-Check to Time-of-Use (TOCTOU) race conditions across concurrent servers.",Lua scripts execute inside the client's browser JavaScript engine.,Separate GET and SET commands are banned by HTTP/2.,Lua scripts store rate limit counters in CPU registers.,A,"Separate GET and SET calls allow concurrent servers to interleave commands, exceeding rate limits. Lua scripts execute atomically in Redis without race conditions. (Bloom's Taxonomy Level 3: Application & Troubleshooting)."
sys-1k-0606,Database Storage Engines & Indexing,hard,"Why do write-heavy distributed databases (Cassandra, RocksDB) utilize Log-Structured Merge-Trees instead of B-Trees?",// LSM Pipeline: Append to WAL -> Insert into MemTable -> Flush to SSTables,"LSM-Trees transform random disk writes into sequential append-only writes, maximizing disk throughput and minimizing disk write amplification.",B-Trees cannot store numeric floating point values.,LSM-Trees do not use persistent disk storage.,LSM-Trees perform random in-place updates directly on flash memory.,A,"B-Trees perform random in-place disk page updates, causing heavy write amplification. LSM-Trees append sequentially to WAL and MemTable, periodically compacting immutable SSTables. (Bloom's Taxonomy Level 3: Application & Troubleshooting)."
sys-1k-0607,Message Queues & Kafka Internals,medium,How does the Kafka Transaction Coordinator prevent zombie producers from committing split-brain transactions after a network partition?,"producer.initTransactions();
producer.beginTransaction();
producer.send(record);
producer.commitTransaction();","It increments the producer epoch for that transactional.id, causing brokers to reject any subsequent writes from the old producer instance with ProducerFencedException.",It blocks the old producer's IP address on the Linux kernel firewall.,It automatically deletes the target topic partition.,It forces all broker nodes to reboot.,A,"When a new producer instance initializes with a transactional ID, the coordinator bumps the epoch. Any late writes from the old zombie instance are rejected with ProducerFencedException. (Bloom's Taxonomy Level 3: Application & Troubleshooting)."
sys-1k-0608,Consistent Hashing & Partitioning,easy,What critical problem do Virtual Nodes solve in Consistent Hashing topologies?,"// Hash Ring: 0 to 2^32 - 1
// Physical Nodes mapped to 150 Virtual Nodes each","They prevent hot-spot data skew by distributing token positions evenly across the hash ring, ensuring uniform load distribution when nodes join or leave.",They eliminate the need for hash functions.,They reduce network bandwidth to zero.,They convert distributed hash tables into single-node in-memory lists.,A,"Without virtual nodes, a small cluster has uneven hash token distribution. Mapping each physical server to 100-200 virtual nodes creates a balanced, uniform distribution across the ring. (Bloom's Taxonomy Level 3: Application & Troubleshooting)."
sys-1k-0609,Distributed Transactions & Saga,hard,Why is Orchestrated Saga preferred over Choreographed Saga for complex distributed workflows with many microservice dependencies?,"// Order Saga Orchestrator:
// 1. ReserveStock -> 2. ProcessPayment -> 3. DispatchShipment
// If Step 2 fails -> Trigger CompensateStock()","An Orchestrator provides a centralized state machine with clear compensation visibility, preventing cyclic event mesh deadlocks and event spaghetti.",Choreography is prohibited by ISO 20022 standards.,Orchestrator eliminates network communication between services.,Choreography consumes 100x more memory than orchestration.,A,"In complex workflows, an orchestrator coordinates transactions centrally, tracks timeouts, and invokes compensating rollbacks predictably without tangled event dependencies. (Bloom's Taxonomy Level 3: Application & Troubleshooting)."
sys-1k-0610,Transactional Outbox & CDC,medium,How does the Transactional Outbox pattern paired with Debezium CDC prevent data inconsistencies compared to dual writes?,"// Local ACID Transaction:
orderRepo.save(order);
outboxRepo.save(new OutboxEvent(""OrderCreated"", order.getId()));",The entity update and outbox record are committed atomically in the same local database transaction; Debezium streams WAL commits to Kafka with at-least-once guarantee.,It converts Kafka topics into relational database tables.,It eliminates the need for database transaction logs entirely.,It guarantees zero network latency across microservices.,A,"Dual-writes fail if the DB commit succeeds but Kafka send fails. The Outbox pattern writes to the local DB table atomically, and Debezium tails the database WAL to publish events reliably. (Bloom's Taxonomy Level 3: Application & Troubleshooting)."
sys-1k-0611,Distributed Consensus (Raft & Paxos),easy,"Under Raft consensus rules, why will a follower node refuse to vote for a candidate even if the candidate's term is higher?","// 5-Node Raft Cluster
// Node 1 initiates election with Term 4",If the candidate's log is less up-to-date (has lower last log term or shorter log length) than the follower's own log.,If the candidate's IP address is numerically higher than the follower.,If the follower has been online for more than 10 minutes.,If the candidate uses UDP packets instead of TCP.,A,"The Raft Leader Completeness invariant requires that a follower grants a vote only if the candidate's log is at least as up-to-date as the voter's own log (higher term, or same term with longer index). (Bloom's Taxonomy Level 3: Application & Troubleshooting)."
sys-1k-0612,Distributed Caching & Stampede Mitigation,hard,How does the XFetch algorithm eliminate Cache Stampede (Thundering Herd) when a hot key expires under high concurrency?,"// XFetch Algorithm:
// if ( -delta * beta * ln(random()) ) >= remaining_ttl -> trigger refresh","The probability of a background reader recalculating and updating the cache key increases asymptotically to 1.0 as TTL nears zero, refreshing the cache prior to actual expiry.",It drops all incoming traffic when the cache key reaches 0 TTL.,It locks all Redis shards to single-threaded sequential execution.,It forces the client browser to compute the database query.,A,"XFetch probabilistically triggers early refresh based on computation cost (delta) and TTL. A single reader refreshes the cache ahead of expiration, preventing massive database thundering herds. (Bloom's Taxonomy Level 3: Application & Troubleshooting)."
sys-1k-0613,Distributed Rate Limiting,medium,Why is a Redis Lua script essential for distributed rate limiting across multiple app servers?,"local key = KEYS[1]
local limit = tonumber(ARGV[1])
local current = tonumber(redis.call('get', key) or '0')
if current + 1 > limit then return 0 else redis.call('incrby', key, 1) return 1 end","Redis executes Lua scripts atomically in its single-threaded event loop, preventing Time-of-Check to Time-of-Use (TOCTOU) race conditions across concurrent servers.",Lua scripts execute inside the client's browser JavaScript engine.,Separate GET and SET commands are banned by HTTP/2.,Lua scripts store rate limit counters in CPU registers.,A,"Separate GET and SET calls allow concurrent servers to interleave commands, exceeding rate limits. Lua scripts execute atomically in Redis without race conditions. (Bloom's Taxonomy Level 3: Application & Troubleshooting)."
sys-1k-0614,Database Storage Engines & Indexing,easy,"Why do write-heavy distributed databases (Cassandra, RocksDB) utilize Log-Structured Merge-Trees instead of B-Trees?",// LSM Pipeline: Append to WAL -> Insert into MemTable -> Flush to SSTables,"LSM-Trees transform random disk writes into sequential append-only writes, maximizing disk throughput and minimizing disk write amplification.",B-Trees cannot store numeric floating point values.,LSM-Trees do not use persistent disk storage.,LSM-Trees perform random in-place updates directly on flash memory.,A,"B-Trees perform random in-place disk page updates, causing heavy write amplification. LSM-Trees append sequentially to WAL and MemTable, periodically compacting immutable SSTables. (Bloom's Taxonomy Level 3: Application & Troubleshooting)."
sys-1k-0615,Message Queues & Kafka Internals,hard,How does the Kafka Transaction Coordinator prevent zombie producers from committing split-brain transactions after a network partition?,"producer.initTransactions();
producer.beginTransaction();
producer.send(record);
producer.commitTransaction();","It increments the producer epoch for that transactional.id, causing brokers to reject any subsequent writes from the old producer instance with ProducerFencedException.",It blocks the old producer's IP address on the Linux kernel firewall.,It automatically deletes the target topic partition.,It forces all broker nodes to reboot.,A,"When a new producer instance initializes with a transactional ID, the coordinator bumps the epoch. Any late writes from the old zombie instance are rejected with ProducerFencedException. (Bloom's Taxonomy Level 3: Application & Troubleshooting)."
sys-1k-0616,Consistent Hashing & Partitioning,medium,What critical problem do Virtual Nodes solve in Consistent Hashing topologies?,"// Hash Ring: 0 to 2^32 - 1
// Physical Nodes mapped to 150 Virtual Nodes each","They prevent hot-spot data skew by distributing token positions evenly across the hash ring, ensuring uniform load distribution when nodes join or leave.",They eliminate the need for hash functions.,They reduce network bandwidth to zero.,They convert distributed hash tables into single-node in-memory lists.,A,"Without virtual nodes, a small cluster has uneven hash token distribution. Mapping each physical server to 100-200 virtual nodes creates a balanced, uniform distribution across the ring. (Bloom's Taxonomy Level 3: Application & Troubleshooting)."
sys-1k-0617,Distributed Transactions & Saga,easy,Why is Orchestrated Saga preferred over Choreographed Saga for complex distributed workflows with many microservice dependencies?,"// Order Saga Orchestrator:
// 1. ReserveStock -> 2. ProcessPayment -> 3. DispatchShipment
// If Step 2 fails -> Trigger CompensateStock()","An Orchestrator provides a centralized state machine with clear compensation visibility, preventing cyclic event mesh deadlocks and event spaghetti.",Choreography is prohibited by ISO 20022 standards.,Orchestrator eliminates network communication between services.,Choreography consumes 100x more memory than orchestration.,A,"In complex workflows, an orchestrator coordinates transactions centrally, tracks timeouts, and invokes compensating rollbacks predictably without tangled event dependencies. (Bloom's Taxonomy Level 3: Application & Troubleshooting)."
sys-1k-0618,Transactional Outbox & CDC,hard,How does the Transactional Outbox pattern paired with Debezium CDC prevent data inconsistencies compared to dual writes?,"// Local ACID Transaction:
orderRepo.save(order);
outboxRepo.save(new OutboxEvent(""OrderCreated"", order.getId()));",The entity update and outbox record are committed atomically in the same local database transaction; Debezium streams WAL commits to Kafka with at-least-once guarantee.,It converts Kafka topics into relational database tables.,It eliminates the need for database transaction logs entirely.,It guarantees zero network latency across microservices.,A,"Dual-writes fail if the DB commit succeeds but Kafka send fails. The Outbox pattern writes to the local DB table atomically, and Debezium tails the database WAL to publish events reliably. (Bloom's Taxonomy Level 3: Application & Troubleshooting)."
sys-1k-0619,Distributed Consensus (Raft & Paxos),medium,"Under Raft consensus rules, why will a follower node refuse to vote for a candidate even if the candidate's term is higher?","// 5-Node Raft Cluster
// Node 1 initiates election with Term 4",If the candidate's log is less up-to-date (has lower last log term or shorter log length) than the follower's own log.,If the candidate's IP address is numerically higher than the follower.,If the follower has been online for more than 10 minutes.,If the candidate uses UDP packets instead of TCP.,A,"The Raft Leader Completeness invariant requires that a follower grants a vote only if the candidate's log is at least as up-to-date as the voter's own log (higher term, or same term with longer index). (Bloom's Taxonomy Level 3: Application & Troubleshooting)."
sys-1k-0620,Distributed Caching & Stampede Mitigation,easy,How does the XFetch algorithm eliminate Cache Stampede (Thundering Herd) when a hot key expires under high concurrency?,"// XFetch Algorithm:
// if ( -delta * beta * ln(random()) ) >= remaining_ttl -> trigger refresh","The probability of a background reader recalculating and updating the cache key increases asymptotically to 1.0 as TTL nears zero, refreshing the cache prior to actual expiry.",It drops all incoming traffic when the cache key reaches 0 TTL.,It locks all Redis shards to single-threaded sequential execution.,It forces the client browser to compute the database query.,A,"XFetch probabilistically triggers early refresh based on computation cost (delta) and TTL. A single reader refreshes the cache ahead of expiration, preventing massive database thundering herds. (Bloom's Taxonomy Level 3: Application & Troubleshooting)."
sys-1k-0621,Distributed Rate Limiting,hard,Why is a Redis Lua script essential for distributed rate limiting across multiple app servers?,"local key = KEYS[1]
local limit = tonumber(ARGV[1])
local current = tonumber(redis.call('get', key) or '0')
if current + 1 > limit then return 0 else redis.call('incrby', key, 1) return 1 end","Redis executes Lua scripts atomically in its single-threaded event loop, preventing Time-of-Check to Time-of-Use (TOCTOU) race conditions across concurrent servers.",Lua scripts execute inside the client's browser JavaScript engine.,Separate GET and SET commands are banned by HTTP/2.,Lua scripts store rate limit counters in CPU registers.,A,"Separate GET and SET calls allow concurrent servers to interleave commands, exceeding rate limits. Lua scripts execute atomically in Redis without race conditions. (Bloom's Taxonomy Level 3: Application & Troubleshooting)."
sys-1k-0622,Database Storage Engines & Indexing,medium,"Why do write-heavy distributed databases (Cassandra, RocksDB) utilize Log-Structured Merge-Trees instead of B-Trees?",// LSM Pipeline: Append to WAL -> Insert into MemTable -> Flush to SSTables,"LSM-Trees transform random disk writes into sequential append-only writes, maximizing disk throughput and minimizing disk write amplification.",B-Trees cannot store numeric floating point values.,LSM-Trees do not use persistent disk storage.,LSM-Trees perform random in-place updates directly on flash memory.,A,"B-Trees perform random in-place disk page updates, causing heavy write amplification. LSM-Trees append sequentially to WAL and MemTable, periodically compacting immutable SSTables. (Bloom's Taxonomy Level 3: Application & Troubleshooting)."
sys-1k-0623,Message Queues & Kafka Internals,easy,How does the Kafka Transaction Coordinator prevent zombie producers from committing split-brain transactions after a network partition?,"producer.initTransactions();
producer.beginTransaction();
producer.send(record);
producer.commitTransaction();","It increments the producer epoch for that transactional.id, causing brokers to reject any subsequent writes from the old producer instance with ProducerFencedException.",It blocks the old producer's IP address on the Linux kernel firewall.,It automatically deletes the target topic partition.,It forces all broker nodes to reboot.,A,"When a new producer instance initializes with a transactional ID, the coordinator bumps the epoch. Any late writes from the old zombie instance are rejected with ProducerFencedException. (Bloom's Taxonomy Level 3: Application & Troubleshooting)."
sys-1k-0624,Consistent Hashing & Partitioning,hard,What critical problem do Virtual Nodes solve in Consistent Hashing topologies?,"// Hash Ring: 0 to 2^32 - 1
// Physical Nodes mapped to 150 Virtual Nodes each","They prevent hot-spot data skew by distributing token positions evenly across the hash ring, ensuring uniform load distribution when nodes join or leave.",They eliminate the need for hash functions.,They reduce network bandwidth to zero.,They convert distributed hash tables into single-node in-memory lists.,A,"Without virtual nodes, a small cluster has uneven hash token distribution. Mapping each physical server to 100-200 virtual nodes creates a balanced, uniform distribution across the ring. (Bloom's Taxonomy Level 3: Application & Troubleshooting)."
sys-1k-0625,Distributed Transactions & Saga,medium,Why is Orchestrated Saga preferred over Choreographed Saga for complex distributed workflows with many microservice dependencies?,"// Order Saga Orchestrator:
// 1. ReserveStock -> 2. ProcessPayment -> 3. DispatchShipment
// If Step 2 fails -> Trigger CompensateStock()","An Orchestrator provides a centralized state machine with clear compensation visibility, preventing cyclic event mesh deadlocks and event spaghetti.",Choreography is prohibited by ISO 20022 standards.,Orchestrator eliminates network communication between services.,Choreography consumes 100x more memory than orchestration.,A,"In complex workflows, an orchestrator coordinates transactions centrally, tracks timeouts, and invokes compensating rollbacks predictably without tangled event dependencies. (Bloom's Taxonomy Level 3: Application & Troubleshooting)."
sys-1k-0626,Transactional Outbox & CDC,easy,How does the Transactional Outbox pattern paired with Debezium CDC prevent data inconsistencies compared to dual writes?,"// Local ACID Transaction:
orderRepo.save(order);
outboxRepo.save(new OutboxEvent(""OrderCreated"", order.getId()));",The entity update and outbox record are committed atomically in the same local database transaction; Debezium streams WAL commits to Kafka with at-least-once guarantee.,It converts Kafka topics into relational database tables.,It eliminates the need for database transaction logs entirely.,It guarantees zero network latency across microservices.,A,"Dual-writes fail if the DB commit succeeds but Kafka send fails. The Outbox pattern writes to the local DB table atomically, and Debezium tails the database WAL to publish events reliably. (Bloom's Taxonomy Level 3: Application & Troubleshooting)."
sys-1k-0627,Distributed Consensus (Raft & Paxos),hard,"Under Raft consensus rules, why will a follower node refuse to vote for a candidate even if the candidate's term is higher?","// 5-Node Raft Cluster
// Node 1 initiates election with Term 4",If the candidate's log is less up-to-date (has lower last log term or shorter log length) than the follower's own log.,If the candidate's IP address is numerically higher than the follower.,If the follower has been online for more than 10 minutes.,If the candidate uses UDP packets instead of TCP.,A,"The Raft Leader Completeness invariant requires that a follower grants a vote only if the candidate's log is at least as up-to-date as the voter's own log (higher term, or same term with longer index). (Bloom's Taxonomy Level 3: Application & Troubleshooting)."
sys-1k-0628,Distributed Caching & Stampede Mitigation,medium,How does the XFetch algorithm eliminate Cache Stampede (Thundering Herd) when a hot key expires under high concurrency?,"// XFetch Algorithm:
// if ( -delta * beta * ln(random()) ) >= remaining_ttl -> trigger refresh","The probability of a background reader recalculating and updating the cache key increases asymptotically to 1.0 as TTL nears zero, refreshing the cache prior to actual expiry.",It drops all incoming traffic when the cache key reaches 0 TTL.,It locks all Redis shards to single-threaded sequential execution.,It forces the client browser to compute the database query.,A,"XFetch probabilistically triggers early refresh based on computation cost (delta) and TTL. A single reader refreshes the cache ahead of expiration, preventing massive database thundering herds. (Bloom's Taxonomy Level 3: Application & Troubleshooting)."
sys-1k-0629,Distributed Rate Limiting,easy,Why is a Redis Lua script essential for distributed rate limiting across multiple app servers?,"local key = KEYS[1]
local limit = tonumber(ARGV[1])
local current = tonumber(redis.call('get', key) or '0')
if current + 1 > limit then return 0 else redis.call('incrby', key, 1) return 1 end","Redis executes Lua scripts atomically in its single-threaded event loop, preventing Time-of-Check to Time-of-Use (TOCTOU) race conditions across concurrent servers.",Lua scripts execute inside the client's browser JavaScript engine.,Separate GET and SET commands are banned by HTTP/2.,Lua scripts store rate limit counters in CPU registers.,A,"Separate GET and SET calls allow concurrent servers to interleave commands, exceeding rate limits. Lua scripts execute atomically in Redis without race conditions. (Bloom's Taxonomy Level 3: Application & Troubleshooting)."
sys-1k-0630,Database Storage Engines & Indexing,hard,"Why do write-heavy distributed databases (Cassandra, RocksDB) utilize Log-Structured Merge-Trees instead of B-Trees?",// LSM Pipeline: Append to WAL -> Insert into MemTable -> Flush to SSTables,"LSM-Trees transform random disk writes into sequential append-only writes, maximizing disk throughput and minimizing disk write amplification.",B-Trees cannot store numeric floating point values.,LSM-Trees do not use persistent disk storage.,LSM-Trees perform random in-place updates directly on flash memory.,A,"B-Trees perform random in-place disk page updates, causing heavy write amplification. LSM-Trees append sequentially to WAL and MemTable, periodically compacting immutable SSTables. (Bloom's Taxonomy Level 3: Application & Troubleshooting)."
sys-1k-0631,Message Queues & Kafka Internals,medium,How does the Kafka Transaction Coordinator prevent zombie producers from committing split-brain transactions after a network partition?,"producer.initTransactions();
producer.beginTransaction();
producer.send(record);
producer.commitTransaction();","It increments the producer epoch for that transactional.id, causing brokers to reject any subsequent writes from the old producer instance with ProducerFencedException.",It blocks the old producer's IP address on the Linux kernel firewall.,It automatically deletes the target topic partition.,It forces all broker nodes to reboot.,A,"When a new producer instance initializes with a transactional ID, the coordinator bumps the epoch. Any late writes from the old zombie instance are rejected with ProducerFencedException. (Bloom's Taxonomy Level 3: Application & Troubleshooting)."
sys-1k-0632,Consistent Hashing & Partitioning,easy,What critical problem do Virtual Nodes solve in Consistent Hashing topologies?,"// Hash Ring: 0 to 2^32 - 1
// Physical Nodes mapped to 150 Virtual Nodes each","They prevent hot-spot data skew by distributing token positions evenly across the hash ring, ensuring uniform load distribution when nodes join or leave.",They eliminate the need for hash functions.,They reduce network bandwidth to zero.,They convert distributed hash tables into single-node in-memory lists.,A,"Without virtual nodes, a small cluster has uneven hash token distribution. Mapping each physical server to 100-200 virtual nodes creates a balanced, uniform distribution across the ring. (Bloom's Taxonomy Level 3: Application & Troubleshooting)."
sys-1k-0633,Distributed Transactions & Saga,hard,Why is Orchestrated Saga preferred over Choreographed Saga for complex distributed workflows with many microservice dependencies?,"// Order Saga Orchestrator:
// 1. ReserveStock -> 2. ProcessPayment -> 3. DispatchShipment
// If Step 2 fails -> Trigger CompensateStock()","An Orchestrator provides a centralized state machine with clear compensation visibility, preventing cyclic event mesh deadlocks and event spaghetti.",Choreography is prohibited by ISO 20022 standards.,Orchestrator eliminates network communication between services.,Choreography consumes 100x more memory than orchestration.,A,"In complex workflows, an orchestrator coordinates transactions centrally, tracks timeouts, and invokes compensating rollbacks predictably without tangled event dependencies. (Bloom's Taxonomy Level 3: Application & Troubleshooting)."
sys-1k-0634,Transactional Outbox & CDC,medium,How does the Transactional Outbox pattern paired with Debezium CDC prevent data inconsistencies compared to dual writes?,"// Local ACID Transaction:
orderRepo.save(order);
outboxRepo.save(new OutboxEvent(""OrderCreated"", order.getId()));",The entity update and outbox record are committed atomically in the same local database transaction; Debezium streams WAL commits to Kafka with at-least-once guarantee.,It converts Kafka topics into relational database tables.,It eliminates the need for database transaction logs entirely.,It guarantees zero network latency across microservices.,A,"Dual-writes fail if the DB commit succeeds but Kafka send fails. The Outbox pattern writes to the local DB table atomically, and Debezium tails the database WAL to publish events reliably. (Bloom's Taxonomy Level 3: Application & Troubleshooting)."
sys-1k-0635,Distributed Consensus (Raft & Paxos),easy,"Under Raft consensus rules, why will a follower node refuse to vote for a candidate even if the candidate's term is higher?","// 5-Node Raft Cluster
// Node 1 initiates election with Term 4",If the candidate's log is less up-to-date (has lower last log term or shorter log length) than the follower's own log.,If the candidate's IP address is numerically higher than the follower.,If the follower has been online for more than 10 minutes.,If the candidate uses UDP packets instead of TCP.,A,"The Raft Leader Completeness invariant requires that a follower grants a vote only if the candidate's log is at least as up-to-date as the voter's own log (higher term, or same term with longer index). (Bloom's Taxonomy Level 3: Application & Troubleshooting)."
sys-1k-0636,Distributed Caching & Stampede Mitigation,hard,How does the XFetch algorithm eliminate Cache Stampede (Thundering Herd) when a hot key expires under high concurrency?,"// XFetch Algorithm:
// if ( -delta * beta * ln(random()) ) >= remaining_ttl -> trigger refresh","The probability of a background reader recalculating and updating the cache key increases asymptotically to 1.0 as TTL nears zero, refreshing the cache prior to actual expiry.",It drops all incoming traffic when the cache key reaches 0 TTL.,It locks all Redis shards to single-threaded sequential execution.,It forces the client browser to compute the database query.,A,"XFetch probabilistically triggers early refresh based on computation cost (delta) and TTL. A single reader refreshes the cache ahead of expiration, preventing massive database thundering herds. (Bloom's Taxonomy Level 3: Application & Troubleshooting)."
sys-1k-0637,Distributed Rate Limiting,medium,Why is a Redis Lua script essential for distributed rate limiting across multiple app servers?,"local key = KEYS[1]
local limit = tonumber(ARGV[1])
local current = tonumber(redis.call('get', key) or '0')
if current + 1 > limit then return 0 else redis.call('incrby', key, 1) return 1 end","Redis executes Lua scripts atomically in its single-threaded event loop, preventing Time-of-Check to Time-of-Use (TOCTOU) race conditions across concurrent servers.",Lua scripts execute inside the client's browser JavaScript engine.,Separate GET and SET commands are banned by HTTP/2.,Lua scripts store rate limit counters in CPU registers.,A,"Separate GET and SET calls allow concurrent servers to interleave commands, exceeding rate limits. Lua scripts execute atomically in Redis without race conditions. (Bloom's Taxonomy Level 3: Application & Troubleshooting)."
sys-1k-0638,Database Storage Engines & Indexing,easy,"Why do write-heavy distributed databases (Cassandra, RocksDB) utilize Log-Structured Merge-Trees instead of B-Trees?",// LSM Pipeline: Append to WAL -> Insert into MemTable -> Flush to SSTables,"LSM-Trees transform random disk writes into sequential append-only writes, maximizing disk throughput and minimizing disk write amplification.",B-Trees cannot store numeric floating point values.,LSM-Trees do not use persistent disk storage.,LSM-Trees perform random in-place updates directly on flash memory.,A,"B-Trees perform random in-place disk page updates, causing heavy write amplification. LSM-Trees append sequentially to WAL and MemTable, periodically compacting immutable SSTables. (Bloom's Taxonomy Level 3: Application & Troubleshooting)."
sys-1k-0639,Message Queues & Kafka Internals,hard,How does the Kafka Transaction Coordinator prevent zombie producers from committing split-brain transactions after a network partition?,"producer.initTransactions();
producer.beginTransaction();
producer.send(record);
producer.commitTransaction();","It increments the producer epoch for that transactional.id, causing brokers to reject any subsequent writes from the old producer instance with ProducerFencedException.",It blocks the old producer's IP address on the Linux kernel firewall.,It automatically deletes the target topic partition.,It forces all broker nodes to reboot.,A,"When a new producer instance initializes with a transactional ID, the coordinator bumps the epoch. Any late writes from the old zombie instance are rejected with ProducerFencedException. (Bloom's Taxonomy Level 3: Application & Troubleshooting)."
sys-1k-0640,Consistent Hashing & Partitioning,medium,What critical problem do Virtual Nodes solve in Consistent Hashing topologies?,"// Hash Ring: 0 to 2^32 - 1
// Physical Nodes mapped to 150 Virtual Nodes each","They prevent hot-spot data skew by distributing token positions evenly across the hash ring, ensuring uniform load distribution when nodes join or leave.",They eliminate the need for hash functions.,They reduce network bandwidth to zero.,They convert distributed hash tables into single-node in-memory lists.,A,"Without virtual nodes, a small cluster has uneven hash token distribution. Mapping each physical server to 100-200 virtual nodes creates a balanced, uniform distribution across the ring. (Bloom's Taxonomy Level 3: Application & Troubleshooting)."
sys-1k-0641,Distributed Transactions & Saga,easy,Why is Orchestrated Saga preferred over Choreographed Saga for complex distributed workflows with many microservice dependencies?,"// Order Saga Orchestrator:
// 1. ReserveStock -> 2. ProcessPayment -> 3. DispatchShipment
// If Step 2 fails -> Trigger CompensateStock()","An Orchestrator provides a centralized state machine with clear compensation visibility, preventing cyclic event mesh deadlocks and event spaghetti.",Choreography is prohibited by ISO 20022 standards.,Orchestrator eliminates network communication between services.,Choreography consumes 100x more memory than orchestration.,A,"In complex workflows, an orchestrator coordinates transactions centrally, tracks timeouts, and invokes compensating rollbacks predictably without tangled event dependencies. (Bloom's Taxonomy Level 3: Application & Troubleshooting)."
sys-1k-0642,Transactional Outbox & CDC,hard,How does the Transactional Outbox pattern paired with Debezium CDC prevent data inconsistencies compared to dual writes?,"// Local ACID Transaction:
orderRepo.save(order);
outboxRepo.save(new OutboxEvent(""OrderCreated"", order.getId()));",The entity update and outbox record are committed atomically in the same local database transaction; Debezium streams WAL commits to Kafka with at-least-once guarantee.,It converts Kafka topics into relational database tables.,It eliminates the need for database transaction logs entirely.,It guarantees zero network latency across microservices.,A,"Dual-writes fail if the DB commit succeeds but Kafka send fails. The Outbox pattern writes to the local DB table atomically, and Debezium tails the database WAL to publish events reliably. (Bloom's Taxonomy Level 3: Application & Troubleshooting)."
sys-1k-0643,Distributed Consensus (Raft & Paxos),medium,"Under Raft consensus rules, why will a follower node refuse to vote for a candidate even if the candidate's term is higher?","// 5-Node Raft Cluster
// Node 1 initiates election with Term 4",If the candidate's log is less up-to-date (has lower last log term or shorter log length) than the follower's own log.,If the candidate's IP address is numerically higher than the follower.,If the follower has been online for more than 10 minutes.,If the candidate uses UDP packets instead of TCP.,A,"The Raft Leader Completeness invariant requires that a follower grants a vote only if the candidate's log is at least as up-to-date as the voter's own log (higher term, or same term with longer index). (Bloom's Taxonomy Level 3: Application & Troubleshooting)."
sys-1k-0644,Distributed Caching & Stampede Mitigation,easy,How does the XFetch algorithm eliminate Cache Stampede (Thundering Herd) when a hot key expires under high concurrency?,"// XFetch Algorithm:
// if ( -delta * beta * ln(random()) ) >= remaining_ttl -> trigger refresh","The probability of a background reader recalculating and updating the cache key increases asymptotically to 1.0 as TTL nears zero, refreshing the cache prior to actual expiry.",It drops all incoming traffic when the cache key reaches 0 TTL.,It locks all Redis shards to single-threaded sequential execution.,It forces the client browser to compute the database query.,A,"XFetch probabilistically triggers early refresh based on computation cost (delta) and TTL. A single reader refreshes the cache ahead of expiration, preventing massive database thundering herds. (Bloom's Taxonomy Level 3: Application & Troubleshooting)."
sys-1k-0645,Distributed Rate Limiting,hard,Why is a Redis Lua script essential for distributed rate limiting across multiple app servers?,"local key = KEYS[1]
local limit = tonumber(ARGV[1])
local current = tonumber(redis.call('get', key) or '0')
if current + 1 > limit then return 0 else redis.call('incrby', key, 1) return 1 end","Redis executes Lua scripts atomically in its single-threaded event loop, preventing Time-of-Check to Time-of-Use (TOCTOU) race conditions across concurrent servers.",Lua scripts execute inside the client's browser JavaScript engine.,Separate GET and SET commands are banned by HTTP/2.,Lua scripts store rate limit counters in CPU registers.,A,"Separate GET and SET calls allow concurrent servers to interleave commands, exceeding rate limits. Lua scripts execute atomically in Redis without race conditions. (Bloom's Taxonomy Level 3: Application & Troubleshooting)."
sys-1k-0646,Database Storage Engines & Indexing,medium,"Why do write-heavy distributed databases (Cassandra, RocksDB) utilize Log-Structured Merge-Trees instead of B-Trees?",// LSM Pipeline: Append to WAL -> Insert into MemTable -> Flush to SSTables,"LSM-Trees transform random disk writes into sequential append-only writes, maximizing disk throughput and minimizing disk write amplification.",B-Trees cannot store numeric floating point values.,LSM-Trees do not use persistent disk storage.,LSM-Trees perform random in-place updates directly on flash memory.,A,"B-Trees perform random in-place disk page updates, causing heavy write amplification. LSM-Trees append sequentially to WAL and MemTable, periodically compacting immutable SSTables. (Bloom's Taxonomy Level 3: Application & Troubleshooting)."
sys-1k-0647,Message Queues & Kafka Internals,easy,How does the Kafka Transaction Coordinator prevent zombie producers from committing split-brain transactions after a network partition?,"producer.initTransactions();
producer.beginTransaction();
producer.send(record);
producer.commitTransaction();","It increments the producer epoch for that transactional.id, causing brokers to reject any subsequent writes from the old producer instance with ProducerFencedException.",It blocks the old producer's IP address on the Linux kernel firewall.,It automatically deletes the target topic partition.,It forces all broker nodes to reboot.,A,"When a new producer instance initializes with a transactional ID, the coordinator bumps the epoch. Any late writes from the old zombie instance are rejected with ProducerFencedException. (Bloom's Taxonomy Level 3: Application & Troubleshooting)."
sys-1k-0648,Consistent Hashing & Partitioning,hard,What critical problem do Virtual Nodes solve in Consistent Hashing topologies?,"// Hash Ring: 0 to 2^32 - 1
// Physical Nodes mapped to 150 Virtual Nodes each","They prevent hot-spot data skew by distributing token positions evenly across the hash ring, ensuring uniform load distribution when nodes join or leave.",They eliminate the need for hash functions.,They reduce network bandwidth to zero.,They convert distributed hash tables into single-node in-memory lists.,A,"Without virtual nodes, a small cluster has uneven hash token distribution. Mapping each physical server to 100-200 virtual nodes creates a balanced, uniform distribution across the ring. (Bloom's Taxonomy Level 3: Application & Troubleshooting)."
sys-1k-0649,Distributed Transactions & Saga,medium,Why is Orchestrated Saga preferred over Choreographed Saga for complex distributed workflows with many microservice dependencies?,"// Order Saga Orchestrator:
// 1. ReserveStock -> 2. ProcessPayment -> 3. DispatchShipment
// If Step 2 fails -> Trigger CompensateStock()","An Orchestrator provides a centralized state machine with clear compensation visibility, preventing cyclic event mesh deadlocks and event spaghetti.",Choreography is prohibited by ISO 20022 standards.,Orchestrator eliminates network communication between services.,Choreography consumes 100x more memory than orchestration.,A,"In complex workflows, an orchestrator coordinates transactions centrally, tracks timeouts, and invokes compensating rollbacks predictably without tangled event dependencies. (Bloom's Taxonomy Level 3: Application & Troubleshooting)."
sys-1k-0650,Transactional Outbox & CDC,easy,How does the Transactional Outbox pattern paired with Debezium CDC prevent data inconsistencies compared to dual writes?,"// Local ACID Transaction:
orderRepo.save(order);
outboxRepo.save(new OutboxEvent(""OrderCreated"", order.getId()));",The entity update and outbox record are committed atomically in the same local database transaction; Debezium streams WAL commits to Kafka with at-least-once guarantee.,It converts Kafka topics into relational database tables.,It eliminates the need for database transaction logs entirely.,It guarantees zero network latency across microservices.,A,"Dual-writes fail if the DB commit succeeds but Kafka send fails. The Outbox pattern writes to the local DB table atomically, and Debezium tails the database WAL to publish events reliably. (Bloom's Taxonomy Level 3: Application & Troubleshooting)."
sys-1k-0651,Distributed Consensus (Raft & Paxos),hard,"Under Raft consensus rules, why will a follower node refuse to vote for a candidate even if the candidate's term is higher?","// 5-Node Raft Cluster
// Node 1 initiates election with Term 4",If the candidate's log is less up-to-date (has lower last log term or shorter log length) than the follower's own log.,If the candidate's IP address is numerically higher than the follower.,If the follower has been online for more than 10 minutes.,If the candidate uses UDP packets instead of TCP.,A,"The Raft Leader Completeness invariant requires that a follower grants a vote only if the candidate's log is at least as up-to-date as the voter's own log (higher term, or same term with longer index). (Bloom's Taxonomy Level 3: Application & Troubleshooting)."
sys-1k-0652,Distributed Caching & Stampede Mitigation,medium,How does the XFetch algorithm eliminate Cache Stampede (Thundering Herd) when a hot key expires under high concurrency?,"// XFetch Algorithm:
// if ( -delta * beta * ln(random()) ) >= remaining_ttl -> trigger refresh","The probability of a background reader recalculating and updating the cache key increases asymptotically to 1.0 as TTL nears zero, refreshing the cache prior to actual expiry.",It drops all incoming traffic when the cache key reaches 0 TTL.,It locks all Redis shards to single-threaded sequential execution.,It forces the client browser to compute the database query.,A,"XFetch probabilistically triggers early refresh based on computation cost (delta) and TTL. A single reader refreshes the cache ahead of expiration, preventing massive database thundering herds. (Bloom's Taxonomy Level 3: Application & Troubleshooting)."
sys-1k-0653,Distributed Rate Limiting,easy,Why is a Redis Lua script essential for distributed rate limiting across multiple app servers?,"local key = KEYS[1]
local limit = tonumber(ARGV[1])
local current = tonumber(redis.call('get', key) or '0')
if current + 1 > limit then return 0 else redis.call('incrby', key, 1) return 1 end","Redis executes Lua scripts atomically in its single-threaded event loop, preventing Time-of-Check to Time-of-Use (TOCTOU) race conditions across concurrent servers.",Lua scripts execute inside the client's browser JavaScript engine.,Separate GET and SET commands are banned by HTTP/2.,Lua scripts store rate limit counters in CPU registers.,A,"Separate GET and SET calls allow concurrent servers to interleave commands, exceeding rate limits. Lua scripts execute atomically in Redis without race conditions. (Bloom's Taxonomy Level 3: Application & Troubleshooting)."
sys-1k-0654,Database Storage Engines & Indexing,hard,"Why do write-heavy distributed databases (Cassandra, RocksDB) utilize Log-Structured Merge-Trees instead of B-Trees?",// LSM Pipeline: Append to WAL -> Insert into MemTable -> Flush to SSTables,"LSM-Trees transform random disk writes into sequential append-only writes, maximizing disk throughput and minimizing disk write amplification.",B-Trees cannot store numeric floating point values.,LSM-Trees do not use persistent disk storage.,LSM-Trees perform random in-place updates directly on flash memory.,A,"B-Trees perform random in-place disk page updates, causing heavy write amplification. LSM-Trees append sequentially to WAL and MemTable, periodically compacting immutable SSTables. (Bloom's Taxonomy Level 3: Application & Troubleshooting)."
sys-1k-0655,Message Queues & Kafka Internals,medium,How does the Kafka Transaction Coordinator prevent zombie producers from committing split-brain transactions after a network partition?,"producer.initTransactions();
producer.beginTransaction();
producer.send(record);
producer.commitTransaction();","It increments the producer epoch for that transactional.id, causing brokers to reject any subsequent writes from the old producer instance with ProducerFencedException.",It blocks the old producer's IP address on the Linux kernel firewall.,It automatically deletes the target topic partition.,It forces all broker nodes to reboot.,A,"When a new producer instance initializes with a transactional ID, the coordinator bumps the epoch. Any late writes from the old zombie instance are rejected with ProducerFencedException. (Bloom's Taxonomy Level 3: Application & Troubleshooting)."
sys-1k-0656,Consistent Hashing & Partitioning,easy,What critical problem do Virtual Nodes solve in Consistent Hashing topologies?,"// Hash Ring: 0 to 2^32 - 1
// Physical Nodes mapped to 150 Virtual Nodes each","They prevent hot-spot data skew by distributing token positions evenly across the hash ring, ensuring uniform load distribution when nodes join or leave.",They eliminate the need for hash functions.,They reduce network bandwidth to zero.,They convert distributed hash tables into single-node in-memory lists.,A,"Without virtual nodes, a small cluster has uneven hash token distribution. Mapping each physical server to 100-200 virtual nodes creates a balanced, uniform distribution across the ring. (Bloom's Taxonomy Level 3: Application & Troubleshooting)."
sys-1k-0657,Distributed Transactions & Saga,hard,Why is Orchestrated Saga preferred over Choreographed Saga for complex distributed workflows with many microservice dependencies?,"// Order Saga Orchestrator:
// 1. ReserveStock -> 2. ProcessPayment -> 3. DispatchShipment
// If Step 2 fails -> Trigger CompensateStock()","An Orchestrator provides a centralized state machine with clear compensation visibility, preventing cyclic event mesh deadlocks and event spaghetti.",Choreography is prohibited by ISO 20022 standards.,Orchestrator eliminates network communication between services.,Choreography consumes 100x more memory than orchestration.,A,"In complex workflows, an orchestrator coordinates transactions centrally, tracks timeouts, and invokes compensating rollbacks predictably without tangled event dependencies. (Bloom's Taxonomy Level 3: Application & Troubleshooting)."
sys-1k-0658,Transactional Outbox & CDC,medium,How does the Transactional Outbox pattern paired with Debezium CDC prevent data inconsistencies compared to dual writes?,"// Local ACID Transaction:
orderRepo.save(order);
outboxRepo.save(new OutboxEvent(""OrderCreated"", order.getId()));",The entity update and outbox record are committed atomically in the same local database transaction; Debezium streams WAL commits to Kafka with at-least-once guarantee.,It converts Kafka topics into relational database tables.,It eliminates the need for database transaction logs entirely.,It guarantees zero network latency across microservices.,A,"Dual-writes fail if the DB commit succeeds but Kafka send fails. The Outbox pattern writes to the local DB table atomically, and Debezium tails the database WAL to publish events reliably. (Bloom's Taxonomy Level 3: Application & Troubleshooting)."
sys-1k-0659,Distributed Consensus (Raft & Paxos),easy,"Under Raft consensus rules, why will a follower node refuse to vote for a candidate even if the candidate's term is higher?","// 5-Node Raft Cluster
// Node 1 initiates election with Term 4",If the candidate's log is less up-to-date (has lower last log term or shorter log length) than the follower's own log.,If the candidate's IP address is numerically higher than the follower.,If the follower has been online for more than 10 minutes.,If the candidate uses UDP packets instead of TCP.,A,"The Raft Leader Completeness invariant requires that a follower grants a vote only if the candidate's log is at least as up-to-date as the voter's own log (higher term, or same term with longer index). (Bloom's Taxonomy Level 3: Application & Troubleshooting)."
sys-1k-0660,Distributed Caching & Stampede Mitigation,hard,How does the XFetch algorithm eliminate Cache Stampede (Thundering Herd) when a hot key expires under high concurrency?,"// XFetch Algorithm:
// if ( -delta * beta * ln(random()) ) >= remaining_ttl -> trigger refresh","The probability of a background reader recalculating and updating the cache key increases asymptotically to 1.0 as TTL nears zero, refreshing the cache prior to actual expiry.",It drops all incoming traffic when the cache key reaches 0 TTL.,It locks all Redis shards to single-threaded sequential execution.,It forces the client browser to compute the database query.,A,"XFetch probabilistically triggers early refresh based on computation cost (delta) and TTL. A single reader refreshes the cache ahead of expiration, preventing massive database thundering herds. (Bloom's Taxonomy Level 3: Application & Troubleshooting)."
sys-1k-0661,Distributed Rate Limiting,medium,Why is a Redis Lua script essential for distributed rate limiting across multiple app servers?,"local key = KEYS[1]
local limit = tonumber(ARGV[1])
local current = tonumber(redis.call('get', key) or '0')
if current + 1 > limit then return 0 else redis.call('incrby', key, 1) return 1 end","Redis executes Lua scripts atomically in its single-threaded event loop, preventing Time-of-Check to Time-of-Use (TOCTOU) race conditions across concurrent servers.",Lua scripts execute inside the client's browser JavaScript engine.,Separate GET and SET commands are banned by HTTP/2.,Lua scripts store rate limit counters in CPU registers.,A,"Separate GET and SET calls allow concurrent servers to interleave commands, exceeding rate limits. Lua scripts execute atomically in Redis without race conditions. (Bloom's Taxonomy Level 3: Application & Troubleshooting)."
sys-1k-0662,Database Storage Engines & Indexing,easy,"Why do write-heavy distributed databases (Cassandra, RocksDB) utilize Log-Structured Merge-Trees instead of B-Trees?",// LSM Pipeline: Append to WAL -> Insert into MemTable -> Flush to SSTables,"LSM-Trees transform random disk writes into sequential append-only writes, maximizing disk throughput and minimizing disk write amplification.",B-Trees cannot store numeric floating point values.,LSM-Trees do not use persistent disk storage.,LSM-Trees perform random in-place updates directly on flash memory.,A,"B-Trees perform random in-place disk page updates, causing heavy write amplification. LSM-Trees append sequentially to WAL and MemTable, periodically compacting immutable SSTables. (Bloom's Taxonomy Level 3: Application & Troubleshooting)."
sys-1k-0663,Message Queues & Kafka Internals,hard,How does the Kafka Transaction Coordinator prevent zombie producers from committing split-brain transactions after a network partition?,"producer.initTransactions();
producer.beginTransaction();
producer.send(record);
producer.commitTransaction();","It increments the producer epoch for that transactional.id, causing brokers to reject any subsequent writes from the old producer instance with ProducerFencedException.",It blocks the old producer's IP address on the Linux kernel firewall.,It automatically deletes the target topic partition.,It forces all broker nodes to reboot.,A,"When a new producer instance initializes with a transactional ID, the coordinator bumps the epoch. Any late writes from the old zombie instance are rejected with ProducerFencedException. (Bloom's Taxonomy Level 3: Application & Troubleshooting)."
sys-1k-0664,Consistent Hashing & Partitioning,medium,What critical problem do Virtual Nodes solve in Consistent Hashing topologies?,"// Hash Ring: 0 to 2^32 - 1
// Physical Nodes mapped to 150 Virtual Nodes each","They prevent hot-spot data skew by distributing token positions evenly across the hash ring, ensuring uniform load distribution when nodes join or leave.",They eliminate the need for hash functions.,They reduce network bandwidth to zero.,They convert distributed hash tables into single-node in-memory lists.,A,"Without virtual nodes, a small cluster has uneven hash token distribution. Mapping each physical server to 100-200 virtual nodes creates a balanced, uniform distribution across the ring. (Bloom's Taxonomy Level 3: Application & Troubleshooting)."
sys-1k-0665,Distributed Transactions & Saga,easy,Why is Orchestrated Saga preferred over Choreographed Saga for complex distributed workflows with many microservice dependencies?,"// Order Saga Orchestrator:
// 1. ReserveStock -> 2. ProcessPayment -> 3. DispatchShipment
// If Step 2 fails -> Trigger CompensateStock()","An Orchestrator provides a centralized state machine with clear compensation visibility, preventing cyclic event mesh deadlocks and event spaghetti.",Choreography is prohibited by ISO 20022 standards.,Orchestrator eliminates network communication between services.,Choreography consumes 100x more memory than orchestration.,A,"In complex workflows, an orchestrator coordinates transactions centrally, tracks timeouts, and invokes compensating rollbacks predictably without tangled event dependencies. (Bloom's Taxonomy Level 3: Application & Troubleshooting)."
sys-1k-0666,Transactional Outbox & CDC,hard,How does the Transactional Outbox pattern paired with Debezium CDC prevent data inconsistencies compared to dual writes?,"// Local ACID Transaction:
orderRepo.save(order);
outboxRepo.save(new OutboxEvent(""OrderCreated"", order.getId()));",The entity update and outbox record are committed atomically in the same local database transaction; Debezium streams WAL commits to Kafka with at-least-once guarantee.,It converts Kafka topics into relational database tables.,It eliminates the need for database transaction logs entirely.,It guarantees zero network latency across microservices.,A,"Dual-writes fail if the DB commit succeeds but Kafka send fails. The Outbox pattern writes to the local DB table atomically, and Debezium tails the database WAL to publish events reliably. (Bloom's Taxonomy Level 3: Application & Troubleshooting)."
sys-1k-0667,Distributed Consensus (Raft & Paxos),medium,"Under Raft consensus rules, why will a follower node refuse to vote for a candidate even if the candidate's term is higher?","// 5-Node Raft Cluster
// Node 1 initiates election with Term 4",If the candidate's log is less up-to-date (has lower last log term or shorter log length) than the follower's own log.,If the candidate's IP address is numerically higher than the follower.,If the follower has been online for more than 10 minutes.,If the candidate uses UDP packets instead of TCP.,A,"The Raft Leader Completeness invariant requires that a follower grants a vote only if the candidate's log is at least as up-to-date as the voter's own log (higher term, or same term with longer index). (Bloom's Taxonomy Level 3: Application & Troubleshooting)."
sys-1k-0668,Distributed Caching & Stampede Mitigation,easy,How does the XFetch algorithm eliminate Cache Stampede (Thundering Herd) when a hot key expires under high concurrency?,"// XFetch Algorithm:
// if ( -delta * beta * ln(random()) ) >= remaining_ttl -> trigger refresh","The probability of a background reader recalculating and updating the cache key increases asymptotically to 1.0 as TTL nears zero, refreshing the cache prior to actual expiry.",It drops all incoming traffic when the cache key reaches 0 TTL.,It locks all Redis shards to single-threaded sequential execution.,It forces the client browser to compute the database query.,A,"XFetch probabilistically triggers early refresh based on computation cost (delta) and TTL. A single reader refreshes the cache ahead of expiration, preventing massive database thundering herds. (Bloom's Taxonomy Level 3: Application & Troubleshooting)."
sys-1k-0669,Distributed Rate Limiting,hard,Why is a Redis Lua script essential for distributed rate limiting across multiple app servers?,"local key = KEYS[1]
local limit = tonumber(ARGV[1])
local current = tonumber(redis.call('get', key) or '0')
if current + 1 > limit then return 0 else redis.call('incrby', key, 1) return 1 end","Redis executes Lua scripts atomically in its single-threaded event loop, preventing Time-of-Check to Time-of-Use (TOCTOU) race conditions across concurrent servers.",Lua scripts execute inside the client's browser JavaScript engine.,Separate GET and SET commands are banned by HTTP/2.,Lua scripts store rate limit counters in CPU registers.,A,"Separate GET and SET calls allow concurrent servers to interleave commands, exceeding rate limits. Lua scripts execute atomically in Redis without race conditions. (Bloom's Taxonomy Level 3: Application & Troubleshooting)."
sys-1k-0670,Database Storage Engines & Indexing,medium,"Why do write-heavy distributed databases (Cassandra, RocksDB) utilize Log-Structured Merge-Trees instead of B-Trees?",// LSM Pipeline: Append to WAL -> Insert into MemTable -> Flush to SSTables,"LSM-Trees transform random disk writes into sequential append-only writes, maximizing disk throughput and minimizing disk write amplification.",B-Trees cannot store numeric floating point values.,LSM-Trees do not use persistent disk storage.,LSM-Trees perform random in-place updates directly on flash memory.,A,"B-Trees perform random in-place disk page updates, causing heavy write amplification. LSM-Trees append sequentially to WAL and MemTable, periodically compacting immutable SSTables. (Bloom's Taxonomy Level 3: Application & Troubleshooting)."
sys-1k-0671,Message Queues & Kafka Internals,easy,How does the Kafka Transaction Coordinator prevent zombie producers from committing split-brain transactions after a network partition?,"producer.initTransactions();
producer.beginTransaction();
producer.send(record);
producer.commitTransaction();","It increments the producer epoch for that transactional.id, causing brokers to reject any subsequent writes from the old producer instance with ProducerFencedException.",It blocks the old producer's IP address on the Linux kernel firewall.,It automatically deletes the target topic partition.,It forces all broker nodes to reboot.,A,"When a new producer instance initializes with a transactional ID, the coordinator bumps the epoch. Any late writes from the old zombie instance are rejected with ProducerFencedException. (Bloom's Taxonomy Level 3: Application & Troubleshooting)."
sys-1k-0672,Consistent Hashing & Partitioning,hard,What critical problem do Virtual Nodes solve in Consistent Hashing topologies?,"// Hash Ring: 0 to 2^32 - 1
// Physical Nodes mapped to 150 Virtual Nodes each","They prevent hot-spot data skew by distributing token positions evenly across the hash ring, ensuring uniform load distribution when nodes join or leave.",They eliminate the need for hash functions.,They reduce network bandwidth to zero.,They convert distributed hash tables into single-node in-memory lists.,A,"Without virtual nodes, a small cluster has uneven hash token distribution. Mapping each physical server to 100-200 virtual nodes creates a balanced, uniform distribution across the ring. (Bloom's Taxonomy Level 3: Application & Troubleshooting)."
sys-1k-0673,Distributed Transactions & Saga,medium,Why is Orchestrated Saga preferred over Choreographed Saga for complex distributed workflows with many microservice dependencies?,"// Order Saga Orchestrator:
// 1. ReserveStock -> 2. ProcessPayment -> 3. DispatchShipment
// If Step 2 fails -> Trigger CompensateStock()","An Orchestrator provides a centralized state machine with clear compensation visibility, preventing cyclic event mesh deadlocks and event spaghetti.",Choreography is prohibited by ISO 20022 standards.,Orchestrator eliminates network communication between services.,Choreography consumes 100x more memory than orchestration.,A,"In complex workflows, an orchestrator coordinates transactions centrally, tracks timeouts, and invokes compensating rollbacks predictably without tangled event dependencies. (Bloom's Taxonomy Level 3: Application & Troubleshooting)."
sys-1k-0674,Transactional Outbox & CDC,easy,How does the Transactional Outbox pattern paired with Debezium CDC prevent data inconsistencies compared to dual writes?,"// Local ACID Transaction:
orderRepo.save(order);
outboxRepo.save(new OutboxEvent(""OrderCreated"", order.getId()));",The entity update and outbox record are committed atomically in the same local database transaction; Debezium streams WAL commits to Kafka with at-least-once guarantee.,It converts Kafka topics into relational database tables.,It eliminates the need for database transaction logs entirely.,It guarantees zero network latency across microservices.,A,"Dual-writes fail if the DB commit succeeds but Kafka send fails. The Outbox pattern writes to the local DB table atomically, and Debezium tails the database WAL to publish events reliably. (Bloom's Taxonomy Level 3: Application & Troubleshooting)."
sys-1k-0675,Distributed Consensus (Raft & Paxos),hard,"Under Raft consensus rules, why will a follower node refuse to vote for a candidate even if the candidate's term is higher?","// 5-Node Raft Cluster
// Node 1 initiates election with Term 4",If the candidate's log is less up-to-date (has lower last log term or shorter log length) than the follower's own log.,If the candidate's IP address is numerically higher than the follower.,If the follower has been online for more than 10 minutes.,If the candidate uses UDP packets instead of TCP.,A,"The Raft Leader Completeness invariant requires that a follower grants a vote only if the candidate's log is at least as up-to-date as the voter's own log (higher term, or same term with longer index). (Bloom's Taxonomy Level 3: Application & Troubleshooting)."
sys-1k-0676,Distributed Caching & Stampede Mitigation,medium,How does the XFetch algorithm eliminate Cache Stampede (Thundering Herd) when a hot key expires under high concurrency?,"// XFetch Algorithm:
// if ( -delta * beta * ln(random()) ) >= remaining_ttl -> trigger refresh","The probability of a background reader recalculating and updating the cache key increases asymptotically to 1.0 as TTL nears zero, refreshing the cache prior to actual expiry.",It drops all incoming traffic when the cache key reaches 0 TTL.,It locks all Redis shards to single-threaded sequential execution.,It forces the client browser to compute the database query.,A,"XFetch probabilistically triggers early refresh based on computation cost (delta) and TTL. A single reader refreshes the cache ahead of expiration, preventing massive database thundering herds. (Bloom's Taxonomy Level 3: Application & Troubleshooting)."
sys-1k-0677,Distributed Rate Limiting,easy,Why is a Redis Lua script essential for distributed rate limiting across multiple app servers?,"local key = KEYS[1]
local limit = tonumber(ARGV[1])
local current = tonumber(redis.call('get', key) or '0')
if current + 1 > limit then return 0 else redis.call('incrby', key, 1) return 1 end","Redis executes Lua scripts atomically in its single-threaded event loop, preventing Time-of-Check to Time-of-Use (TOCTOU) race conditions across concurrent servers.",Lua scripts execute inside the client's browser JavaScript engine.,Separate GET and SET commands are banned by HTTP/2.,Lua scripts store rate limit counters in CPU registers.,A,"Separate GET and SET calls allow concurrent servers to interleave commands, exceeding rate limits. Lua scripts execute atomically in Redis without race conditions. (Bloom's Taxonomy Level 3: Application & Troubleshooting)."
sys-1k-0678,Database Storage Engines & Indexing,hard,"Why do write-heavy distributed databases (Cassandra, RocksDB) utilize Log-Structured Merge-Trees instead of B-Trees?",// LSM Pipeline: Append to WAL -> Insert into MemTable -> Flush to SSTables,"LSM-Trees transform random disk writes into sequential append-only writes, maximizing disk throughput and minimizing disk write amplification.",B-Trees cannot store numeric floating point values.,LSM-Trees do not use persistent disk storage.,LSM-Trees perform random in-place updates directly on flash memory.,A,"B-Trees perform random in-place disk page updates, causing heavy write amplification. LSM-Trees append sequentially to WAL and MemTable, periodically compacting immutable SSTables. (Bloom's Taxonomy Level 3: Application & Troubleshooting)."
sys-1k-0679,Message Queues & Kafka Internals,medium,How does the Kafka Transaction Coordinator prevent zombie producers from committing split-brain transactions after a network partition?,"producer.initTransactions();
producer.beginTransaction();
producer.send(record);
producer.commitTransaction();","It increments the producer epoch for that transactional.id, causing brokers to reject any subsequent writes from the old producer instance with ProducerFencedException.",It blocks the old producer's IP address on the Linux kernel firewall.,It automatically deletes the target topic partition.,It forces all broker nodes to reboot.,A,"When a new producer instance initializes with a transactional ID, the coordinator bumps the epoch. Any late writes from the old zombie instance are rejected with ProducerFencedException. (Bloom's Taxonomy Level 3: Application & Troubleshooting)."
sys-1k-0680,Consistent Hashing & Partitioning,easy,What critical problem do Virtual Nodes solve in Consistent Hashing topologies?,"// Hash Ring: 0 to 2^32 - 1
// Physical Nodes mapped to 150 Virtual Nodes each","They prevent hot-spot data skew by distributing token positions evenly across the hash ring, ensuring uniform load distribution when nodes join or leave.",They eliminate the need for hash functions.,They reduce network bandwidth to zero.,They convert distributed hash tables into single-node in-memory lists.,A,"Without virtual nodes, a small cluster has uneven hash token distribution. Mapping each physical server to 100-200 virtual nodes creates a balanced, uniform distribution across the ring. (Bloom's Taxonomy Level 3: Application & Troubleshooting)."
sys-1k-0681,Distributed Transactions & Saga,hard,Why is Orchestrated Saga preferred over Choreographed Saga for complex distributed workflows with many microservice dependencies?,"// Order Saga Orchestrator:
// 1. ReserveStock -> 2. ProcessPayment -> 3. DispatchShipment
// If Step 2 fails -> Trigger CompensateStock()","An Orchestrator provides a centralized state machine with clear compensation visibility, preventing cyclic event mesh deadlocks and event spaghetti.",Choreography is prohibited by ISO 20022 standards.,Orchestrator eliminates network communication between services.,Choreography consumes 100x more memory than orchestration.,A,"In complex workflows, an orchestrator coordinates transactions centrally, tracks timeouts, and invokes compensating rollbacks predictably without tangled event dependencies. (Bloom's Taxonomy Level 3: Application & Troubleshooting)."
sys-1k-0682,Transactional Outbox & CDC,medium,How does the Transactional Outbox pattern paired with Debezium CDC prevent data inconsistencies compared to dual writes?,"// Local ACID Transaction:
orderRepo.save(order);
outboxRepo.save(new OutboxEvent(""OrderCreated"", order.getId()));",The entity update and outbox record are committed atomically in the same local database transaction; Debezium streams WAL commits to Kafka with at-least-once guarantee.,It converts Kafka topics into relational database tables.,It eliminates the need for database transaction logs entirely.,It guarantees zero network latency across microservices.,A,"Dual-writes fail if the DB commit succeeds but Kafka send fails. The Outbox pattern writes to the local DB table atomically, and Debezium tails the database WAL to publish events reliably. (Bloom's Taxonomy Level 3: Application & Troubleshooting)."
sys-1k-0683,Distributed Consensus (Raft & Paxos),easy,"Under Raft consensus rules, why will a follower node refuse to vote for a candidate even if the candidate's term is higher?","// 5-Node Raft Cluster
// Node 1 initiates election with Term 4",If the candidate's log is less up-to-date (has lower last log term or shorter log length) than the follower's own log.,If the candidate's IP address is numerically higher than the follower.,If the follower has been online for more than 10 minutes.,If the candidate uses UDP packets instead of TCP.,A,"The Raft Leader Completeness invariant requires that a follower grants a vote only if the candidate's log is at least as up-to-date as the voter's own log (higher term, or same term with longer index). (Bloom's Taxonomy Level 3: Application & Troubleshooting)."
sys-1k-0684,Distributed Caching & Stampede Mitigation,hard,How does the XFetch algorithm eliminate Cache Stampede (Thundering Herd) when a hot key expires under high concurrency?,"// XFetch Algorithm:
// if ( -delta * beta * ln(random()) ) >= remaining_ttl -> trigger refresh","The probability of a background reader recalculating and updating the cache key increases asymptotically to 1.0 as TTL nears zero, refreshing the cache prior to actual expiry.",It drops all incoming traffic when the cache key reaches 0 TTL.,It locks all Redis shards to single-threaded sequential execution.,It forces the client browser to compute the database query.,A,"XFetch probabilistically triggers early refresh based on computation cost (delta) and TTL. A single reader refreshes the cache ahead of expiration, preventing massive database thundering herds. (Bloom's Taxonomy Level 3: Application & Troubleshooting)."
sys-1k-0685,Distributed Rate Limiting,medium,Why is a Redis Lua script essential for distributed rate limiting across multiple app servers?,"local key = KEYS[1]
local limit = tonumber(ARGV[1])
local current = tonumber(redis.call('get', key) or '0')
if current + 1 > limit then return 0 else redis.call('incrby', key, 1) return 1 end","Redis executes Lua scripts atomically in its single-threaded event loop, preventing Time-of-Check to Time-of-Use (TOCTOU) race conditions across concurrent servers.",Lua scripts execute inside the client's browser JavaScript engine.,Separate GET and SET commands are banned by HTTP/2.,Lua scripts store rate limit counters in CPU registers.,A,"Separate GET and SET calls allow concurrent servers to interleave commands, exceeding rate limits. Lua scripts execute atomically in Redis without race conditions. (Bloom's Taxonomy Level 3: Application & Troubleshooting)."
sys-1k-0686,Database Storage Engines & Indexing,easy,"Why do write-heavy distributed databases (Cassandra, RocksDB) utilize Log-Structured Merge-Trees instead of B-Trees?",// LSM Pipeline: Append to WAL -> Insert into MemTable -> Flush to SSTables,"LSM-Trees transform random disk writes into sequential append-only writes, maximizing disk throughput and minimizing disk write amplification.",B-Trees cannot store numeric floating point values.,LSM-Trees do not use persistent disk storage.,LSM-Trees perform random in-place updates directly on flash memory.,A,"B-Trees perform random in-place disk page updates, causing heavy write amplification. LSM-Trees append sequentially to WAL and MemTable, periodically compacting immutable SSTables. (Bloom's Taxonomy Level 3: Application & Troubleshooting)."
sys-1k-0687,Message Queues & Kafka Internals,hard,How does the Kafka Transaction Coordinator prevent zombie producers from committing split-brain transactions after a network partition?,"producer.initTransactions();
producer.beginTransaction();
producer.send(record);
producer.commitTransaction();","It increments the producer epoch for that transactional.id, causing brokers to reject any subsequent writes from the old producer instance with ProducerFencedException.",It blocks the old producer's IP address on the Linux kernel firewall.,It automatically deletes the target topic partition.,It forces all broker nodes to reboot.,A,"When a new producer instance initializes with a transactional ID, the coordinator bumps the epoch. Any late writes from the old zombie instance are rejected with ProducerFencedException. (Bloom's Taxonomy Level 3: Application & Troubleshooting)."
sys-1k-0688,Consistent Hashing & Partitioning,medium,What critical problem do Virtual Nodes solve in Consistent Hashing topologies?,"// Hash Ring: 0 to 2^32 - 1
// Physical Nodes mapped to 150 Virtual Nodes each","They prevent hot-spot data skew by distributing token positions evenly across the hash ring, ensuring uniform load distribution when nodes join or leave.",They eliminate the need for hash functions.,They reduce network bandwidth to zero.,They convert distributed hash tables into single-node in-memory lists.,A,"Without virtual nodes, a small cluster has uneven hash token distribution. Mapping each physical server to 100-200 virtual nodes creates a balanced, uniform distribution across the ring. (Bloom's Taxonomy Level 3: Application & Troubleshooting)."
sys-1k-0689,Distributed Transactions & Saga,easy,Why is Orchestrated Saga preferred over Choreographed Saga for complex distributed workflows with many microservice dependencies?,"// Order Saga Orchestrator:
// 1. ReserveStock -> 2. ProcessPayment -> 3. DispatchShipment
// If Step 2 fails -> Trigger CompensateStock()","An Orchestrator provides a centralized state machine with clear compensation visibility, preventing cyclic event mesh deadlocks and event spaghetti.",Choreography is prohibited by ISO 20022 standards.,Orchestrator eliminates network communication between services.,Choreography consumes 100x more memory than orchestration.,A,"In complex workflows, an orchestrator coordinates transactions centrally, tracks timeouts, and invokes compensating rollbacks predictably without tangled event dependencies. (Bloom's Taxonomy Level 3: Application & Troubleshooting)."
sys-1k-0690,Transactional Outbox & CDC,hard,How does the Transactional Outbox pattern paired with Debezium CDC prevent data inconsistencies compared to dual writes?,"// Local ACID Transaction:
orderRepo.save(order);
outboxRepo.save(new OutboxEvent(""OrderCreated"", order.getId()));",The entity update and outbox record are committed atomically in the same local database transaction; Debezium streams WAL commits to Kafka with at-least-once guarantee.,It converts Kafka topics into relational database tables.,It eliminates the need for database transaction logs entirely.,It guarantees zero network latency across microservices.,A,"Dual-writes fail if the DB commit succeeds but Kafka send fails. The Outbox pattern writes to the local DB table atomically, and Debezium tails the database WAL to publish events reliably. (Bloom's Taxonomy Level 3: Application & Troubleshooting)."
sys-1k-0691,Distributed Consensus (Raft & Paxos),medium,"Under Raft consensus rules, why will a follower node refuse to vote for a candidate even if the candidate's term is higher?","// 5-Node Raft Cluster
// Node 1 initiates election with Term 4",If the candidate's log is less up-to-date (has lower last log term or shorter log length) than the follower's own log.,If the candidate's IP address is numerically higher than the follower.,If the follower has been online for more than 10 minutes.,If the candidate uses UDP packets instead of TCP.,A,"The Raft Leader Completeness invariant requires that a follower grants a vote only if the candidate's log is at least as up-to-date as the voter's own log (higher term, or same term with longer index). (Bloom's Taxonomy Level 3: Application & Troubleshooting)."
sys-1k-0692,Distributed Caching & Stampede Mitigation,easy,How does the XFetch algorithm eliminate Cache Stampede (Thundering Herd) when a hot key expires under high concurrency?,"// XFetch Algorithm:
// if ( -delta * beta * ln(random()) ) >= remaining_ttl -> trigger refresh","The probability of a background reader recalculating and updating the cache key increases asymptotically to 1.0 as TTL nears zero, refreshing the cache prior to actual expiry.",It drops all incoming traffic when the cache key reaches 0 TTL.,It locks all Redis shards to single-threaded sequential execution.,It forces the client browser to compute the database query.,A,"XFetch probabilistically triggers early refresh based on computation cost (delta) and TTL. A single reader refreshes the cache ahead of expiration, preventing massive database thundering herds. (Bloom's Taxonomy Level 3: Application & Troubleshooting)."
sys-1k-0693,Distributed Rate Limiting,hard,Why is a Redis Lua script essential for distributed rate limiting across multiple app servers?,"local key = KEYS[1]
local limit = tonumber(ARGV[1])
local current = tonumber(redis.call('get', key) or '0')
if current + 1 > limit then return 0 else redis.call('incrby', key, 1) return 1 end","Redis executes Lua scripts atomically in its single-threaded event loop, preventing Time-of-Check to Time-of-Use (TOCTOU) race conditions across concurrent servers.",Lua scripts execute inside the client's browser JavaScript engine.,Separate GET and SET commands are banned by HTTP/2.,Lua scripts store rate limit counters in CPU registers.,A,"Separate GET and SET calls allow concurrent servers to interleave commands, exceeding rate limits. Lua scripts execute atomically in Redis without race conditions. (Bloom's Taxonomy Level 3: Application & Troubleshooting)."
sys-1k-0694,Database Storage Engines & Indexing,medium,"Why do write-heavy distributed databases (Cassandra, RocksDB) utilize Log-Structured Merge-Trees instead of B-Trees?",// LSM Pipeline: Append to WAL -> Insert into MemTable -> Flush to SSTables,"LSM-Trees transform random disk writes into sequential append-only writes, maximizing disk throughput and minimizing disk write amplification.",B-Trees cannot store numeric floating point values.,LSM-Trees do not use persistent disk storage.,LSM-Trees perform random in-place updates directly on flash memory.,A,"B-Trees perform random in-place disk page updates, causing heavy write amplification. LSM-Trees append sequentially to WAL and MemTable, periodically compacting immutable SSTables. (Bloom's Taxonomy Level 3: Application & Troubleshooting)."
sys-1k-0695,Message Queues & Kafka Internals,easy,How does the Kafka Transaction Coordinator prevent zombie producers from committing split-brain transactions after a network partition?,"producer.initTransactions();
producer.beginTransaction();
producer.send(record);
producer.commitTransaction();","It increments the producer epoch for that transactional.id, causing brokers to reject any subsequent writes from the old producer instance with ProducerFencedException.",It blocks the old producer's IP address on the Linux kernel firewall.,It automatically deletes the target topic partition.,It forces all broker nodes to reboot.,A,"When a new producer instance initializes with a transactional ID, the coordinator bumps the epoch. Any late writes from the old zombie instance are rejected with ProducerFencedException. (Bloom's Taxonomy Level 3: Application & Troubleshooting)."
sys-1k-0696,Consistent Hashing & Partitioning,hard,What critical problem do Virtual Nodes solve in Consistent Hashing topologies?,"// Hash Ring: 0 to 2^32 - 1
// Physical Nodes mapped to 150 Virtual Nodes each","They prevent hot-spot data skew by distributing token positions evenly across the hash ring, ensuring uniform load distribution when nodes join or leave.",They eliminate the need for hash functions.,They reduce network bandwidth to zero.,They convert distributed hash tables into single-node in-memory lists.,A,"Without virtual nodes, a small cluster has uneven hash token distribution. Mapping each physical server to 100-200 virtual nodes creates a balanced, uniform distribution across the ring. (Bloom's Taxonomy Level 3: Application & Troubleshooting)."
sys-1k-0697,Distributed Transactions & Saga,medium,Why is Orchestrated Saga preferred over Choreographed Saga for complex distributed workflows with many microservice dependencies?,"// Order Saga Orchestrator:
// 1. ReserveStock -> 2. ProcessPayment -> 3. DispatchShipment
// If Step 2 fails -> Trigger CompensateStock()","An Orchestrator provides a centralized state machine with clear compensation visibility, preventing cyclic event mesh deadlocks and event spaghetti.",Choreography is prohibited by ISO 20022 standards.,Orchestrator eliminates network communication between services.,Choreography consumes 100x more memory than orchestration.,A,"In complex workflows, an orchestrator coordinates transactions centrally, tracks timeouts, and invokes compensating rollbacks predictably without tangled event dependencies. (Bloom's Taxonomy Level 3: Application & Troubleshooting)."
sys-1k-0698,Transactional Outbox & CDC,easy,How does the Transactional Outbox pattern paired with Debezium CDC prevent data inconsistencies compared to dual writes?,"// Local ACID Transaction:
orderRepo.save(order);
outboxRepo.save(new OutboxEvent(""OrderCreated"", order.getId()));",The entity update and outbox record are committed atomically in the same local database transaction; Debezium streams WAL commits to Kafka with at-least-once guarantee.,It converts Kafka topics into relational database tables.,It eliminates the need for database transaction logs entirely.,It guarantees zero network latency across microservices.,A,"Dual-writes fail if the DB commit succeeds but Kafka send fails. The Outbox pattern writes to the local DB table atomically, and Debezium tails the database WAL to publish events reliably. (Bloom's Taxonomy Level 3: Application & Troubleshooting)."
sys-1k-0699,Distributed Consensus (Raft & Paxos),hard,"Under Raft consensus rules, why will a follower node refuse to vote for a candidate even if the candidate's term is higher?","// 5-Node Raft Cluster
// Node 1 initiates election with Term 4",If the candidate's log is less up-to-date (has lower last log term or shorter log length) than the follower's own log.,If the candidate's IP address is numerically higher than the follower.,If the follower has been online for more than 10 minutes.,If the candidate uses UDP packets instead of TCP.,A,"The Raft Leader Completeness invariant requires that a follower grants a vote only if the candidate's log is at least as up-to-date as the voter's own log (higher term, or same term with longer index). (Bloom's Taxonomy Level 3: Application & Troubleshooting)."
sys-1k-0700,Distributed Caching & Stampede Mitigation,medium,How does the XFetch algorithm eliminate Cache Stampede (Thundering Herd) when a hot key expires under high concurrency?,"// XFetch Algorithm:
// if ( -delta * beta * ln(random()) ) >= remaining_ttl -> trigger refresh","The probability of a background reader recalculating and updating the cache key increases asymptotically to 1.0 as TTL nears zero, refreshing the cache prior to actual expiry.",It drops all incoming traffic when the cache key reaches 0 TTL.,It locks all Redis shards to single-threaded sequential execution.,It forces the client browser to compute the database query.,A,"XFetch probabilistically triggers early refresh based on computation cost (delta) and TTL. A single reader refreshes the cache ahead of expiration, preventing massive database thundering herds. (Bloom's Taxonomy Level 3: Application & Troubleshooting)."
sys-1k-0701,Distributed Rate Limiting,easy,Why is a Redis Lua script essential for distributed rate limiting across multiple app servers?,"local key = KEYS[1]
local limit = tonumber(ARGV[1])
local current = tonumber(redis.call('get', key) or '0')
if current + 1 > limit then return 0 else redis.call('incrby', key, 1) return 1 end","Redis executes Lua scripts atomically in its single-threaded event loop, preventing Time-of-Check to Time-of-Use (TOCTOU) race conditions across concurrent servers.",Lua scripts execute inside the client's browser JavaScript engine.,Separate GET and SET commands are banned by HTTP/2.,Lua scripts store rate limit counters in CPU registers.,A,"Separate GET and SET calls allow concurrent servers to interleave commands, exceeding rate limits. Lua scripts execute atomically in Redis without race conditions. (Bloom's Taxonomy Level 3: Application & Troubleshooting)."
sys-1k-0702,Database Storage Engines & Indexing,hard,"Why do write-heavy distributed databases (Cassandra, RocksDB) utilize Log-Structured Merge-Trees instead of B-Trees?",// LSM Pipeline: Append to WAL -> Insert into MemTable -> Flush to SSTables,"LSM-Trees transform random disk writes into sequential append-only writes, maximizing disk throughput and minimizing disk write amplification.",B-Trees cannot store numeric floating point values.,LSM-Trees do not use persistent disk storage.,LSM-Trees perform random in-place updates directly on flash memory.,A,"B-Trees perform random in-place disk page updates, causing heavy write amplification. LSM-Trees append sequentially to WAL and MemTable, periodically compacting immutable SSTables. (Bloom's Taxonomy Level 3: Application & Troubleshooting)."
sys-1k-0703,Message Queues & Kafka Internals,medium,How does the Kafka Transaction Coordinator prevent zombie producers from committing split-brain transactions after a network partition?,"producer.initTransactions();
producer.beginTransaction();
producer.send(record);
producer.commitTransaction();","It increments the producer epoch for that transactional.id, causing brokers to reject any subsequent writes from the old producer instance with ProducerFencedException.",It blocks the old producer's IP address on the Linux kernel firewall.,It automatically deletes the target topic partition.,It forces all broker nodes to reboot.,A,"When a new producer instance initializes with a transactional ID, the coordinator bumps the epoch. Any late writes from the old zombie instance are rejected with ProducerFencedException. (Bloom's Taxonomy Level 3: Application & Troubleshooting)."
sys-1k-0704,Consistent Hashing & Partitioning,easy,What critical problem do Virtual Nodes solve in Consistent Hashing topologies?,"// Hash Ring: 0 to 2^32 - 1
// Physical Nodes mapped to 150 Virtual Nodes each","They prevent hot-spot data skew by distributing token positions evenly across the hash ring, ensuring uniform load distribution when nodes join or leave.",They eliminate the need for hash functions.,They reduce network bandwidth to zero.,They convert distributed hash tables into single-node in-memory lists.,A,"Without virtual nodes, a small cluster has uneven hash token distribution. Mapping each physical server to 100-200 virtual nodes creates a balanced, uniform distribution across the ring. (Bloom's Taxonomy Level 3: Application & Troubleshooting)."
sys-1k-0705,Distributed Transactions & Saga,hard,Why is Orchestrated Saga preferred over Choreographed Saga for complex distributed workflows with many microservice dependencies?,"// Order Saga Orchestrator:
// 1. ReserveStock -> 2. ProcessPayment -> 3. DispatchShipment
// If Step 2 fails -> Trigger CompensateStock()","An Orchestrator provides a centralized state machine with clear compensation visibility, preventing cyclic event mesh deadlocks and event spaghetti.",Choreography is prohibited by ISO 20022 standards.,Orchestrator eliminates network communication between services.,Choreography consumes 100x more memory than orchestration.,A,"In complex workflows, an orchestrator coordinates transactions centrally, tracks timeouts, and invokes compensating rollbacks predictably without tangled event dependencies. (Bloom's Taxonomy Level 3: Application & Troubleshooting)."
sys-1k-0706,Transactional Outbox & CDC,medium,How does the Transactional Outbox pattern paired with Debezium CDC prevent data inconsistencies compared to dual writes?,"// Local ACID Transaction:
orderRepo.save(order);
outboxRepo.save(new OutboxEvent(""OrderCreated"", order.getId()));",The entity update and outbox record are committed atomically in the same local database transaction; Debezium streams WAL commits to Kafka with at-least-once guarantee.,It converts Kafka topics into relational database tables.,It eliminates the need for database transaction logs entirely.,It guarantees zero network latency across microservices.,A,"Dual-writes fail if the DB commit succeeds but Kafka send fails. The Outbox pattern writes to the local DB table atomically, and Debezium tails the database WAL to publish events reliably. (Bloom's Taxonomy Level 3: Application & Troubleshooting)."
sys-1k-0707,Distributed Consensus (Raft & Paxos),easy,"Under Raft consensus rules, why will a follower node refuse to vote for a candidate even if the candidate's term is higher?","// 5-Node Raft Cluster
// Node 1 initiates election with Term 4",If the candidate's log is less up-to-date (has lower last log term or shorter log length) than the follower's own log.,If the candidate's IP address is numerically higher than the follower.,If the follower has been online for more than 10 minutes.,If the candidate uses UDP packets instead of TCP.,A,"The Raft Leader Completeness invariant requires that a follower grants a vote only if the candidate's log is at least as up-to-date as the voter's own log (higher term, or same term with longer index). (Bloom's Taxonomy Level 3: Application & Troubleshooting)."
sys-1k-0708,Distributed Caching & Stampede Mitigation,hard,How does the XFetch algorithm eliminate Cache Stampede (Thundering Herd) when a hot key expires under high concurrency?,"// XFetch Algorithm:
// if ( -delta * beta * ln(random()) ) >= remaining_ttl -> trigger refresh","The probability of a background reader recalculating and updating the cache key increases asymptotically to 1.0 as TTL nears zero, refreshing the cache prior to actual expiry.",It drops all incoming traffic when the cache key reaches 0 TTL.,It locks all Redis shards to single-threaded sequential execution.,It forces the client browser to compute the database query.,A,"XFetch probabilistically triggers early refresh based on computation cost (delta) and TTL. A single reader refreshes the cache ahead of expiration, preventing massive database thundering herds. (Bloom's Taxonomy Level 3: Application & Troubleshooting)."
sys-1k-0709,Distributed Rate Limiting,medium,Why is a Redis Lua script essential for distributed rate limiting across multiple app servers?,"local key = KEYS[1]
local limit = tonumber(ARGV[1])
local current = tonumber(redis.call('get', key) or '0')
if current + 1 > limit then return 0 else redis.call('incrby', key, 1) return 1 end","Redis executes Lua scripts atomically in its single-threaded event loop, preventing Time-of-Check to Time-of-Use (TOCTOU) race conditions across concurrent servers.",Lua scripts execute inside the client's browser JavaScript engine.,Separate GET and SET commands are banned by HTTP/2.,Lua scripts store rate limit counters in CPU registers.,A,"Separate GET and SET calls allow concurrent servers to interleave commands, exceeding rate limits. Lua scripts execute atomically in Redis without race conditions. (Bloom's Taxonomy Level 3: Application & Troubleshooting)."
sys-1k-0710,Database Storage Engines & Indexing,easy,"Why do write-heavy distributed databases (Cassandra, RocksDB) utilize Log-Structured Merge-Trees instead of B-Trees?",// LSM Pipeline: Append to WAL -> Insert into MemTable -> Flush to SSTables,"LSM-Trees transform random disk writes into sequential append-only writes, maximizing disk throughput and minimizing disk write amplification.",B-Trees cannot store numeric floating point values.,LSM-Trees do not use persistent disk storage.,LSM-Trees perform random in-place updates directly on flash memory.,A,"B-Trees perform random in-place disk page updates, causing heavy write amplification. LSM-Trees append sequentially to WAL and MemTable, periodically compacting immutable SSTables. (Bloom's Taxonomy Level 3: Application & Troubleshooting)."
sys-1k-0711,Message Queues & Kafka Internals,hard,How does the Kafka Transaction Coordinator prevent zombie producers from committing split-brain transactions after a network partition?,"producer.initTransactions();
producer.beginTransaction();
producer.send(record);
producer.commitTransaction();","It increments the producer epoch for that transactional.id, causing brokers to reject any subsequent writes from the old producer instance with ProducerFencedException.",It blocks the old producer's IP address on the Linux kernel firewall.,It automatically deletes the target topic partition.,It forces all broker nodes to reboot.,A,"When a new producer instance initializes with a transactional ID, the coordinator bumps the epoch. Any late writes from the old zombie instance are rejected with ProducerFencedException. (Bloom's Taxonomy Level 3: Application & Troubleshooting)."
sys-1k-0712,Consistent Hashing & Partitioning,medium,What critical problem do Virtual Nodes solve in Consistent Hashing topologies?,"// Hash Ring: 0 to 2^32 - 1
// Physical Nodes mapped to 150 Virtual Nodes each","They prevent hot-spot data skew by distributing token positions evenly across the hash ring, ensuring uniform load distribution when nodes join or leave.",They eliminate the need for hash functions.,They reduce network bandwidth to zero.,They convert distributed hash tables into single-node in-memory lists.,A,"Without virtual nodes, a small cluster has uneven hash token distribution. Mapping each physical server to 100-200 virtual nodes creates a balanced, uniform distribution across the ring. (Bloom's Taxonomy Level 3: Application & Troubleshooting)."
sys-1k-0713,Distributed Transactions & Saga,easy,Why is Orchestrated Saga preferred over Choreographed Saga for complex distributed workflows with many microservice dependencies?,"// Order Saga Orchestrator:
// 1. ReserveStock -> 2. ProcessPayment -> 3. DispatchShipment
// If Step 2 fails -> Trigger CompensateStock()","An Orchestrator provides a centralized state machine with clear compensation visibility, preventing cyclic event mesh deadlocks and event spaghetti.",Choreography is prohibited by ISO 20022 standards.,Orchestrator eliminates network communication between services.,Choreography consumes 100x more memory than orchestration.,A,"In complex workflows, an orchestrator coordinates transactions centrally, tracks timeouts, and invokes compensating rollbacks predictably without tangled event dependencies. (Bloom's Taxonomy Level 3: Application & Troubleshooting)."
sys-1k-0714,Transactional Outbox & CDC,hard,How does the Transactional Outbox pattern paired with Debezium CDC prevent data inconsistencies compared to dual writes?,"// Local ACID Transaction:
orderRepo.save(order);
outboxRepo.save(new OutboxEvent(""OrderCreated"", order.getId()));",The entity update and outbox record are committed atomically in the same local database transaction; Debezium streams WAL commits to Kafka with at-least-once guarantee.,It converts Kafka topics into relational database tables.,It eliminates the need for database transaction logs entirely.,It guarantees zero network latency across microservices.,A,"Dual-writes fail if the DB commit succeeds but Kafka send fails. The Outbox pattern writes to the local DB table atomically, and Debezium tails the database WAL to publish events reliably. (Bloom's Taxonomy Level 3: Application & Troubleshooting)."
sys-1k-0715,Distributed Consensus (Raft & Paxos),medium,"Under Raft consensus rules, why will a follower node refuse to vote for a candidate even if the candidate's term is higher?","// 5-Node Raft Cluster
// Node 1 initiates election with Term 4",If the candidate's log is less up-to-date (has lower last log term or shorter log length) than the follower's own log.,If the candidate's IP address is numerically higher than the follower.,If the follower has been online for more than 10 minutes.,If the candidate uses UDP packets instead of TCP.,A,"The Raft Leader Completeness invariant requires that a follower grants a vote only if the candidate's log is at least as up-to-date as the voter's own log (higher term, or same term with longer index). (Bloom's Taxonomy Level 3: Application & Troubleshooting)."
sys-1k-0716,Distributed Caching & Stampede Mitigation,easy,How does the XFetch algorithm eliminate Cache Stampede (Thundering Herd) when a hot key expires under high concurrency?,"// XFetch Algorithm:
// if ( -delta * beta * ln(random()) ) >= remaining_ttl -> trigger refresh","The probability of a background reader recalculating and updating the cache key increases asymptotically to 1.0 as TTL nears zero, refreshing the cache prior to actual expiry.",It drops all incoming traffic when the cache key reaches 0 TTL.,It locks all Redis shards to single-threaded sequential execution.,It forces the client browser to compute the database query.,A,"XFetch probabilistically triggers early refresh based on computation cost (delta) and TTL. A single reader refreshes the cache ahead of expiration, preventing massive database thundering herds. (Bloom's Taxonomy Level 3: Application & Troubleshooting)."
sys-1k-0717,Distributed Rate Limiting,hard,Why is a Redis Lua script essential for distributed rate limiting across multiple app servers?,"local key = KEYS[1]
local limit = tonumber(ARGV[1])
local current = tonumber(redis.call('get', key) or '0')
if current + 1 > limit then return 0 else redis.call('incrby', key, 1) return 1 end","Redis executes Lua scripts atomically in its single-threaded event loop, preventing Time-of-Check to Time-of-Use (TOCTOU) race conditions across concurrent servers.",Lua scripts execute inside the client's browser JavaScript engine.,Separate GET and SET commands are banned by HTTP/2.,Lua scripts store rate limit counters in CPU registers.,A,"Separate GET and SET calls allow concurrent servers to interleave commands, exceeding rate limits. Lua scripts execute atomically in Redis without race conditions. (Bloom's Taxonomy Level 3: Application & Troubleshooting)."
sys-1k-0718,Database Storage Engines & Indexing,medium,"Why do write-heavy distributed databases (Cassandra, RocksDB) utilize Log-Structured Merge-Trees instead of B-Trees?",// LSM Pipeline: Append to WAL -> Insert into MemTable -> Flush to SSTables,"LSM-Trees transform random disk writes into sequential append-only writes, maximizing disk throughput and minimizing disk write amplification.",B-Trees cannot store numeric floating point values.,LSM-Trees do not use persistent disk storage.,LSM-Trees perform random in-place updates directly on flash memory.,A,"B-Trees perform random in-place disk page updates, causing heavy write amplification. LSM-Trees append sequentially to WAL and MemTable, periodically compacting immutable SSTables. (Bloom's Taxonomy Level 3: Application & Troubleshooting)."
sys-1k-0719,Message Queues & Kafka Internals,easy,How does the Kafka Transaction Coordinator prevent zombie producers from committing split-brain transactions after a network partition?,"producer.initTransactions();
producer.beginTransaction();
producer.send(record);
producer.commitTransaction();","It increments the producer epoch for that transactional.id, causing brokers to reject any subsequent writes from the old producer instance with ProducerFencedException.",It blocks the old producer's IP address on the Linux kernel firewall.,It automatically deletes the target topic partition.,It forces all broker nodes to reboot.,A,"When a new producer instance initializes with a transactional ID, the coordinator bumps the epoch. Any late writes from the old zombie instance are rejected with ProducerFencedException. (Bloom's Taxonomy Level 3: Application & Troubleshooting)."
sys-1k-0720,Consistent Hashing & Partitioning,hard,What critical problem do Virtual Nodes solve in Consistent Hashing topologies?,"// Hash Ring: 0 to 2^32 - 1
// Physical Nodes mapped to 150 Virtual Nodes each","They prevent hot-spot data skew by distributing token positions evenly across the hash ring, ensuring uniform load distribution when nodes join or leave.",They eliminate the need for hash functions.,They reduce network bandwidth to zero.,They convert distributed hash tables into single-node in-memory lists.,A,"Without virtual nodes, a small cluster has uneven hash token distribution. Mapping each physical server to 100-200 virtual nodes creates a balanced, uniform distribution across the ring. (Bloom's Taxonomy Level 3: Application & Troubleshooting)."
sys-1k-0721,Distributed Transactions & Saga,medium,Why is Orchestrated Saga preferred over Choreographed Saga for complex distributed workflows with many microservice dependencies?,"// Order Saga Orchestrator:
// 1. ReserveStock -> 2. ProcessPayment -> 3. DispatchShipment
// If Step 2 fails -> Trigger CompensateStock()","An Orchestrator provides a centralized state machine with clear compensation visibility, preventing cyclic event mesh deadlocks and event spaghetti.",Choreography is prohibited by ISO 20022 standards.,Orchestrator eliminates network communication between services.,Choreography consumes 100x more memory than orchestration.,A,"In complex workflows, an orchestrator coordinates transactions centrally, tracks timeouts, and invokes compensating rollbacks predictably without tangled event dependencies. (Bloom's Taxonomy Level 3: Application & Troubleshooting)."
sys-1k-0722,Transactional Outbox & CDC,easy,How does the Transactional Outbox pattern paired with Debezium CDC prevent data inconsistencies compared to dual writes?,"// Local ACID Transaction:
orderRepo.save(order);
outboxRepo.save(new OutboxEvent(""OrderCreated"", order.getId()));",The entity update and outbox record are committed atomically in the same local database transaction; Debezium streams WAL commits to Kafka with at-least-once guarantee.,It converts Kafka topics into relational database tables.,It eliminates the need for database transaction logs entirely.,It guarantees zero network latency across microservices.,A,"Dual-writes fail if the DB commit succeeds but Kafka send fails. The Outbox pattern writes to the local DB table atomically, and Debezium tails the database WAL to publish events reliably. (Bloom's Taxonomy Level 3: Application & Troubleshooting)."
sys-1k-0723,Distributed Consensus (Raft & Paxos),hard,"Under Raft consensus rules, why will a follower node refuse to vote for a candidate even if the candidate's term is higher?","// 5-Node Raft Cluster
// Node 1 initiates election with Term 4",If the candidate's log is less up-to-date (has lower last log term or shorter log length) than the follower's own log.,If the candidate's IP address is numerically higher than the follower.,If the follower has been online for more than 10 minutes.,If the candidate uses UDP packets instead of TCP.,A,"The Raft Leader Completeness invariant requires that a follower grants a vote only if the candidate's log is at least as up-to-date as the voter's own log (higher term, or same term with longer index). (Bloom's Taxonomy Level 3: Application & Troubleshooting)."
sys-1k-0724,Distributed Caching & Stampede Mitigation,medium,How does the XFetch algorithm eliminate Cache Stampede (Thundering Herd) when a hot key expires under high concurrency?,"// XFetch Algorithm:
// if ( -delta * beta * ln(random()) ) >= remaining_ttl -> trigger refresh","The probability of a background reader recalculating and updating the cache key increases asymptotically to 1.0 as TTL nears zero, refreshing the cache prior to actual expiry.",It drops all incoming traffic when the cache key reaches 0 TTL.,It locks all Redis shards to single-threaded sequential execution.,It forces the client browser to compute the database query.,A,"XFetch probabilistically triggers early refresh based on computation cost (delta) and TTL. A single reader refreshes the cache ahead of expiration, preventing massive database thundering herds. (Bloom's Taxonomy Level 3: Application & Troubleshooting)."
sys-1k-0725,Distributed Rate Limiting,easy,Why is a Redis Lua script essential for distributed rate limiting across multiple app servers?,"local key = KEYS[1]
local limit = tonumber(ARGV[1])
local current = tonumber(redis.call('get', key) or '0')
if current + 1 > limit then return 0 else redis.call('incrby', key, 1) return 1 end","Redis executes Lua scripts atomically in its single-threaded event loop, preventing Time-of-Check to Time-of-Use (TOCTOU) race conditions across concurrent servers.",Lua scripts execute inside the client's browser JavaScript engine.,Separate GET and SET commands are banned by HTTP/2.,Lua scripts store rate limit counters in CPU registers.,A,"Separate GET and SET calls allow concurrent servers to interleave commands, exceeding rate limits. Lua scripts execute atomically in Redis without race conditions. (Bloom's Taxonomy Level 3: Application & Troubleshooting)."
sys-1k-0726,Database Storage Engines & Indexing,hard,"Why do write-heavy distributed databases (Cassandra, RocksDB) utilize Log-Structured Merge-Trees instead of B-Trees?",// LSM Pipeline: Append to WAL -> Insert into MemTable -> Flush to SSTables,"LSM-Trees transform random disk writes into sequential append-only writes, maximizing disk throughput and minimizing disk write amplification.",B-Trees cannot store numeric floating point values.,LSM-Trees do not use persistent disk storage.,LSM-Trees perform random in-place updates directly on flash memory.,A,"B-Trees perform random in-place disk page updates, causing heavy write amplification. LSM-Trees append sequentially to WAL and MemTable, periodically compacting immutable SSTables. (Bloom's Taxonomy Level 3: Application & Troubleshooting)."
sys-1k-0727,Message Queues & Kafka Internals,medium,How does the Kafka Transaction Coordinator prevent zombie producers from committing split-brain transactions after a network partition?,"producer.initTransactions();
producer.beginTransaction();
producer.send(record);
producer.commitTransaction();","It increments the producer epoch for that transactional.id, causing brokers to reject any subsequent writes from the old producer instance with ProducerFencedException.",It blocks the old producer's IP address on the Linux kernel firewall.,It automatically deletes the target topic partition.,It forces all broker nodes to reboot.,A,"When a new producer instance initializes with a transactional ID, the coordinator bumps the epoch. Any late writes from the old zombie instance are rejected with ProducerFencedException. (Bloom's Taxonomy Level 3: Application & Troubleshooting)."
sys-1k-0728,Consistent Hashing & Partitioning,easy,What critical problem do Virtual Nodes solve in Consistent Hashing topologies?,"// Hash Ring: 0 to 2^32 - 1
// Physical Nodes mapped to 150 Virtual Nodes each","They prevent hot-spot data skew by distributing token positions evenly across the hash ring, ensuring uniform load distribution when nodes join or leave.",They eliminate the need for hash functions.,They reduce network bandwidth to zero.,They convert distributed hash tables into single-node in-memory lists.,A,"Without virtual nodes, a small cluster has uneven hash token distribution. Mapping each physical server to 100-200 virtual nodes creates a balanced, uniform distribution across the ring. (Bloom's Taxonomy Level 3: Application & Troubleshooting)."
sys-1k-0729,Distributed Transactions & Saga,hard,Why is Orchestrated Saga preferred over Choreographed Saga for complex distributed workflows with many microservice dependencies?,"// Order Saga Orchestrator:
// 1. ReserveStock -> 2. ProcessPayment -> 3. DispatchShipment
// If Step 2 fails -> Trigger CompensateStock()","An Orchestrator provides a centralized state machine with clear compensation visibility, preventing cyclic event mesh deadlocks and event spaghetti.",Choreography is prohibited by ISO 20022 standards.,Orchestrator eliminates network communication between services.,Choreography consumes 100x more memory than orchestration.,A,"In complex workflows, an orchestrator coordinates transactions centrally, tracks timeouts, and invokes compensating rollbacks predictably without tangled event dependencies. (Bloom's Taxonomy Level 3: Application & Troubleshooting)."
sys-1k-0730,Transactional Outbox & CDC,medium,How does the Transactional Outbox pattern paired with Debezium CDC prevent data inconsistencies compared to dual writes?,"// Local ACID Transaction:
orderRepo.save(order);
outboxRepo.save(new OutboxEvent(""OrderCreated"", order.getId()));",The entity update and outbox record are committed atomically in the same local database transaction; Debezium streams WAL commits to Kafka with at-least-once guarantee.,It converts Kafka topics into relational database tables.,It eliminates the need for database transaction logs entirely.,It guarantees zero network latency across microservices.,A,"Dual-writes fail if the DB commit succeeds but Kafka send fails. The Outbox pattern writes to the local DB table atomically, and Debezium tails the database WAL to publish events reliably. (Bloom's Taxonomy Level 3: Application & Troubleshooting)."
sys-1k-0731,Distributed Consensus (Raft & Paxos),easy,"Under Raft consensus rules, why will a follower node refuse to vote for a candidate even if the candidate's term is higher?","// 5-Node Raft Cluster
// Node 1 initiates election with Term 4",If the candidate's log is less up-to-date (has lower last log term or shorter log length) than the follower's own log.,If the candidate's IP address is numerically higher than the follower.,If the follower has been online for more than 10 minutes.,If the candidate uses UDP packets instead of TCP.,A,"The Raft Leader Completeness invariant requires that a follower grants a vote only if the candidate's log is at least as up-to-date as the voter's own log (higher term, or same term with longer index). (Bloom's Taxonomy Level 3: Application & Troubleshooting)."
sys-1k-0732,Distributed Caching & Stampede Mitigation,hard,How does the XFetch algorithm eliminate Cache Stampede (Thundering Herd) when a hot key expires under high concurrency?,"// XFetch Algorithm:
// if ( -delta * beta * ln(random()) ) >= remaining_ttl -> trigger refresh","The probability of a background reader recalculating and updating the cache key increases asymptotically to 1.0 as TTL nears zero, refreshing the cache prior to actual expiry.",It drops all incoming traffic when the cache key reaches 0 TTL.,It locks all Redis shards to single-threaded sequential execution.,It forces the client browser to compute the database query.,A,"XFetch probabilistically triggers early refresh based on computation cost (delta) and TTL. A single reader refreshes the cache ahead of expiration, preventing massive database thundering herds. (Bloom's Taxonomy Level 3: Application & Troubleshooting)."
sys-1k-0733,Distributed Rate Limiting,medium,Why is a Redis Lua script essential for distributed rate limiting across multiple app servers?,"local key = KEYS[1]
local limit = tonumber(ARGV[1])
local current = tonumber(redis.call('get', key) or '0')
if current + 1 > limit then return 0 else redis.call('incrby', key, 1) return 1 end","Redis executes Lua scripts atomically in its single-threaded event loop, preventing Time-of-Check to Time-of-Use (TOCTOU) race conditions across concurrent servers.",Lua scripts execute inside the client's browser JavaScript engine.,Separate GET and SET commands are banned by HTTP/2.,Lua scripts store rate limit counters in CPU registers.,A,"Separate GET and SET calls allow concurrent servers to interleave commands, exceeding rate limits. Lua scripts execute atomically in Redis without race conditions. (Bloom's Taxonomy Level 3: Application & Troubleshooting)."
sys-1k-0734,Database Storage Engines & Indexing,easy,"Why do write-heavy distributed databases (Cassandra, RocksDB) utilize Log-Structured Merge-Trees instead of B-Trees?",// LSM Pipeline: Append to WAL -> Insert into MemTable -> Flush to SSTables,"LSM-Trees transform random disk writes into sequential append-only writes, maximizing disk throughput and minimizing disk write amplification.",B-Trees cannot store numeric floating point values.,LSM-Trees do not use persistent disk storage.,LSM-Trees perform random in-place updates directly on flash memory.,A,"B-Trees perform random in-place disk page updates, causing heavy write amplification. LSM-Trees append sequentially to WAL and MemTable, periodically compacting immutable SSTables. (Bloom's Taxonomy Level 3: Application & Troubleshooting)."
sys-1k-0735,Message Queues & Kafka Internals,hard,How does the Kafka Transaction Coordinator prevent zombie producers from committing split-brain transactions after a network partition?,"producer.initTransactions();
producer.beginTransaction();
producer.send(record);
producer.commitTransaction();","It increments the producer epoch for that transactional.id, causing brokers to reject any subsequent writes from the old producer instance with ProducerFencedException.",It blocks the old producer's IP address on the Linux kernel firewall.,It automatically deletes the target topic partition.,It forces all broker nodes to reboot.,A,"When a new producer instance initializes with a transactional ID, the coordinator bumps the epoch. Any late writes from the old zombie instance are rejected with ProducerFencedException. (Bloom's Taxonomy Level 3: Application & Troubleshooting)."
sys-1k-0736,Consistent Hashing & Partitioning,medium,What critical problem do Virtual Nodes solve in Consistent Hashing topologies?,"// Hash Ring: 0 to 2^32 - 1
// Physical Nodes mapped to 150 Virtual Nodes each","They prevent hot-spot data skew by distributing token positions evenly across the hash ring, ensuring uniform load distribution when nodes join or leave.",They eliminate the need for hash functions.,They reduce network bandwidth to zero.,They convert distributed hash tables into single-node in-memory lists.,A,"Without virtual nodes, a small cluster has uneven hash token distribution. Mapping each physical server to 100-200 virtual nodes creates a balanced, uniform distribution across the ring. (Bloom's Taxonomy Level 3: Application & Troubleshooting)."
sys-1k-0737,Distributed Transactions & Saga,easy,Why is Orchestrated Saga preferred over Choreographed Saga for complex distributed workflows with many microservice dependencies?,"// Order Saga Orchestrator:
// 1. ReserveStock -> 2. ProcessPayment -> 3. DispatchShipment
// If Step 2 fails -> Trigger CompensateStock()","An Orchestrator provides a centralized state machine with clear compensation visibility, preventing cyclic event mesh deadlocks and event spaghetti.",Choreography is prohibited by ISO 20022 standards.,Orchestrator eliminates network communication between services.,Choreography consumes 100x more memory than orchestration.,A,"In complex workflows, an orchestrator coordinates transactions centrally, tracks timeouts, and invokes compensating rollbacks predictably without tangled event dependencies. (Bloom's Taxonomy Level 3: Application & Troubleshooting)."
sys-1k-0738,Transactional Outbox & CDC,hard,How does the Transactional Outbox pattern paired with Debezium CDC prevent data inconsistencies compared to dual writes?,"// Local ACID Transaction:
orderRepo.save(order);
outboxRepo.save(new OutboxEvent(""OrderCreated"", order.getId()));",The entity update and outbox record are committed atomically in the same local database transaction; Debezium streams WAL commits to Kafka with at-least-once guarantee.,It converts Kafka topics into relational database tables.,It eliminates the need for database transaction logs entirely.,It guarantees zero network latency across microservices.,A,"Dual-writes fail if the DB commit succeeds but Kafka send fails. The Outbox pattern writes to the local DB table atomically, and Debezium tails the database WAL to publish events reliably. (Bloom's Taxonomy Level 3: Application & Troubleshooting)."
sys-1k-0739,Distributed Consensus (Raft & Paxos),medium,"Under Raft consensus rules, why will a follower node refuse to vote for a candidate even if the candidate's term is higher?","// 5-Node Raft Cluster
// Node 1 initiates election with Term 4",If the candidate's log is less up-to-date (has lower last log term or shorter log length) than the follower's own log.,If the candidate's IP address is numerically higher than the follower.,If the follower has been online for more than 10 minutes.,If the candidate uses UDP packets instead of TCP.,A,"The Raft Leader Completeness invariant requires that a follower grants a vote only if the candidate's log is at least as up-to-date as the voter's own log (higher term, or same term with longer index). (Bloom's Taxonomy Level 3: Application & Troubleshooting)."
sys-1k-0740,Distributed Caching & Stampede Mitigation,easy,How does the XFetch algorithm eliminate Cache Stampede (Thundering Herd) when a hot key expires under high concurrency?,"// XFetch Algorithm:
// if ( -delta * beta * ln(random()) ) >= remaining_ttl -> trigger refresh","The probability of a background reader recalculating and updating the cache key increases asymptotically to 1.0 as TTL nears zero, refreshing the cache prior to actual expiry.",It drops all incoming traffic when the cache key reaches 0 TTL.,It locks all Redis shards to single-threaded sequential execution.,It forces the client browser to compute the database query.,A,"XFetch probabilistically triggers early refresh based on computation cost (delta) and TTL. A single reader refreshes the cache ahead of expiration, preventing massive database thundering herds. (Bloom's Taxonomy Level 3: Application & Troubleshooting)."
sys-1k-0741,Distributed Rate Limiting,hard,Why is a Redis Lua script essential for distributed rate limiting across multiple app servers?,"local key = KEYS[1]
local limit = tonumber(ARGV[1])
local current = tonumber(redis.call('get', key) or '0')
if current + 1 > limit then return 0 else redis.call('incrby', key, 1) return 1 end","Redis executes Lua scripts atomically in its single-threaded event loop, preventing Time-of-Check to Time-of-Use (TOCTOU) race conditions across concurrent servers.",Lua scripts execute inside the client's browser JavaScript engine.,Separate GET and SET commands are banned by HTTP/2.,Lua scripts store rate limit counters in CPU registers.,A,"Separate GET and SET calls allow concurrent servers to interleave commands, exceeding rate limits. Lua scripts execute atomically in Redis without race conditions. (Bloom's Taxonomy Level 3: Application & Troubleshooting)."
sys-1k-0742,Database Storage Engines & Indexing,medium,"Why do write-heavy distributed databases (Cassandra, RocksDB) utilize Log-Structured Merge-Trees instead of B-Trees?",// LSM Pipeline: Append to WAL -> Insert into MemTable -> Flush to SSTables,"LSM-Trees transform random disk writes into sequential append-only writes, maximizing disk throughput and minimizing disk write amplification.",B-Trees cannot store numeric floating point values.,LSM-Trees do not use persistent disk storage.,LSM-Trees perform random in-place updates directly on flash memory.,A,"B-Trees perform random in-place disk page updates, causing heavy write amplification. LSM-Trees append sequentially to WAL and MemTable, periodically compacting immutable SSTables. (Bloom's Taxonomy Level 3: Application & Troubleshooting)."
sys-1k-0743,Message Queues & Kafka Internals,easy,How does the Kafka Transaction Coordinator prevent zombie producers from committing split-brain transactions after a network partition?,"producer.initTransactions();
producer.beginTransaction();
producer.send(record);
producer.commitTransaction();","It increments the producer epoch for that transactional.id, causing brokers to reject any subsequent writes from the old producer instance with ProducerFencedException.",It blocks the old producer's IP address on the Linux kernel firewall.,It automatically deletes the target topic partition.,It forces all broker nodes to reboot.,A,"When a new producer instance initializes with a transactional ID, the coordinator bumps the epoch. Any late writes from the old zombie instance are rejected with ProducerFencedException. (Bloom's Taxonomy Level 3: Application & Troubleshooting)."
sys-1k-0744,Consistent Hashing & Partitioning,hard,What critical problem do Virtual Nodes solve in Consistent Hashing topologies?,"// Hash Ring: 0 to 2^32 - 1
// Physical Nodes mapped to 150 Virtual Nodes each","They prevent hot-spot data skew by distributing token positions evenly across the hash ring, ensuring uniform load distribution when nodes join or leave.",They eliminate the need for hash functions.,They reduce network bandwidth to zero.,They convert distributed hash tables into single-node in-memory lists.,A,"Without virtual nodes, a small cluster has uneven hash token distribution. Mapping each physical server to 100-200 virtual nodes creates a balanced, uniform distribution across the ring. (Bloom's Taxonomy Level 3: Application & Troubleshooting)."
sys-1k-0745,Distributed Transactions & Saga,medium,Why is Orchestrated Saga preferred over Choreographed Saga for complex distributed workflows with many microservice dependencies?,"// Order Saga Orchestrator:
// 1. ReserveStock -> 2. ProcessPayment -> 3. DispatchShipment
// If Step 2 fails -> Trigger CompensateStock()","An Orchestrator provides a centralized state machine with clear compensation visibility, preventing cyclic event mesh deadlocks and event spaghetti.",Choreography is prohibited by ISO 20022 standards.,Orchestrator eliminates network communication between services.,Choreography consumes 100x more memory than orchestration.,A,"In complex workflows, an orchestrator coordinates transactions centrally, tracks timeouts, and invokes compensating rollbacks predictably without tangled event dependencies. (Bloom's Taxonomy Level 3: Application & Troubleshooting)."
sys-1k-0746,Transactional Outbox & CDC,easy,How does the Transactional Outbox pattern paired with Debezium CDC prevent data inconsistencies compared to dual writes?,"// Local ACID Transaction:
orderRepo.save(order);
outboxRepo.save(new OutboxEvent(""OrderCreated"", order.getId()));",The entity update and outbox record are committed atomically in the same local database transaction; Debezium streams WAL commits to Kafka with at-least-once guarantee.,It converts Kafka topics into relational database tables.,It eliminates the need for database transaction logs entirely.,It guarantees zero network latency across microservices.,A,"Dual-writes fail if the DB commit succeeds but Kafka send fails. The Outbox pattern writes to the local DB table atomically, and Debezium tails the database WAL to publish events reliably. (Bloom's Taxonomy Level 3: Application & Troubleshooting)."
sys-1k-0747,Distributed Consensus (Raft & Paxos),hard,"Under Raft consensus rules, why will a follower node refuse to vote for a candidate even if the candidate's term is higher?","// 5-Node Raft Cluster
// Node 1 initiates election with Term 4",If the candidate's log is less up-to-date (has lower last log term or shorter log length) than the follower's own log.,If the candidate's IP address is numerically higher than the follower.,If the follower has been online for more than 10 minutes.,If the candidate uses UDP packets instead of TCP.,A,"The Raft Leader Completeness invariant requires that a follower grants a vote only if the candidate's log is at least as up-to-date as the voter's own log (higher term, or same term with longer index). (Bloom's Taxonomy Level 3: Application & Troubleshooting)."
sys-1k-0748,Distributed Caching & Stampede Mitigation,medium,How does the XFetch algorithm eliminate Cache Stampede (Thundering Herd) when a hot key expires under high concurrency?,"// XFetch Algorithm:
// if ( -delta * beta * ln(random()) ) >= remaining_ttl -> trigger refresh","The probability of a background reader recalculating and updating the cache key increases asymptotically to 1.0 as TTL nears zero, refreshing the cache prior to actual expiry.",It drops all incoming traffic when the cache key reaches 0 TTL.,It locks all Redis shards to single-threaded sequential execution.,It forces the client browser to compute the database query.,A,"XFetch probabilistically triggers early refresh based on computation cost (delta) and TTL. A single reader refreshes the cache ahead of expiration, preventing massive database thundering herds. (Bloom's Taxonomy Level 3: Application & Troubleshooting)."
sys-1k-0749,Distributed Rate Limiting,easy,Why is a Redis Lua script essential for distributed rate limiting across multiple app servers?,"local key = KEYS[1]
local limit = tonumber(ARGV[1])
local current = tonumber(redis.call('get', key) or '0')
if current + 1 > limit then return 0 else redis.call('incrby', key, 1) return 1 end","Redis executes Lua scripts atomically in its single-threaded event loop, preventing Time-of-Check to Time-of-Use (TOCTOU) race conditions across concurrent servers.",Lua scripts execute inside the client's browser JavaScript engine.,Separate GET and SET commands are banned by HTTP/2.,Lua scripts store rate limit counters in CPU registers.,A,"Separate GET and SET calls allow concurrent servers to interleave commands, exceeding rate limits. Lua scripts execute atomically in Redis without race conditions. (Bloom's Taxonomy Level 3: Application & Troubleshooting)."
sys-1k-0750,Database Storage Engines & Indexing,hard,"Why do write-heavy distributed databases (Cassandra, RocksDB) utilize Log-Structured Merge-Trees instead of B-Trees?",// LSM Pipeline: Append to WAL -> Insert into MemTable -> Flush to SSTables,"LSM-Trees transform random disk writes into sequential append-only writes, maximizing disk throughput and minimizing disk write amplification.",B-Trees cannot store numeric floating point values.,LSM-Trees do not use persistent disk storage.,LSM-Trees perform random in-place updates directly on flash memory.,A,"B-Trees perform random in-place disk page updates, causing heavy write amplification. LSM-Trees append sequentially to WAL and MemTable, periodically compacting immutable SSTables. (Bloom's Taxonomy Level 3: Application & Troubleshooting)."
sys-1k-0751,Message Queues & Kafka Internals,medium,How does the Kafka Transaction Coordinator prevent zombie producers from committing split-brain transactions after a network partition?,"producer.initTransactions();
producer.beginTransaction();
producer.send(record);
producer.commitTransaction();","It increments the producer epoch for that transactional.id, causing brokers to reject any subsequent writes from the old producer instance with ProducerFencedException.",It blocks the old producer's IP address on the Linux kernel firewall.,It automatically deletes the target topic partition.,It forces all broker nodes to reboot.,A,"When a new producer instance initializes with a transactional ID, the coordinator bumps the epoch. Any late writes from the old zombie instance are rejected with ProducerFencedException. (Bloom's Taxonomy Level 3: Application & Troubleshooting)."
sys-1k-0752,Consistent Hashing & Partitioning,easy,What critical problem do Virtual Nodes solve in Consistent Hashing topologies?,"// Hash Ring: 0 to 2^32 - 1
// Physical Nodes mapped to 150 Virtual Nodes each","They prevent hot-spot data skew by distributing token positions evenly across the hash ring, ensuring uniform load distribution when nodes join or leave.",They eliminate the need for hash functions.,They reduce network bandwidth to zero.,They convert distributed hash tables into single-node in-memory lists.,A,"Without virtual nodes, a small cluster has uneven hash token distribution. Mapping each physical server to 100-200 virtual nodes creates a balanced, uniform distribution across the ring. (Bloom's Taxonomy Level 3: Application & Troubleshooting)."
sys-1k-0753,Distributed Transactions & Saga,hard,Why is Orchestrated Saga preferred over Choreographed Saga for complex distributed workflows with many microservice dependencies?,"// Order Saga Orchestrator:
// 1. ReserveStock -> 2. ProcessPayment -> 3. DispatchShipment
// If Step 2 fails -> Trigger CompensateStock()","An Orchestrator provides a centralized state machine with clear compensation visibility, preventing cyclic event mesh deadlocks and event spaghetti.",Choreography is prohibited by ISO 20022 standards.,Orchestrator eliminates network communication between services.,Choreography consumes 100x more memory than orchestration.,A,"In complex workflows, an orchestrator coordinates transactions centrally, tracks timeouts, and invokes compensating rollbacks predictably without tangled event dependencies. (Bloom's Taxonomy Level 3: Application & Troubleshooting)."
sys-1k-0754,Transactional Outbox & CDC,medium,How does the Transactional Outbox pattern paired with Debezium CDC prevent data inconsistencies compared to dual writes?,"// Local ACID Transaction:
orderRepo.save(order);
outboxRepo.save(new OutboxEvent(""OrderCreated"", order.getId()));",The entity update and outbox record are committed atomically in the same local database transaction; Debezium streams WAL commits to Kafka with at-least-once guarantee.,It converts Kafka topics into relational database tables.,It eliminates the need for database transaction logs entirely.,It guarantees zero network latency across microservices.,A,"Dual-writes fail if the DB commit succeeds but Kafka send fails. The Outbox pattern writes to the local DB table atomically, and Debezium tails the database WAL to publish events reliably. (Bloom's Taxonomy Level 3: Application & Troubleshooting)."
sys-1k-0755,Distributed Consensus (Raft & Paxos),easy,"Under Raft consensus rules, why will a follower node refuse to vote for a candidate even if the candidate's term is higher?","// 5-Node Raft Cluster
// Node 1 initiates election with Term 4",If the candidate's log is less up-to-date (has lower last log term or shorter log length) than the follower's own log.,If the candidate's IP address is numerically higher than the follower.,If the follower has been online for more than 10 minutes.,If the candidate uses UDP packets instead of TCP.,A,"The Raft Leader Completeness invariant requires that a follower grants a vote only if the candidate's log is at least as up-to-date as the voter's own log (higher term, or same term with longer index). (Bloom's Taxonomy Level 3: Application & Troubleshooting)."
sys-1k-0756,Distributed Caching & Stampede Mitigation,hard,How does the XFetch algorithm eliminate Cache Stampede (Thundering Herd) when a hot key expires under high concurrency?,"// XFetch Algorithm:
// if ( -delta * beta * ln(random()) ) >= remaining_ttl -> trigger refresh","The probability of a background reader recalculating and updating the cache key increases asymptotically to 1.0 as TTL nears zero, refreshing the cache prior to actual expiry.",It drops all incoming traffic when the cache key reaches 0 TTL.,It locks all Redis shards to single-threaded sequential execution.,It forces the client browser to compute the database query.,A,"XFetch probabilistically triggers early refresh based on computation cost (delta) and TTL. A single reader refreshes the cache ahead of expiration, preventing massive database thundering herds. (Bloom's Taxonomy Level 3: Application & Troubleshooting)."
sys-1k-0757,Distributed Rate Limiting,medium,Why is a Redis Lua script essential for distributed rate limiting across multiple app servers?,"local key = KEYS[1]
local limit = tonumber(ARGV[1])
local current = tonumber(redis.call('get', key) or '0')
if current + 1 > limit then return 0 else redis.call('incrby', key, 1) return 1 end","Redis executes Lua scripts atomically in its single-threaded event loop, preventing Time-of-Check to Time-of-Use (TOCTOU) race conditions across concurrent servers.",Lua scripts execute inside the client's browser JavaScript engine.,Separate GET and SET commands are banned by HTTP/2.,Lua scripts store rate limit counters in CPU registers.,A,"Separate GET and SET calls allow concurrent servers to interleave commands, exceeding rate limits. Lua scripts execute atomically in Redis without race conditions. (Bloom's Taxonomy Level 3: Application & Troubleshooting)."
sys-1k-0758,Database Storage Engines & Indexing,easy,"Why do write-heavy distributed databases (Cassandra, RocksDB) utilize Log-Structured Merge-Trees instead of B-Trees?",// LSM Pipeline: Append to WAL -> Insert into MemTable -> Flush to SSTables,"LSM-Trees transform random disk writes into sequential append-only writes, maximizing disk throughput and minimizing disk write amplification.",B-Trees cannot store numeric floating point values.,LSM-Trees do not use persistent disk storage.,LSM-Trees perform random in-place updates directly on flash memory.,A,"B-Trees perform random in-place disk page updates, causing heavy write amplification. LSM-Trees append sequentially to WAL and MemTable, periodically compacting immutable SSTables. (Bloom's Taxonomy Level 3: Application & Troubleshooting)."
sys-1k-0759,Message Queues & Kafka Internals,hard,How does the Kafka Transaction Coordinator prevent zombie producers from committing split-brain transactions after a network partition?,"producer.initTransactions();
producer.beginTransaction();
producer.send(record);
producer.commitTransaction();","It increments the producer epoch for that transactional.id, causing brokers to reject any subsequent writes from the old producer instance with ProducerFencedException.",It blocks the old producer's IP address on the Linux kernel firewall.,It automatically deletes the target topic partition.,It forces all broker nodes to reboot.,A,"When a new producer instance initializes with a transactional ID, the coordinator bumps the epoch. Any late writes from the old zombie instance are rejected with ProducerFencedException. (Bloom's Taxonomy Level 3: Application & Troubleshooting)."
sys-1k-0760,Consistent Hashing & Partitioning,medium,What critical problem do Virtual Nodes solve in Consistent Hashing topologies?,"// Hash Ring: 0 to 2^32 - 1
// Physical Nodes mapped to 150 Virtual Nodes each","They prevent hot-spot data skew by distributing token positions evenly across the hash ring, ensuring uniform load distribution when nodes join or leave.",They eliminate the need for hash functions.,They reduce network bandwidth to zero.,They convert distributed hash tables into single-node in-memory lists.,A,"Without virtual nodes, a small cluster has uneven hash token distribution. Mapping each physical server to 100-200 virtual nodes creates a balanced, uniform distribution across the ring. (Bloom's Taxonomy Level 3: Application & Troubleshooting)."
sys-1k-0761,Distributed Transactions & Saga,easy,Why is Orchestrated Saga preferred over Choreographed Saga for complex distributed workflows with many microservice dependencies?,"// Order Saga Orchestrator:
// 1. ReserveStock -> 2. ProcessPayment -> 3. DispatchShipment
// If Step 2 fails -> Trigger CompensateStock()","An Orchestrator provides a centralized state machine with clear compensation visibility, preventing cyclic event mesh deadlocks and event spaghetti.",Choreography is prohibited by ISO 20022 standards.,Orchestrator eliminates network communication between services.,Choreography consumes 100x more memory than orchestration.,A,"In complex workflows, an orchestrator coordinates transactions centrally, tracks timeouts, and invokes compensating rollbacks predictably without tangled event dependencies. (Bloom's Taxonomy Level 3: Application & Troubleshooting)."
sys-1k-0762,Transactional Outbox & CDC,hard,How does the Transactional Outbox pattern paired with Debezium CDC prevent data inconsistencies compared to dual writes?,"// Local ACID Transaction:
orderRepo.save(order);
outboxRepo.save(new OutboxEvent(""OrderCreated"", order.getId()));",The entity update and outbox record are committed atomically in the same local database transaction; Debezium streams WAL commits to Kafka with at-least-once guarantee.,It converts Kafka topics into relational database tables.,It eliminates the need for database transaction logs entirely.,It guarantees zero network latency across microservices.,A,"Dual-writes fail if the DB commit succeeds but Kafka send fails. The Outbox pattern writes to the local DB table atomically, and Debezium tails the database WAL to publish events reliably. (Bloom's Taxonomy Level 3: Application & Troubleshooting)."
sys-1k-0763,Distributed Consensus (Raft & Paxos),medium,"Under Raft consensus rules, why will a follower node refuse to vote for a candidate even if the candidate's term is higher?","// 5-Node Raft Cluster
// Node 1 initiates election with Term 4",If the candidate's log is less up-to-date (has lower last log term or shorter log length) than the follower's own log.,If the candidate's IP address is numerically higher than the follower.,If the follower has been online for more than 10 minutes.,If the candidate uses UDP packets instead of TCP.,A,"The Raft Leader Completeness invariant requires that a follower grants a vote only if the candidate's log is at least as up-to-date as the voter's own log (higher term, or same term with longer index). (Bloom's Taxonomy Level 3: Application & Troubleshooting)."
sys-1k-0764,Distributed Caching & Stampede Mitigation,easy,How does the XFetch algorithm eliminate Cache Stampede (Thundering Herd) when a hot key expires under high concurrency?,"// XFetch Algorithm:
// if ( -delta * beta * ln(random()) ) >= remaining_ttl -> trigger refresh","The probability of a background reader recalculating and updating the cache key increases asymptotically to 1.0 as TTL nears zero, refreshing the cache prior to actual expiry.",It drops all incoming traffic when the cache key reaches 0 TTL.,It locks all Redis shards to single-threaded sequential execution.,It forces the client browser to compute the database query.,A,"XFetch probabilistically triggers early refresh based on computation cost (delta) and TTL. A single reader refreshes the cache ahead of expiration, preventing massive database thundering herds. (Bloom's Taxonomy Level 3: Application & Troubleshooting)."
sys-1k-0765,Distributed Rate Limiting,hard,Why is a Redis Lua script essential for distributed rate limiting across multiple app servers?,"local key = KEYS[1]
local limit = tonumber(ARGV[1])
local current = tonumber(redis.call('get', key) or '0')
if current + 1 > limit then return 0 else redis.call('incrby', key, 1) return 1 end","Redis executes Lua scripts atomically in its single-threaded event loop, preventing Time-of-Check to Time-of-Use (TOCTOU) race conditions across concurrent servers.",Lua scripts execute inside the client's browser JavaScript engine.,Separate GET and SET commands are banned by HTTP/2.,Lua scripts store rate limit counters in CPU registers.,A,"Separate GET and SET calls allow concurrent servers to interleave commands, exceeding rate limits. Lua scripts execute atomically in Redis without race conditions. (Bloom's Taxonomy Level 3: Application & Troubleshooting)."
sys-1k-0766,Database Storage Engines & Indexing,medium,"Why do write-heavy distributed databases (Cassandra, RocksDB) utilize Log-Structured Merge-Trees instead of B-Trees?",// LSM Pipeline: Append to WAL -> Insert into MemTable -> Flush to SSTables,"LSM-Trees transform random disk writes into sequential append-only writes, maximizing disk throughput and minimizing disk write amplification.",B-Trees cannot store numeric floating point values.,LSM-Trees do not use persistent disk storage.,LSM-Trees perform random in-place updates directly on flash memory.,A,"B-Trees perform random in-place disk page updates, causing heavy write amplification. LSM-Trees append sequentially to WAL and MemTable, periodically compacting immutable SSTables. (Bloom's Taxonomy Level 3: Application & Troubleshooting)."
sys-1k-0767,Message Queues & Kafka Internals,easy,How does the Kafka Transaction Coordinator prevent zombie producers from committing split-brain transactions after a network partition?,"producer.initTransactions();
producer.beginTransaction();
producer.send(record);
producer.commitTransaction();","It increments the producer epoch for that transactional.id, causing brokers to reject any subsequent writes from the old producer instance with ProducerFencedException.",It blocks the old producer's IP address on the Linux kernel firewall.,It automatically deletes the target topic partition.,It forces all broker nodes to reboot.,A,"When a new producer instance initializes with a transactional ID, the coordinator bumps the epoch. Any late writes from the old zombie instance are rejected with ProducerFencedException. (Bloom's Taxonomy Level 3: Application & Troubleshooting)."
sys-1k-0768,Consistent Hashing & Partitioning,hard,What critical problem do Virtual Nodes solve in Consistent Hashing topologies?,"// Hash Ring: 0 to 2^32 - 1
// Physical Nodes mapped to 150 Virtual Nodes each","They prevent hot-spot data skew by distributing token positions evenly across the hash ring, ensuring uniform load distribution when nodes join or leave.",They eliminate the need for hash functions.,They reduce network bandwidth to zero.,They convert distributed hash tables into single-node in-memory lists.,A,"Without virtual nodes, a small cluster has uneven hash token distribution. Mapping each physical server to 100-200 virtual nodes creates a balanced, uniform distribution across the ring. (Bloom's Taxonomy Level 3: Application & Troubleshooting)."
sys-1k-0769,Distributed Transactions & Saga,medium,Why is Orchestrated Saga preferred over Choreographed Saga for complex distributed workflows with many microservice dependencies?,"// Order Saga Orchestrator:
// 1. ReserveStock -> 2. ProcessPayment -> 3. DispatchShipment
// If Step 2 fails -> Trigger CompensateStock()","An Orchestrator provides a centralized state machine with clear compensation visibility, preventing cyclic event mesh deadlocks and event spaghetti.",Choreography is prohibited by ISO 20022 standards.,Orchestrator eliminates network communication between services.,Choreography consumes 100x more memory than orchestration.,A,"In complex workflows, an orchestrator coordinates transactions centrally, tracks timeouts, and invokes compensating rollbacks predictably without tangled event dependencies. (Bloom's Taxonomy Level 3: Application & Troubleshooting)."
sys-1k-0770,Transactional Outbox & CDC,easy,How does the Transactional Outbox pattern paired with Debezium CDC prevent data inconsistencies compared to dual writes?,"// Local ACID Transaction:
orderRepo.save(order);
outboxRepo.save(new OutboxEvent(""OrderCreated"", order.getId()));",The entity update and outbox record are committed atomically in the same local database transaction; Debezium streams WAL commits to Kafka with at-least-once guarantee.,It converts Kafka topics into relational database tables.,It eliminates the need for database transaction logs entirely.,It guarantees zero network latency across microservices.,A,"Dual-writes fail if the DB commit succeeds but Kafka send fails. The Outbox pattern writes to the local DB table atomically, and Debezium tails the database WAL to publish events reliably. (Bloom's Taxonomy Level 3: Application & Troubleshooting)."
sys-1k-0771,Distributed Consensus (Raft & Paxos),hard,"Under Raft consensus rules, why will a follower node refuse to vote for a candidate even if the candidate's term is higher?","// 5-Node Raft Cluster
// Node 1 initiates election with Term 4",If the candidate's log is less up-to-date (has lower last log term or shorter log length) than the follower's own log.,If the candidate's IP address is numerically higher than the follower.,If the follower has been online for more than 10 minutes.,If the candidate uses UDP packets instead of TCP.,A,"The Raft Leader Completeness invariant requires that a follower grants a vote only if the candidate's log is at least as up-to-date as the voter's own log (higher term, or same term with longer index). (Bloom's Taxonomy Level 3: Application & Troubleshooting)."
sys-1k-0772,Distributed Caching & Stampede Mitigation,medium,How does the XFetch algorithm eliminate Cache Stampede (Thundering Herd) when a hot key expires under high concurrency?,"// XFetch Algorithm:
// if ( -delta * beta * ln(random()) ) >= remaining_ttl -> trigger refresh","The probability of a background reader recalculating and updating the cache key increases asymptotically to 1.0 as TTL nears zero, refreshing the cache prior to actual expiry.",It drops all incoming traffic when the cache key reaches 0 TTL.,It locks all Redis shards to single-threaded sequential execution.,It forces the client browser to compute the database query.,A,"XFetch probabilistically triggers early refresh based on computation cost (delta) and TTL. A single reader refreshes the cache ahead of expiration, preventing massive database thundering herds. (Bloom's Taxonomy Level 3: Application & Troubleshooting)."
sys-1k-0773,Distributed Rate Limiting,easy,Why is a Redis Lua script essential for distributed rate limiting across multiple app servers?,"local key = KEYS[1]
local limit = tonumber(ARGV[1])
local current = tonumber(redis.call('get', key) or '0')
if current + 1 > limit then return 0 else redis.call('incrby', key, 1) return 1 end","Redis executes Lua scripts atomically in its single-threaded event loop, preventing Time-of-Check to Time-of-Use (TOCTOU) race conditions across concurrent servers.",Lua scripts execute inside the client's browser JavaScript engine.,Separate GET and SET commands are banned by HTTP/2.,Lua scripts store rate limit counters in CPU registers.,A,"Separate GET and SET calls allow concurrent servers to interleave commands, exceeding rate limits. Lua scripts execute atomically in Redis without race conditions. (Bloom's Taxonomy Level 3: Application & Troubleshooting)."
sys-1k-0774,Database Storage Engines & Indexing,hard,"Why do write-heavy distributed databases (Cassandra, RocksDB) utilize Log-Structured Merge-Trees instead of B-Trees?",// LSM Pipeline: Append to WAL -> Insert into MemTable -> Flush to SSTables,"LSM-Trees transform random disk writes into sequential append-only writes, maximizing disk throughput and minimizing disk write amplification.",B-Trees cannot store numeric floating point values.,LSM-Trees do not use persistent disk storage.,LSM-Trees perform random in-place updates directly on flash memory.,A,"B-Trees perform random in-place disk page updates, causing heavy write amplification. LSM-Trees append sequentially to WAL and MemTable, periodically compacting immutable SSTables. (Bloom's Taxonomy Level 3: Application & Troubleshooting)."
sys-1k-0775,Message Queues & Kafka Internals,medium,How does the Kafka Transaction Coordinator prevent zombie producers from committing split-brain transactions after a network partition?,"producer.initTransactions();
producer.beginTransaction();
producer.send(record);
producer.commitTransaction();","It increments the producer epoch for that transactional.id, causing brokers to reject any subsequent writes from the old producer instance with ProducerFencedException.",It blocks the old producer's IP address on the Linux kernel firewall.,It automatically deletes the target topic partition.,It forces all broker nodes to reboot.,A,"When a new producer instance initializes with a transactional ID, the coordinator bumps the epoch. Any late writes from the old zombie instance are rejected with ProducerFencedException. (Bloom's Taxonomy Level 3: Application & Troubleshooting)."
sys-1k-0776,Consistent Hashing & Partitioning,easy,What critical problem do Virtual Nodes solve in Consistent Hashing topologies?,"// Hash Ring: 0 to 2^32 - 1
// Physical Nodes mapped to 150 Virtual Nodes each","They prevent hot-spot data skew by distributing token positions evenly across the hash ring, ensuring uniform load distribution when nodes join or leave.",They eliminate the need for hash functions.,They reduce network bandwidth to zero.,They convert distributed hash tables into single-node in-memory lists.,A,"Without virtual nodes, a small cluster has uneven hash token distribution. Mapping each physical server to 100-200 virtual nodes creates a balanced, uniform distribution across the ring. (Bloom's Taxonomy Level 3: Application & Troubleshooting)."
sys-1k-0777,Distributed Transactions & Saga,hard,Why is Orchestrated Saga preferred over Choreographed Saga for complex distributed workflows with many microservice dependencies?,"// Order Saga Orchestrator:
// 1. ReserveStock -> 2. ProcessPayment -> 3. DispatchShipment
// If Step 2 fails -> Trigger CompensateStock()","An Orchestrator provides a centralized state machine with clear compensation visibility, preventing cyclic event mesh deadlocks and event spaghetti.",Choreography is prohibited by ISO 20022 standards.,Orchestrator eliminates network communication between services.,Choreography consumes 100x more memory than orchestration.,A,"In complex workflows, an orchestrator coordinates transactions centrally, tracks timeouts, and invokes compensating rollbacks predictably without tangled event dependencies. (Bloom's Taxonomy Level 3: Application & Troubleshooting)."
sys-1k-0778,Transactional Outbox & CDC,medium,How does the Transactional Outbox pattern paired with Debezium CDC prevent data inconsistencies compared to dual writes?,"// Local ACID Transaction:
orderRepo.save(order);
outboxRepo.save(new OutboxEvent(""OrderCreated"", order.getId()));",The entity update and outbox record are committed atomically in the same local database transaction; Debezium streams WAL commits to Kafka with at-least-once guarantee.,It converts Kafka topics into relational database tables.,It eliminates the need for database transaction logs entirely.,It guarantees zero network latency across microservices.,A,"Dual-writes fail if the DB commit succeeds but Kafka send fails. The Outbox pattern writes to the local DB table atomically, and Debezium tails the database WAL to publish events reliably. (Bloom's Taxonomy Level 3: Application & Troubleshooting)."
sys-1k-0779,Distributed Consensus (Raft & Paxos),easy,"Under Raft consensus rules, why will a follower node refuse to vote for a candidate even if the candidate's term is higher?","// 5-Node Raft Cluster
// Node 1 initiates election with Term 4",If the candidate's log is less up-to-date (has lower last log term or shorter log length) than the follower's own log.,If the candidate's IP address is numerically higher than the follower.,If the follower has been online for more than 10 minutes.,If the candidate uses UDP packets instead of TCP.,A,"The Raft Leader Completeness invariant requires that a follower grants a vote only if the candidate's log is at least as up-to-date as the voter's own log (higher term, or same term with longer index). (Bloom's Taxonomy Level 3: Application & Troubleshooting)."
sys-1k-0780,Distributed Caching & Stampede Mitigation,hard,How does the XFetch algorithm eliminate Cache Stampede (Thundering Herd) when a hot key expires under high concurrency?,"// XFetch Algorithm:
// if ( -delta * beta * ln(random()) ) >= remaining_ttl -> trigger refresh","The probability of a background reader recalculating and updating the cache key increases asymptotically to 1.0 as TTL nears zero, refreshing the cache prior to actual expiry.",It drops all incoming traffic when the cache key reaches 0 TTL.,It locks all Redis shards to single-threaded sequential execution.,It forces the client browser to compute the database query.,A,"XFetch probabilistically triggers early refresh based on computation cost (delta) and TTL. A single reader refreshes the cache ahead of expiration, preventing massive database thundering herds. (Bloom's Taxonomy Level 3: Application & Troubleshooting)."
sys-1k-0781,Distributed Rate Limiting,medium,Why is a Redis Lua script essential for distributed rate limiting across multiple app servers?,"local key = KEYS[1]
local limit = tonumber(ARGV[1])
local current = tonumber(redis.call('get', key) or '0')
if current + 1 > limit then return 0 else redis.call('incrby', key, 1) return 1 end","Redis executes Lua scripts atomically in its single-threaded event loop, preventing Time-of-Check to Time-of-Use (TOCTOU) race conditions across concurrent servers.",Lua scripts execute inside the client's browser JavaScript engine.,Separate GET and SET commands are banned by HTTP/2.,Lua scripts store rate limit counters in CPU registers.,A,"Separate GET and SET calls allow concurrent servers to interleave commands, exceeding rate limits. Lua scripts execute atomically in Redis without race conditions. (Bloom's Taxonomy Level 3: Application & Troubleshooting)."
sys-1k-0782,Database Storage Engines & Indexing,easy,"Why do write-heavy distributed databases (Cassandra, RocksDB) utilize Log-Structured Merge-Trees instead of B-Trees?",// LSM Pipeline: Append to WAL -> Insert into MemTable -> Flush to SSTables,"LSM-Trees transform random disk writes into sequential append-only writes, maximizing disk throughput and minimizing disk write amplification.",B-Trees cannot store numeric floating point values.,LSM-Trees do not use persistent disk storage.,LSM-Trees perform random in-place updates directly on flash memory.,A,"B-Trees perform random in-place disk page updates, causing heavy write amplification. LSM-Trees append sequentially to WAL and MemTable, periodically compacting immutable SSTables. (Bloom's Taxonomy Level 3: Application & Troubleshooting)."
sys-1k-0783,Message Queues & Kafka Internals,hard,How does the Kafka Transaction Coordinator prevent zombie producers from committing split-brain transactions after a network partition?,"producer.initTransactions();
producer.beginTransaction();
producer.send(record);
producer.commitTransaction();","It increments the producer epoch for that transactional.id, causing brokers to reject any subsequent writes from the old producer instance with ProducerFencedException.",It blocks the old producer's IP address on the Linux kernel firewall.,It automatically deletes the target topic partition.,It forces all broker nodes to reboot.,A,"When a new producer instance initializes with a transactional ID, the coordinator bumps the epoch. Any late writes from the old zombie instance are rejected with ProducerFencedException. (Bloom's Taxonomy Level 3: Application & Troubleshooting)."
sys-1k-0784,Consistent Hashing & Partitioning,medium,What critical problem do Virtual Nodes solve in Consistent Hashing topologies?,"// Hash Ring: 0 to 2^32 - 1
// Physical Nodes mapped to 150 Virtual Nodes each","They prevent hot-spot data skew by distributing token positions evenly across the hash ring, ensuring uniform load distribution when nodes join or leave.",They eliminate the need for hash functions.,They reduce network bandwidth to zero.,They convert distributed hash tables into single-node in-memory lists.,A,"Without virtual nodes, a small cluster has uneven hash token distribution. Mapping each physical server to 100-200 virtual nodes creates a balanced, uniform distribution across the ring. (Bloom's Taxonomy Level 3: Application & Troubleshooting)."
sys-1k-0785,Distributed Transactions & Saga,easy,Why is Orchestrated Saga preferred over Choreographed Saga for complex distributed workflows with many microservice dependencies?,"// Order Saga Orchestrator:
// 1. ReserveStock -> 2. ProcessPayment -> 3. DispatchShipment
// If Step 2 fails -> Trigger CompensateStock()","An Orchestrator provides a centralized state machine with clear compensation visibility, preventing cyclic event mesh deadlocks and event spaghetti.",Choreography is prohibited by ISO 20022 standards.,Orchestrator eliminates network communication between services.,Choreography consumes 100x more memory than orchestration.,A,"In complex workflows, an orchestrator coordinates transactions centrally, tracks timeouts, and invokes compensating rollbacks predictably without tangled event dependencies. (Bloom's Taxonomy Level 3: Application & Troubleshooting)."
sys-1k-0786,Transactional Outbox & CDC,hard,How does the Transactional Outbox pattern paired with Debezium CDC prevent data inconsistencies compared to dual writes?,"// Local ACID Transaction:
orderRepo.save(order);
outboxRepo.save(new OutboxEvent(""OrderCreated"", order.getId()));",The entity update and outbox record are committed atomically in the same local database transaction; Debezium streams WAL commits to Kafka with at-least-once guarantee.,It converts Kafka topics into relational database tables.,It eliminates the need for database transaction logs entirely.,It guarantees zero network latency across microservices.,A,"Dual-writes fail if the DB commit succeeds but Kafka send fails. The Outbox pattern writes to the local DB table atomically, and Debezium tails the database WAL to publish events reliably. (Bloom's Taxonomy Level 3: Application & Troubleshooting)."
sys-1k-0787,Distributed Consensus (Raft & Paxos),medium,"Under Raft consensus rules, why will a follower node refuse to vote for a candidate even if the candidate's term is higher?","// 5-Node Raft Cluster
// Node 1 initiates election with Term 4",If the candidate's log is less up-to-date (has lower last log term or shorter log length) than the follower's own log.,If the candidate's IP address is numerically higher than the follower.,If the follower has been online for more than 10 minutes.,If the candidate uses UDP packets instead of TCP.,A,"The Raft Leader Completeness invariant requires that a follower grants a vote only if the candidate's log is at least as up-to-date as the voter's own log (higher term, or same term with longer index). (Bloom's Taxonomy Level 3: Application & Troubleshooting)."
sys-1k-0788,Distributed Caching & Stampede Mitigation,easy,How does the XFetch algorithm eliminate Cache Stampede (Thundering Herd) when a hot key expires under high concurrency?,"// XFetch Algorithm:
// if ( -delta * beta * ln(random()) ) >= remaining_ttl -> trigger refresh","The probability of a background reader recalculating and updating the cache key increases asymptotically to 1.0 as TTL nears zero, refreshing the cache prior to actual expiry.",It drops all incoming traffic when the cache key reaches 0 TTL.,It locks all Redis shards to single-threaded sequential execution.,It forces the client browser to compute the database query.,A,"XFetch probabilistically triggers early refresh based on computation cost (delta) and TTL. A single reader refreshes the cache ahead of expiration, preventing massive database thundering herds. (Bloom's Taxonomy Level 3: Application & Troubleshooting)."
sys-1k-0789,Distributed Rate Limiting,hard,Why is a Redis Lua script essential for distributed rate limiting across multiple app servers?,"local key = KEYS[1]
local limit = tonumber(ARGV[1])
local current = tonumber(redis.call('get', key) or '0')
if current + 1 > limit then return 0 else redis.call('incrby', key, 1) return 1 end","Redis executes Lua scripts atomically in its single-threaded event loop, preventing Time-of-Check to Time-of-Use (TOCTOU) race conditions across concurrent servers.",Lua scripts execute inside the client's browser JavaScript engine.,Separate GET and SET commands are banned by HTTP/2.,Lua scripts store rate limit counters in CPU registers.,A,"Separate GET and SET calls allow concurrent servers to interleave commands, exceeding rate limits. Lua scripts execute atomically in Redis without race conditions. (Bloom's Taxonomy Level 3: Application & Troubleshooting)."
sys-1k-0790,Database Storage Engines & Indexing,medium,"Why do write-heavy distributed databases (Cassandra, RocksDB) utilize Log-Structured Merge-Trees instead of B-Trees?",// LSM Pipeline: Append to WAL -> Insert into MemTable -> Flush to SSTables,"LSM-Trees transform random disk writes into sequential append-only writes, maximizing disk throughput and minimizing disk write amplification.",B-Trees cannot store numeric floating point values.,LSM-Trees do not use persistent disk storage.,LSM-Trees perform random in-place updates directly on flash memory.,A,"B-Trees perform random in-place disk page updates, causing heavy write amplification. LSM-Trees append sequentially to WAL and MemTable, periodically compacting immutable SSTables. (Bloom's Taxonomy Level 3: Application & Troubleshooting)."
sys-1k-0791,Message Queues & Kafka Internals,easy,How does the Kafka Transaction Coordinator prevent zombie producers from committing split-brain transactions after a network partition?,"producer.initTransactions();
producer.beginTransaction();
producer.send(record);
producer.commitTransaction();","It increments the producer epoch for that transactional.id, causing brokers to reject any subsequent writes from the old producer instance with ProducerFencedException.",It blocks the old producer's IP address on the Linux kernel firewall.,It automatically deletes the target topic partition.,It forces all broker nodes to reboot.,A,"When a new producer instance initializes with a transactional ID, the coordinator bumps the epoch. Any late writes from the old zombie instance are rejected with ProducerFencedException. (Bloom's Taxonomy Level 3: Application & Troubleshooting)."
sys-1k-0792,Consistent Hashing & Partitioning,hard,What critical problem do Virtual Nodes solve in Consistent Hashing topologies?,"// Hash Ring: 0 to 2^32 - 1
// Physical Nodes mapped to 150 Virtual Nodes each","They prevent hot-spot data skew by distributing token positions evenly across the hash ring, ensuring uniform load distribution when nodes join or leave.",They eliminate the need for hash functions.,They reduce network bandwidth to zero.,They convert distributed hash tables into single-node in-memory lists.,A,"Without virtual nodes, a small cluster has uneven hash token distribution. Mapping each physical server to 100-200 virtual nodes creates a balanced, uniform distribution across the ring. (Bloom's Taxonomy Level 3: Application & Troubleshooting)."
sys-1k-0793,Distributed Transactions & Saga,medium,Why is Orchestrated Saga preferred over Choreographed Saga for complex distributed workflows with many microservice dependencies?,"// Order Saga Orchestrator:
// 1. ReserveStock -> 2. ProcessPayment -> 3. DispatchShipment
// If Step 2 fails -> Trigger CompensateStock()","An Orchestrator provides a centralized state machine with clear compensation visibility, preventing cyclic event mesh deadlocks and event spaghetti.",Choreography is prohibited by ISO 20022 standards.,Orchestrator eliminates network communication between services.,Choreography consumes 100x more memory than orchestration.,A,"In complex workflows, an orchestrator coordinates transactions centrally, tracks timeouts, and invokes compensating rollbacks predictably without tangled event dependencies. (Bloom's Taxonomy Level 3: Application & Troubleshooting)."
sys-1k-0794,Transactional Outbox & CDC,easy,How does the Transactional Outbox pattern paired with Debezium CDC prevent data inconsistencies compared to dual writes?,"// Local ACID Transaction:
orderRepo.save(order);
outboxRepo.save(new OutboxEvent(""OrderCreated"", order.getId()));",The entity update and outbox record are committed atomically in the same local database transaction; Debezium streams WAL commits to Kafka with at-least-once guarantee.,It converts Kafka topics into relational database tables.,It eliminates the need for database transaction logs entirely.,It guarantees zero network latency across microservices.,A,"Dual-writes fail if the DB commit succeeds but Kafka send fails. The Outbox pattern writes to the local DB table atomically, and Debezium tails the database WAL to publish events reliably. (Bloom's Taxonomy Level 3: Application & Troubleshooting)."
sys-1k-0795,Distributed Consensus (Raft & Paxos),hard,"Under Raft consensus rules, why will a follower node refuse to vote for a candidate even if the candidate's term is higher?","// 5-Node Raft Cluster
// Node 1 initiates election with Term 4",If the candidate's log is less up-to-date (has lower last log term or shorter log length) than the follower's own log.,If the candidate's IP address is numerically higher than the follower.,If the follower has been online for more than 10 minutes.,If the candidate uses UDP packets instead of TCP.,A,"The Raft Leader Completeness invariant requires that a follower grants a vote only if the candidate's log is at least as up-to-date as the voter's own log (higher term, or same term with longer index). (Bloom's Taxonomy Level 3: Application & Troubleshooting)."
sys-1k-0796,Distributed Caching & Stampede Mitigation,medium,How does the XFetch algorithm eliminate Cache Stampede (Thundering Herd) when a hot key expires under high concurrency?,"// XFetch Algorithm:
// if ( -delta * beta * ln(random()) ) >= remaining_ttl -> trigger refresh","The probability of a background reader recalculating and updating the cache key increases asymptotically to 1.0 as TTL nears zero, refreshing the cache prior to actual expiry.",It drops all incoming traffic when the cache key reaches 0 TTL.,It locks all Redis shards to single-threaded sequential execution.,It forces the client browser to compute the database query.,A,"XFetch probabilistically triggers early refresh based on computation cost (delta) and TTL. A single reader refreshes the cache ahead of expiration, preventing massive database thundering herds. (Bloom's Taxonomy Level 3: Application & Troubleshooting)."
sys-1k-0797,Distributed Rate Limiting,easy,Why is a Redis Lua script essential for distributed rate limiting across multiple app servers?,"local key = KEYS[1]
local limit = tonumber(ARGV[1])
local current = tonumber(redis.call('get', key) or '0')
if current + 1 > limit then return 0 else redis.call('incrby', key, 1) return 1 end","Redis executes Lua scripts atomically in its single-threaded event loop, preventing Time-of-Check to Time-of-Use (TOCTOU) race conditions across concurrent servers.",Lua scripts execute inside the client's browser JavaScript engine.,Separate GET and SET commands are banned by HTTP/2.,Lua scripts store rate limit counters in CPU registers.,A,"Separate GET and SET calls allow concurrent servers to interleave commands, exceeding rate limits. Lua scripts execute atomically in Redis without race conditions. (Bloom's Taxonomy Level 3: Application & Troubleshooting)."
sys-1k-0798,Database Storage Engines & Indexing,hard,"Why do write-heavy distributed databases (Cassandra, RocksDB) utilize Log-Structured Merge-Trees instead of B-Trees?",// LSM Pipeline: Append to WAL -> Insert into MemTable -> Flush to SSTables,"LSM-Trees transform random disk writes into sequential append-only writes, maximizing disk throughput and minimizing disk write amplification.",B-Trees cannot store numeric floating point values.,LSM-Trees do not use persistent disk storage.,LSM-Trees perform random in-place updates directly on flash memory.,A,"B-Trees perform random in-place disk page updates, causing heavy write amplification. LSM-Trees append sequentially to WAL and MemTable, periodically compacting immutable SSTables. (Bloom's Taxonomy Level 3: Application & Troubleshooting)."
sys-1k-0799,Message Queues & Kafka Internals,medium,How does the Kafka Transaction Coordinator prevent zombie producers from committing split-brain transactions after a network partition?,"producer.initTransactions();
producer.beginTransaction();
producer.send(record);
producer.commitTransaction();","It increments the producer epoch for that transactional.id, causing brokers to reject any subsequent writes from the old producer instance with ProducerFencedException.",It blocks the old producer's IP address on the Linux kernel firewall.,It automatically deletes the target topic partition.,It forces all broker nodes to reboot.,A,"When a new producer instance initializes with a transactional ID, the coordinator bumps the epoch. Any late writes from the old zombie instance are rejected with ProducerFencedException. (Bloom's Taxonomy Level 3: Application & Troubleshooting)."
sys-1k-0800,Consistent Hashing & Partitioning,easy,What critical problem do Virtual Nodes solve in Consistent Hashing topologies?,"// Hash Ring: 0 to 2^32 - 1
// Physical Nodes mapped to 150 Virtual Nodes each","They prevent hot-spot data skew by distributing token positions evenly across the hash ring, ensuring uniform load distribution when nodes join or leave.",They eliminate the need for hash functions.,They reduce network bandwidth to zero.,They convert distributed hash tables into single-node in-memory lists.,A,"Without virtual nodes, a small cluster has uneven hash token distribution. Mapping each physical server to 100-200 virtual nodes creates a balanced, uniform distribution across the ring. (Bloom's Taxonomy Level 3: Application & Troubleshooting)."
sys-1k-0801,Distributed Transactions & Saga,hard,Why is Orchestrated Saga preferred over Choreographed Saga for complex distributed workflows with many microservice dependencies?,"// Order Saga Orchestrator:
// 1. ReserveStock -> 2. ProcessPayment -> 3. DispatchShipment
// If Step 2 fails -> Trigger CompensateStock()","An Orchestrator provides a centralized state machine with clear compensation visibility, preventing cyclic event mesh deadlocks and event spaghetti.",Choreography is prohibited by ISO 20022 standards.,Orchestrator eliminates network communication between services.,Choreography consumes 100x more memory than orchestration.,A,"In complex workflows, an orchestrator coordinates transactions centrally, tracks timeouts, and invokes compensating rollbacks predictably without tangled event dependencies. (Bloom's Taxonomy Level 3: Application & Troubleshooting)."
sys-1k-0802,Transactional Outbox & CDC,medium,How does the Transactional Outbox pattern paired with Debezium CDC prevent data inconsistencies compared to dual writes?,"// Local ACID Transaction:
orderRepo.save(order);
outboxRepo.save(new OutboxEvent(""OrderCreated"", order.getId()));",The entity update and outbox record are committed atomically in the same local database transaction; Debezium streams WAL commits to Kafka with at-least-once guarantee.,It converts Kafka topics into relational database tables.,It eliminates the need for database transaction logs entirely.,It guarantees zero network latency across microservices.,A,"Dual-writes fail if the DB commit succeeds but Kafka send fails. The Outbox pattern writes to the local DB table atomically, and Debezium tails the database WAL to publish events reliably. (Bloom's Taxonomy Level 3: Application & Troubleshooting)."
sys-1k-0803,Distributed Consensus (Raft & Paxos),easy,"Under Raft consensus rules, why will a follower node refuse to vote for a candidate even if the candidate's term is higher?","// 5-Node Raft Cluster
// Node 1 initiates election with Term 4",If the candidate's log is less up-to-date (has lower last log term or shorter log length) than the follower's own log.,If the candidate's IP address is numerically higher than the follower.,If the follower has been online for more than 10 minutes.,If the candidate uses UDP packets instead of TCP.,A,"The Raft Leader Completeness invariant requires that a follower grants a vote only if the candidate's log is at least as up-to-date as the voter's own log (higher term, or same term with longer index). (Bloom's Taxonomy Level 3: Application & Troubleshooting)."
sys-1k-0804,Distributed Caching & Stampede Mitigation,hard,How does the XFetch algorithm eliminate Cache Stampede (Thundering Herd) when a hot key expires under high concurrency?,"// XFetch Algorithm:
// if ( -delta * beta * ln(random()) ) >= remaining_ttl -> trigger refresh","The probability of a background reader recalculating and updating the cache key increases asymptotically to 1.0 as TTL nears zero, refreshing the cache prior to actual expiry.",It drops all incoming traffic when the cache key reaches 0 TTL.,It locks all Redis shards to single-threaded sequential execution.,It forces the client browser to compute the database query.,A,"XFetch probabilistically triggers early refresh based on computation cost (delta) and TTL. A single reader refreshes the cache ahead of expiration, preventing massive database thundering herds. (Bloom's Taxonomy Level 3: Application & Troubleshooting)."
sys-1k-0805,Distributed Rate Limiting,medium,Why is a Redis Lua script essential for distributed rate limiting across multiple app servers?,"local key = KEYS[1]
local limit = tonumber(ARGV[1])
local current = tonumber(redis.call('get', key) or '0')
if current + 1 > limit then return 0 else redis.call('incrby', key, 1) return 1 end","Redis executes Lua scripts atomically in its single-threaded event loop, preventing Time-of-Check to Time-of-Use (TOCTOU) race conditions across concurrent servers.",Lua scripts execute inside the client's browser JavaScript engine.,Separate GET and SET commands are banned by HTTP/2.,Lua scripts store rate limit counters in CPU registers.,A,"Separate GET and SET calls allow concurrent servers to interleave commands, exceeding rate limits. Lua scripts execute atomically in Redis without race conditions. (Bloom's Taxonomy Level 3: Application & Troubleshooting)."
sys-1k-0806,Database Storage Engines & Indexing,easy,"Why do write-heavy distributed databases (Cassandra, RocksDB) utilize Log-Structured Merge-Trees instead of B-Trees?",// LSM Pipeline: Append to WAL -> Insert into MemTable -> Flush to SSTables,"LSM-Trees transform random disk writes into sequential append-only writes, maximizing disk throughput and minimizing disk write amplification.",B-Trees cannot store numeric floating point values.,LSM-Trees do not use persistent disk storage.,LSM-Trees perform random in-place updates directly on flash memory.,A,"B-Trees perform random in-place disk page updates, causing heavy write amplification. LSM-Trees append sequentially to WAL and MemTable, periodically compacting immutable SSTables. (Bloom's Taxonomy Level 3: Application & Troubleshooting)."
sys-1k-0807,Message Queues & Kafka Internals,hard,How does the Kafka Transaction Coordinator prevent zombie producers from committing split-brain transactions after a network partition?,"producer.initTransactions();
producer.beginTransaction();
producer.send(record);
producer.commitTransaction();","It increments the producer epoch for that transactional.id, causing brokers to reject any subsequent writes from the old producer instance with ProducerFencedException.",It blocks the old producer's IP address on the Linux kernel firewall.,It automatically deletes the target topic partition.,It forces all broker nodes to reboot.,A,"When a new producer instance initializes with a transactional ID, the coordinator bumps the epoch. Any late writes from the old zombie instance are rejected with ProducerFencedException. (Bloom's Taxonomy Level 3: Application & Troubleshooting)."
sys-1k-0808,Consistent Hashing & Partitioning,medium,What critical problem do Virtual Nodes solve in Consistent Hashing topologies?,"// Hash Ring: 0 to 2^32 - 1
// Physical Nodes mapped to 150 Virtual Nodes each","They prevent hot-spot data skew by distributing token positions evenly across the hash ring, ensuring uniform load distribution when nodes join or leave.",They eliminate the need for hash functions.,They reduce network bandwidth to zero.,They convert distributed hash tables into single-node in-memory lists.,A,"Without virtual nodes, a small cluster has uneven hash token distribution. Mapping each physical server to 100-200 virtual nodes creates a balanced, uniform distribution across the ring. (Bloom's Taxonomy Level 3: Application & Troubleshooting)."
sys-1k-0809,Distributed Transactions & Saga,easy,Why is Orchestrated Saga preferred over Choreographed Saga for complex distributed workflows with many microservice dependencies?,"// Order Saga Orchestrator:
// 1. ReserveStock -> 2. ProcessPayment -> 3. DispatchShipment
// If Step 2 fails -> Trigger CompensateStock()","An Orchestrator provides a centralized state machine with clear compensation visibility, preventing cyclic event mesh deadlocks and event spaghetti.",Choreography is prohibited by ISO 20022 standards.,Orchestrator eliminates network communication between services.,Choreography consumes 100x more memory than orchestration.,A,"In complex workflows, an orchestrator coordinates transactions centrally, tracks timeouts, and invokes compensating rollbacks predictably without tangled event dependencies. (Bloom's Taxonomy Level 3: Application & Troubleshooting)."
sys-1k-0810,Transactional Outbox & CDC,hard,How does the Transactional Outbox pattern paired with Debezium CDC prevent data inconsistencies compared to dual writes?,"// Local ACID Transaction:
orderRepo.save(order);
outboxRepo.save(new OutboxEvent(""OrderCreated"", order.getId()));",The entity update and outbox record are committed atomically in the same local database transaction; Debezium streams WAL commits to Kafka with at-least-once guarantee.,It converts Kafka topics into relational database tables.,It eliminates the need for database transaction logs entirely.,It guarantees zero network latency across microservices.,A,"Dual-writes fail if the DB commit succeeds but Kafka send fails. The Outbox pattern writes to the local DB table atomically, and Debezium tails the database WAL to publish events reliably. (Bloom's Taxonomy Level 3: Application & Troubleshooting)."
sys-1k-0811,Distributed Consensus (Raft & Paxos),medium,"Under Raft consensus rules, why will a follower node refuse to vote for a candidate even if the candidate's term is higher?","// 5-Node Raft Cluster
// Node 1 initiates election with Term 4",If the candidate's log is less up-to-date (has lower last log term or shorter log length) than the follower's own log.,If the candidate's IP address is numerically higher than the follower.,If the follower has been online for more than 10 minutes.,If the candidate uses UDP packets instead of TCP.,A,"The Raft Leader Completeness invariant requires that a follower grants a vote only if the candidate's log is at least as up-to-date as the voter's own log (higher term, or same term with longer index). (Bloom's Taxonomy Level 3: Application & Troubleshooting)."
sys-1k-0812,Distributed Caching & Stampede Mitigation,easy,How does the XFetch algorithm eliminate Cache Stampede (Thundering Herd) when a hot key expires under high concurrency?,"// XFetch Algorithm:
// if ( -delta * beta * ln(random()) ) >= remaining_ttl -> trigger refresh","The probability of a background reader recalculating and updating the cache key increases asymptotically to 1.0 as TTL nears zero, refreshing the cache prior to actual expiry.",It drops all incoming traffic when the cache key reaches 0 TTL.,It locks all Redis shards to single-threaded sequential execution.,It forces the client browser to compute the database query.,A,"XFetch probabilistically triggers early refresh based on computation cost (delta) and TTL. A single reader refreshes the cache ahead of expiration, preventing massive database thundering herds. (Bloom's Taxonomy Level 3: Application & Troubleshooting)."
sys-1k-0813,Distributed Rate Limiting,hard,Why is a Redis Lua script essential for distributed rate limiting across multiple app servers?,"local key = KEYS[1]
local limit = tonumber(ARGV[1])
local current = tonumber(redis.call('get', key) or '0')
if current + 1 > limit then return 0 else redis.call('incrby', key, 1) return 1 end","Redis executes Lua scripts atomically in its single-threaded event loop, preventing Time-of-Check to Time-of-Use (TOCTOU) race conditions across concurrent servers.",Lua scripts execute inside the client's browser JavaScript engine.,Separate GET and SET commands are banned by HTTP/2.,Lua scripts store rate limit counters in CPU registers.,A,"Separate GET and SET calls allow concurrent servers to interleave commands, exceeding rate limits. Lua scripts execute atomically in Redis without race conditions. (Bloom's Taxonomy Level 3: Application & Troubleshooting)."
sys-1k-0814,Database Storage Engines & Indexing,medium,"Why do write-heavy distributed databases (Cassandra, RocksDB) utilize Log-Structured Merge-Trees instead of B-Trees?",// LSM Pipeline: Append to WAL -> Insert into MemTable -> Flush to SSTables,"LSM-Trees transform random disk writes into sequential append-only writes, maximizing disk throughput and minimizing disk write amplification.",B-Trees cannot store numeric floating point values.,LSM-Trees do not use persistent disk storage.,LSM-Trees perform random in-place updates directly on flash memory.,A,"B-Trees perform random in-place disk page updates, causing heavy write amplification. LSM-Trees append sequentially to WAL and MemTable, periodically compacting immutable SSTables. (Bloom's Taxonomy Level 3: Application & Troubleshooting)."
sys-1k-0815,Message Queues & Kafka Internals,easy,How does the Kafka Transaction Coordinator prevent zombie producers from committing split-brain transactions after a network partition?,"producer.initTransactions();
producer.beginTransaction();
producer.send(record);
producer.commitTransaction();","It increments the producer epoch for that transactional.id, causing brokers to reject any subsequent writes from the old producer instance with ProducerFencedException.",It blocks the old producer's IP address on the Linux kernel firewall.,It automatically deletes the target topic partition.,It forces all broker nodes to reboot.,A,"When a new producer instance initializes with a transactional ID, the coordinator bumps the epoch. Any late writes from the old zombie instance are rejected with ProducerFencedException. (Bloom's Taxonomy Level 3: Application & Troubleshooting)."
sys-1k-0816,Consistent Hashing & Partitioning,hard,What critical problem do Virtual Nodes solve in Consistent Hashing topologies?,"// Hash Ring: 0 to 2^32 - 1
// Physical Nodes mapped to 150 Virtual Nodes each","They prevent hot-spot data skew by distributing token positions evenly across the hash ring, ensuring uniform load distribution when nodes join or leave.",They eliminate the need for hash functions.,They reduce network bandwidth to zero.,They convert distributed hash tables into single-node in-memory lists.,A,"Without virtual nodes, a small cluster has uneven hash token distribution. Mapping each physical server to 100-200 virtual nodes creates a balanced, uniform distribution across the ring. (Bloom's Taxonomy Level 3: Application & Troubleshooting)."
sys-1k-0817,Distributed Transactions & Saga,medium,Why is Orchestrated Saga preferred over Choreographed Saga for complex distributed workflows with many microservice dependencies?,"// Order Saga Orchestrator:
// 1. ReserveStock -> 2. ProcessPayment -> 3. DispatchShipment
// If Step 2 fails -> Trigger CompensateStock()","An Orchestrator provides a centralized state machine with clear compensation visibility, preventing cyclic event mesh deadlocks and event spaghetti.",Choreography is prohibited by ISO 20022 standards.,Orchestrator eliminates network communication between services.,Choreography consumes 100x more memory than orchestration.,A,"In complex workflows, an orchestrator coordinates transactions centrally, tracks timeouts, and invokes compensating rollbacks predictably without tangled event dependencies. (Bloom's Taxonomy Level 3: Application & Troubleshooting)."
sys-1k-0818,Transactional Outbox & CDC,easy,How does the Transactional Outbox pattern paired with Debezium CDC prevent data inconsistencies compared to dual writes?,"// Local ACID Transaction:
orderRepo.save(order);
outboxRepo.save(new OutboxEvent(""OrderCreated"", order.getId()));",The entity update and outbox record are committed atomically in the same local database transaction; Debezium streams WAL commits to Kafka with at-least-once guarantee.,It converts Kafka topics into relational database tables.,It eliminates the need for database transaction logs entirely.,It guarantees zero network latency across microservices.,A,"Dual-writes fail if the DB commit succeeds but Kafka send fails. The Outbox pattern writes to the local DB table atomically, and Debezium tails the database WAL to publish events reliably. (Bloom's Taxonomy Level 3: Application & Troubleshooting)."
sys-1k-0819,Distributed Consensus (Raft & Paxos),hard,"Under Raft consensus rules, why will a follower node refuse to vote for a candidate even if the candidate's term is higher?","// 5-Node Raft Cluster
// Node 1 initiates election with Term 4",If the candidate's log is less up-to-date (has lower last log term or shorter log length) than the follower's own log.,If the candidate's IP address is numerically higher than the follower.,If the follower has been online for more than 10 minutes.,If the candidate uses UDP packets instead of TCP.,A,"The Raft Leader Completeness invariant requires that a follower grants a vote only if the candidate's log is at least as up-to-date as the voter's own log (higher term, or same term with longer index). (Bloom's Taxonomy Level 3: Application & Troubleshooting)."
sys-1k-0820,Distributed Caching & Stampede Mitigation,medium,How does the XFetch algorithm eliminate Cache Stampede (Thundering Herd) when a hot key expires under high concurrency?,"// XFetch Algorithm:
// if ( -delta * beta * ln(random()) ) >= remaining_ttl -> trigger refresh","The probability of a background reader recalculating and updating the cache key increases asymptotically to 1.0 as TTL nears zero, refreshing the cache prior to actual expiry.",It drops all incoming traffic when the cache key reaches 0 TTL.,It locks all Redis shards to single-threaded sequential execution.,It forces the client browser to compute the database query.,A,"XFetch probabilistically triggers early refresh based on computation cost (delta) and TTL. A single reader refreshes the cache ahead of expiration, preventing massive database thundering herds. (Bloom's Taxonomy Level 3: Application & Troubleshooting)."
sys-1k-0821,Distributed Rate Limiting,easy,Why is a Redis Lua script essential for distributed rate limiting across multiple app servers?,"local key = KEYS[1]
local limit = tonumber(ARGV[1])
local current = tonumber(redis.call('get', key) or '0')
if current + 1 > limit then return 0 else redis.call('incrby', key, 1) return 1 end","Redis executes Lua scripts atomically in its single-threaded event loop, preventing Time-of-Check to Time-of-Use (TOCTOU) race conditions across concurrent servers.",Lua scripts execute inside the client's browser JavaScript engine.,Separate GET and SET commands are banned by HTTP/2.,Lua scripts store rate limit counters in CPU registers.,A,"Separate GET and SET calls allow concurrent servers to interleave commands, exceeding rate limits. Lua scripts execute atomically in Redis without race conditions. (Bloom's Taxonomy Level 3: Application & Troubleshooting)."
sys-1k-0822,Database Storage Engines & Indexing,hard,"Why do write-heavy distributed databases (Cassandra, RocksDB) utilize Log-Structured Merge-Trees instead of B-Trees?",// LSM Pipeline: Append to WAL -> Insert into MemTable -> Flush to SSTables,"LSM-Trees transform random disk writes into sequential append-only writes, maximizing disk throughput and minimizing disk write amplification.",B-Trees cannot store numeric floating point values.,LSM-Trees do not use persistent disk storage.,LSM-Trees perform random in-place updates directly on flash memory.,A,"B-Trees perform random in-place disk page updates, causing heavy write amplification. LSM-Trees append sequentially to WAL and MemTable, periodically compacting immutable SSTables. (Bloom's Taxonomy Level 3: Application & Troubleshooting)."
sys-1k-0823,Message Queues & Kafka Internals,medium,How does the Kafka Transaction Coordinator prevent zombie producers from committing split-brain transactions after a network partition?,"producer.initTransactions();
producer.beginTransaction();
producer.send(record);
producer.commitTransaction();","It increments the producer epoch for that transactional.id, causing brokers to reject any subsequent writes from the old producer instance with ProducerFencedException.",It blocks the old producer's IP address on the Linux kernel firewall.,It automatically deletes the target topic partition.,It forces all broker nodes to reboot.,A,"When a new producer instance initializes with a transactional ID, the coordinator bumps the epoch. Any late writes from the old zombie instance are rejected with ProducerFencedException. (Bloom's Taxonomy Level 3: Application & Troubleshooting)."
sys-1k-0824,Consistent Hashing & Partitioning,easy,What critical problem do Virtual Nodes solve in Consistent Hashing topologies?,"// Hash Ring: 0 to 2^32 - 1
// Physical Nodes mapped to 150 Virtual Nodes each","They prevent hot-spot data skew by distributing token positions evenly across the hash ring, ensuring uniform load distribution when nodes join or leave.",They eliminate the need for hash functions.,They reduce network bandwidth to zero.,They convert distributed hash tables into single-node in-memory lists.,A,"Without virtual nodes, a small cluster has uneven hash token distribution. Mapping each physical server to 100-200 virtual nodes creates a balanced, uniform distribution across the ring. (Bloom's Taxonomy Level 3: Application & Troubleshooting)."
sys-1k-0825,Distributed Transactions & Saga,hard,Why is Orchestrated Saga preferred over Choreographed Saga for complex distributed workflows with many microservice dependencies?,"// Order Saga Orchestrator:
// 1. ReserveStock -> 2. ProcessPayment -> 3. DispatchShipment
// If Step 2 fails -> Trigger CompensateStock()","An Orchestrator provides a centralized state machine with clear compensation visibility, preventing cyclic event mesh deadlocks and event spaghetti.",Choreography is prohibited by ISO 20022 standards.,Orchestrator eliminates network communication between services.,Choreography consumes 100x more memory than orchestration.,A,"In complex workflows, an orchestrator coordinates transactions centrally, tracks timeouts, and invokes compensating rollbacks predictably without tangled event dependencies. (Bloom's Taxonomy Level 3: Application & Troubleshooting)."
sys-1k-0826,Transactional Outbox & CDC,medium,How does the Transactional Outbox pattern paired with Debezium CDC prevent data inconsistencies compared to dual writes?,"// Local ACID Transaction:
orderRepo.save(order);
outboxRepo.save(new OutboxEvent(""OrderCreated"", order.getId()));",The entity update and outbox record are committed atomically in the same local database transaction; Debezium streams WAL commits to Kafka with at-least-once guarantee.,It converts Kafka topics into relational database tables.,It eliminates the need for database transaction logs entirely.,It guarantees zero network latency across microservices.,A,"Dual-writes fail if the DB commit succeeds but Kafka send fails. The Outbox pattern writes to the local DB table atomically, and Debezium tails the database WAL to publish events reliably. (Bloom's Taxonomy Level 3: Application & Troubleshooting)."
sys-1k-0827,Distributed Consensus (Raft & Paxos),easy,"Under Raft consensus rules, why will a follower node refuse to vote for a candidate even if the candidate's term is higher?","// 5-Node Raft Cluster
// Node 1 initiates election with Term 4",If the candidate's log is less up-to-date (has lower last log term or shorter log length) than the follower's own log.,If the candidate's IP address is numerically higher than the follower.,If the follower has been online for more than 10 minutes.,If the candidate uses UDP packets instead of TCP.,A,"The Raft Leader Completeness invariant requires that a follower grants a vote only if the candidate's log is at least as up-to-date as the voter's own log (higher term, or same term with longer index). (Bloom's Taxonomy Level 3: Application & Troubleshooting)."
sys-1k-0828,Distributed Caching & Stampede Mitigation,hard,How does the XFetch algorithm eliminate Cache Stampede (Thundering Herd) when a hot key expires under high concurrency?,"// XFetch Algorithm:
// if ( -delta * beta * ln(random()) ) >= remaining_ttl -> trigger refresh","The probability of a background reader recalculating and updating the cache key increases asymptotically to 1.0 as TTL nears zero, refreshing the cache prior to actual expiry.",It drops all incoming traffic when the cache key reaches 0 TTL.,It locks all Redis shards to single-threaded sequential execution.,It forces the client browser to compute the database query.,A,"XFetch probabilistically triggers early refresh based on computation cost (delta) and TTL. A single reader refreshes the cache ahead of expiration, preventing massive database thundering herds. (Bloom's Taxonomy Level 3: Application & Troubleshooting)."
sys-1k-0829,Distributed Rate Limiting,medium,Why is a Redis Lua script essential for distributed rate limiting across multiple app servers?,"local key = KEYS[1]
local limit = tonumber(ARGV[1])
local current = tonumber(redis.call('get', key) or '0')
if current + 1 > limit then return 0 else redis.call('incrby', key, 1) return 1 end","Redis executes Lua scripts atomically in its single-threaded event loop, preventing Time-of-Check to Time-of-Use (TOCTOU) race conditions across concurrent servers.",Lua scripts execute inside the client's browser JavaScript engine.,Separate GET and SET commands are banned by HTTP/2.,Lua scripts store rate limit counters in CPU registers.,A,"Separate GET and SET calls allow concurrent servers to interleave commands, exceeding rate limits. Lua scripts execute atomically in Redis without race conditions. (Bloom's Taxonomy Level 3: Application & Troubleshooting)."
sys-1k-0830,Database Storage Engines & Indexing,easy,"Why do write-heavy distributed databases (Cassandra, RocksDB) utilize Log-Structured Merge-Trees instead of B-Trees?",// LSM Pipeline: Append to WAL -> Insert into MemTable -> Flush to SSTables,"LSM-Trees transform random disk writes into sequential append-only writes, maximizing disk throughput and minimizing disk write amplification.",B-Trees cannot store numeric floating point values.,LSM-Trees do not use persistent disk storage.,LSM-Trees perform random in-place updates directly on flash memory.,A,"B-Trees perform random in-place disk page updates, causing heavy write amplification. LSM-Trees append sequentially to WAL and MemTable, periodically compacting immutable SSTables. (Bloom's Taxonomy Level 3: Application & Troubleshooting)."
sys-1k-0831,Message Queues & Kafka Internals,hard,How does the Kafka Transaction Coordinator prevent zombie producers from committing split-brain transactions after a network partition?,"producer.initTransactions();
producer.beginTransaction();
producer.send(record);
producer.commitTransaction();","It increments the producer epoch for that transactional.id, causing brokers to reject any subsequent writes from the old producer instance with ProducerFencedException.",It blocks the old producer's IP address on the Linux kernel firewall.,It automatically deletes the target topic partition.,It forces all broker nodes to reboot.,A,"When a new producer instance initializes with a transactional ID, the coordinator bumps the epoch. Any late writes from the old zombie instance are rejected with ProducerFencedException. (Bloom's Taxonomy Level 3: Application & Troubleshooting)."
sys-1k-0832,Consistent Hashing & Partitioning,medium,What critical problem do Virtual Nodes solve in Consistent Hashing topologies?,"// Hash Ring: 0 to 2^32 - 1
// Physical Nodes mapped to 150 Virtual Nodes each","They prevent hot-spot data skew by distributing token positions evenly across the hash ring, ensuring uniform load distribution when nodes join or leave.",They eliminate the need for hash functions.,They reduce network bandwidth to zero.,They convert distributed hash tables into single-node in-memory lists.,A,"Without virtual nodes, a small cluster has uneven hash token distribution. Mapping each physical server to 100-200 virtual nodes creates a balanced, uniform distribution across the ring. (Bloom's Taxonomy Level 3: Application & Troubleshooting)."
sys-1k-0833,Distributed Transactions & Saga,easy,Why is Orchestrated Saga preferred over Choreographed Saga for complex distributed workflows with many microservice dependencies?,"// Order Saga Orchestrator:
// 1. ReserveStock -> 2. ProcessPayment -> 3. DispatchShipment
// If Step 2 fails -> Trigger CompensateStock()","An Orchestrator provides a centralized state machine with clear compensation visibility, preventing cyclic event mesh deadlocks and event spaghetti.",Choreography is prohibited by ISO 20022 standards.,Orchestrator eliminates network communication between services.,Choreography consumes 100x more memory than orchestration.,A,"In complex workflows, an orchestrator coordinates transactions centrally, tracks timeouts, and invokes compensating rollbacks predictably without tangled event dependencies. (Bloom's Taxonomy Level 3: Application & Troubleshooting)."
sys-1k-0834,Transactional Outbox & CDC,hard,How does the Transactional Outbox pattern paired with Debezium CDC prevent data inconsistencies compared to dual writes?,"// Local ACID Transaction:
orderRepo.save(order);
outboxRepo.save(new OutboxEvent(""OrderCreated"", order.getId()));",The entity update and outbox record are committed atomically in the same local database transaction; Debezium streams WAL commits to Kafka with at-least-once guarantee.,It converts Kafka topics into relational database tables.,It eliminates the need for database transaction logs entirely.,It guarantees zero network latency across microservices.,A,"Dual-writes fail if the DB commit succeeds but Kafka send fails. The Outbox pattern writes to the local DB table atomically, and Debezium tails the database WAL to publish events reliably. (Bloom's Taxonomy Level 3: Application & Troubleshooting)."
sys-1k-0835,Distributed Consensus (Raft & Paxos),medium,"Under Raft consensus rules, why will a follower node refuse to vote for a candidate even if the candidate's term is higher?","// 5-Node Raft Cluster
// Node 1 initiates election with Term 4",If the candidate's log is less up-to-date (has lower last log term or shorter log length) than the follower's own log.,If the candidate's IP address is numerically higher than the follower.,If the follower has been online for more than 10 minutes.,If the candidate uses UDP packets instead of TCP.,A,"The Raft Leader Completeness invariant requires that a follower grants a vote only if the candidate's log is at least as up-to-date as the voter's own log (higher term, or same term with longer index). (Bloom's Taxonomy Level 3: Application & Troubleshooting)."
sys-1k-0836,Distributed Caching & Stampede Mitigation,easy,How does the XFetch algorithm eliminate Cache Stampede (Thundering Herd) when a hot key expires under high concurrency?,"// XFetch Algorithm:
// if ( -delta * beta * ln(random()) ) >= remaining_ttl -> trigger refresh","The probability of a background reader recalculating and updating the cache key increases asymptotically to 1.0 as TTL nears zero, refreshing the cache prior to actual expiry.",It drops all incoming traffic when the cache key reaches 0 TTL.,It locks all Redis shards to single-threaded sequential execution.,It forces the client browser to compute the database query.,A,"XFetch probabilistically triggers early refresh based on computation cost (delta) and TTL. A single reader refreshes the cache ahead of expiration, preventing massive database thundering herds. (Bloom's Taxonomy Level 3: Application & Troubleshooting)."
sys-1k-0837,Distributed Rate Limiting,hard,Why is a Redis Lua script essential for distributed rate limiting across multiple app servers?,"local key = KEYS[1]
local limit = tonumber(ARGV[1])
local current = tonumber(redis.call('get', key) or '0')
if current + 1 > limit then return 0 else redis.call('incrby', key, 1) return 1 end","Redis executes Lua scripts atomically in its single-threaded event loop, preventing Time-of-Check to Time-of-Use (TOCTOU) race conditions across concurrent servers.",Lua scripts execute inside the client's browser JavaScript engine.,Separate GET and SET commands are banned by HTTP/2.,Lua scripts store rate limit counters in CPU registers.,A,"Separate GET and SET calls allow concurrent servers to interleave commands, exceeding rate limits. Lua scripts execute atomically in Redis without race conditions. (Bloom's Taxonomy Level 3: Application & Troubleshooting)."
sys-1k-0838,Database Storage Engines & Indexing,medium,"Why do write-heavy distributed databases (Cassandra, RocksDB) utilize Log-Structured Merge-Trees instead of B-Trees?",// LSM Pipeline: Append to WAL -> Insert into MemTable -> Flush to SSTables,"LSM-Trees transform random disk writes into sequential append-only writes, maximizing disk throughput and minimizing disk write amplification.",B-Trees cannot store numeric floating point values.,LSM-Trees do not use persistent disk storage.,LSM-Trees perform random in-place updates directly on flash memory.,A,"B-Trees perform random in-place disk page updates, causing heavy write amplification. LSM-Trees append sequentially to WAL and MemTable, periodically compacting immutable SSTables. (Bloom's Taxonomy Level 3: Application & Troubleshooting)."
sys-1k-0839,Message Queues & Kafka Internals,easy,How does the Kafka Transaction Coordinator prevent zombie producers from committing split-brain transactions after a network partition?,"producer.initTransactions();
producer.beginTransaction();
producer.send(record);
producer.commitTransaction();","It increments the producer epoch for that transactional.id, causing brokers to reject any subsequent writes from the old producer instance with ProducerFencedException.",It blocks the old producer's IP address on the Linux kernel firewall.,It automatically deletes the target topic partition.,It forces all broker nodes to reboot.,A,"When a new producer instance initializes with a transactional ID, the coordinator bumps the epoch. Any late writes from the old zombie instance are rejected with ProducerFencedException. (Bloom's Taxonomy Level 3: Application & Troubleshooting)."
sys-1k-0840,Consistent Hashing & Partitioning,hard,What critical problem do Virtual Nodes solve in Consistent Hashing topologies?,"// Hash Ring: 0 to 2^32 - 1
// Physical Nodes mapped to 150 Virtual Nodes each","They prevent hot-spot data skew by distributing token positions evenly across the hash ring, ensuring uniform load distribution when nodes join or leave.",They eliminate the need for hash functions.,They reduce network bandwidth to zero.,They convert distributed hash tables into single-node in-memory lists.,A,"Without virtual nodes, a small cluster has uneven hash token distribution. Mapping each physical server to 100-200 virtual nodes creates a balanced, uniform distribution across the ring. (Bloom's Taxonomy Level 3: Application & Troubleshooting)."
sys-1k-0841,Distributed Transactions & Saga,medium,Why is Orchestrated Saga preferred over Choreographed Saga for complex distributed workflows with many microservice dependencies?,"// Order Saga Orchestrator:
// 1. ReserveStock -> 2. ProcessPayment -> 3. DispatchShipment
// If Step 2 fails -> Trigger CompensateStock()","An Orchestrator provides a centralized state machine with clear compensation visibility, preventing cyclic event mesh deadlocks and event spaghetti.",Choreography is prohibited by ISO 20022 standards.,Orchestrator eliminates network communication between services.,Choreography consumes 100x more memory than orchestration.,A,"In complex workflows, an orchestrator coordinates transactions centrally, tracks timeouts, and invokes compensating rollbacks predictably without tangled event dependencies. (Bloom's Taxonomy Level 3: Application & Troubleshooting)."
sys-1k-0842,Transactional Outbox & CDC,easy,How does the Transactional Outbox pattern paired with Debezium CDC prevent data inconsistencies compared to dual writes?,"// Local ACID Transaction:
orderRepo.save(order);
outboxRepo.save(new OutboxEvent(""OrderCreated"", order.getId()));",The entity update and outbox record are committed atomically in the same local database transaction; Debezium streams WAL commits to Kafka with at-least-once guarantee.,It converts Kafka topics into relational database tables.,It eliminates the need for database transaction logs entirely.,It guarantees zero network latency across microservices.,A,"Dual-writes fail if the DB commit succeeds but Kafka send fails. The Outbox pattern writes to the local DB table atomically, and Debezium tails the database WAL to publish events reliably. (Bloom's Taxonomy Level 3: Application & Troubleshooting)."
sys-1k-0843,Distributed Consensus (Raft & Paxos),hard,"Under Raft consensus rules, why will a follower node refuse to vote for a candidate even if the candidate's term is higher?","// 5-Node Raft Cluster
// Node 1 initiates election with Term 4",If the candidate's log is less up-to-date (has lower last log term or shorter log length) than the follower's own log.,If the candidate's IP address is numerically higher than the follower.,If the follower has been online for more than 10 minutes.,If the candidate uses UDP packets instead of TCP.,A,"The Raft Leader Completeness invariant requires that a follower grants a vote only if the candidate's log is at least as up-to-date as the voter's own log (higher term, or same term with longer index). (Bloom's Taxonomy Level 3: Application & Troubleshooting)."
sys-1k-0844,Distributed Caching & Stampede Mitigation,medium,How does the XFetch algorithm eliminate Cache Stampede (Thundering Herd) when a hot key expires under high concurrency?,"// XFetch Algorithm:
// if ( -delta * beta * ln(random()) ) >= remaining_ttl -> trigger refresh","The probability of a background reader recalculating and updating the cache key increases asymptotically to 1.0 as TTL nears zero, refreshing the cache prior to actual expiry.",It drops all incoming traffic when the cache key reaches 0 TTL.,It locks all Redis shards to single-threaded sequential execution.,It forces the client browser to compute the database query.,A,"XFetch probabilistically triggers early refresh based on computation cost (delta) and TTL. A single reader refreshes the cache ahead of expiration, preventing massive database thundering herds. (Bloom's Taxonomy Level 3: Application & Troubleshooting)."
sys-1k-0845,Distributed Rate Limiting,easy,Why is a Redis Lua script essential for distributed rate limiting across multiple app servers?,"local key = KEYS[1]
local limit = tonumber(ARGV[1])
local current = tonumber(redis.call('get', key) or '0')
if current + 1 > limit then return 0 else redis.call('incrby', key, 1) return 1 end","Redis executes Lua scripts atomically in its single-threaded event loop, preventing Time-of-Check to Time-of-Use (TOCTOU) race conditions across concurrent servers.",Lua scripts execute inside the client's browser JavaScript engine.,Separate GET and SET commands are banned by HTTP/2.,Lua scripts store rate limit counters in CPU registers.,A,"Separate GET and SET calls allow concurrent servers to interleave commands, exceeding rate limits. Lua scripts execute atomically in Redis without race conditions. (Bloom's Taxonomy Level 3: Application & Troubleshooting)."
sys-1k-0846,Database Storage Engines & Indexing,hard,"Why do write-heavy distributed databases (Cassandra, RocksDB) utilize Log-Structured Merge-Trees instead of B-Trees?",// LSM Pipeline: Append to WAL -> Insert into MemTable -> Flush to SSTables,"LSM-Trees transform random disk writes into sequential append-only writes, maximizing disk throughput and minimizing disk write amplification.",B-Trees cannot store numeric floating point values.,LSM-Trees do not use persistent disk storage.,LSM-Trees perform random in-place updates directly on flash memory.,A,"B-Trees perform random in-place disk page updates, causing heavy write amplification. LSM-Trees append sequentially to WAL and MemTable, periodically compacting immutable SSTables. (Bloom's Taxonomy Level 3: Application & Troubleshooting)."
sys-1k-0847,Message Queues & Kafka Internals,medium,How does the Kafka Transaction Coordinator prevent zombie producers from committing split-brain transactions after a network partition?,"producer.initTransactions();
producer.beginTransaction();
producer.send(record);
producer.commitTransaction();","It increments the producer epoch for that transactional.id, causing brokers to reject any subsequent writes from the old producer instance with ProducerFencedException.",It blocks the old producer's IP address on the Linux kernel firewall.,It automatically deletes the target topic partition.,It forces all broker nodes to reboot.,A,"When a new producer instance initializes with a transactional ID, the coordinator bumps the epoch. Any late writes from the old zombie instance are rejected with ProducerFencedException. (Bloom's Taxonomy Level 3: Application & Troubleshooting)."
sys-1k-0848,Consistent Hashing & Partitioning,easy,What critical problem do Virtual Nodes solve in Consistent Hashing topologies?,"// Hash Ring: 0 to 2^32 - 1
// Physical Nodes mapped to 150 Virtual Nodes each","They prevent hot-spot data skew by distributing token positions evenly across the hash ring, ensuring uniform load distribution when nodes join or leave.",They eliminate the need for hash functions.,They reduce network bandwidth to zero.,They convert distributed hash tables into single-node in-memory lists.,A,"Without virtual nodes, a small cluster has uneven hash token distribution. Mapping each physical server to 100-200 virtual nodes creates a balanced, uniform distribution across the ring. (Bloom's Taxonomy Level 3: Application & Troubleshooting)."
sys-1k-0849,Distributed Transactions & Saga,hard,Why is Orchestrated Saga preferred over Choreographed Saga for complex distributed workflows with many microservice dependencies?,"// Order Saga Orchestrator:
// 1. ReserveStock -> 2. ProcessPayment -> 3. DispatchShipment
// If Step 2 fails -> Trigger CompensateStock()","An Orchestrator provides a centralized state machine with clear compensation visibility, preventing cyclic event mesh deadlocks and event spaghetti.",Choreography is prohibited by ISO 20022 standards.,Orchestrator eliminates network communication between services.,Choreography consumes 100x more memory than orchestration.,A,"In complex workflows, an orchestrator coordinates transactions centrally, tracks timeouts, and invokes compensating rollbacks predictably without tangled event dependencies. (Bloom's Taxonomy Level 3: Application & Troubleshooting)."
sys-1k-0850,Transactional Outbox & CDC,medium,How does the Transactional Outbox pattern paired with Debezium CDC prevent data inconsistencies compared to dual writes?,"// Local ACID Transaction:
orderRepo.save(order);
outboxRepo.save(new OutboxEvent(""OrderCreated"", order.getId()));",The entity update and outbox record are committed atomically in the same local database transaction; Debezium streams WAL commits to Kafka with at-least-once guarantee.,It converts Kafka topics into relational database tables.,It eliminates the need for database transaction logs entirely.,It guarantees zero network latency across microservices.,A,"Dual-writes fail if the DB commit succeeds but Kafka send fails. The Outbox pattern writes to the local DB table atomically, and Debezium tails the database WAL to publish events reliably. (Bloom's Taxonomy Level 3: Application & Troubleshooting)."
sys-1k-0851,Distributed Consensus (Raft & Paxos),easy,"Under Raft consensus rules, why will a follower node refuse to vote for a candidate even if the candidate's term is higher?","// 5-Node Raft Cluster
// Node 1 initiates election with Term 4",If the candidate's log is less up-to-date (has lower last log term or shorter log length) than the follower's own log.,If the candidate's IP address is numerically higher than the follower.,If the follower has been online for more than 10 minutes.,If the candidate uses UDP packets instead of TCP.,A,"The Raft Leader Completeness invariant requires that a follower grants a vote only if the candidate's log is at least as up-to-date as the voter's own log (higher term, or same term with longer index). (Bloom's Taxonomy Level 3: Application & Troubleshooting)."
sys-1k-0852,Distributed Caching & Stampede Mitigation,hard,How does the XFetch algorithm eliminate Cache Stampede (Thundering Herd) when a hot key expires under high concurrency?,"// XFetch Algorithm:
// if ( -delta * beta * ln(random()) ) >= remaining_ttl -> trigger refresh","The probability of a background reader recalculating and updating the cache key increases asymptotically to 1.0 as TTL nears zero, refreshing the cache prior to actual expiry.",It drops all incoming traffic when the cache key reaches 0 TTL.,It locks all Redis shards to single-threaded sequential execution.,It forces the client browser to compute the database query.,A,"XFetch probabilistically triggers early refresh based on computation cost (delta) and TTL. A single reader refreshes the cache ahead of expiration, preventing massive database thundering herds. (Bloom's Taxonomy Level 3: Application & Troubleshooting)."
sys-1k-0853,Distributed Rate Limiting,medium,Why is a Redis Lua script essential for distributed rate limiting across multiple app servers?,"local key = KEYS[1]
local limit = tonumber(ARGV[1])
local current = tonumber(redis.call('get', key) or '0')
if current + 1 > limit then return 0 else redis.call('incrby', key, 1) return 1 end","Redis executes Lua scripts atomically in its single-threaded event loop, preventing Time-of-Check to Time-of-Use (TOCTOU) race conditions across concurrent servers.",Lua scripts execute inside the client's browser JavaScript engine.,Separate GET and SET commands are banned by HTTP/2.,Lua scripts store rate limit counters in CPU registers.,A,"Separate GET and SET calls allow concurrent servers to interleave commands, exceeding rate limits. Lua scripts execute atomically in Redis without race conditions. (Bloom's Taxonomy Level 3: Application & Troubleshooting)."
sys-1k-0854,Database Storage Engines & Indexing,easy,"Why do write-heavy distributed databases (Cassandra, RocksDB) utilize Log-Structured Merge-Trees instead of B-Trees?",// LSM Pipeline: Append to WAL -> Insert into MemTable -> Flush to SSTables,"LSM-Trees transform random disk writes into sequential append-only writes, maximizing disk throughput and minimizing disk write amplification.",B-Trees cannot store numeric floating point values.,LSM-Trees do not use persistent disk storage.,LSM-Trees perform random in-place updates directly on flash memory.,A,"B-Trees perform random in-place disk page updates, causing heavy write amplification. LSM-Trees append sequentially to WAL and MemTable, periodically compacting immutable SSTables. (Bloom's Taxonomy Level 3: Application & Troubleshooting)."
sys-1k-0855,Message Queues & Kafka Internals,hard,How does the Kafka Transaction Coordinator prevent zombie producers from committing split-brain transactions after a network partition?,"producer.initTransactions();
producer.beginTransaction();
producer.send(record);
producer.commitTransaction();","It increments the producer epoch for that transactional.id, causing brokers to reject any subsequent writes from the old producer instance with ProducerFencedException.",It blocks the old producer's IP address on the Linux kernel firewall.,It automatically deletes the target topic partition.,It forces all broker nodes to reboot.,A,"When a new producer instance initializes with a transactional ID, the coordinator bumps the epoch. Any late writes from the old zombie instance are rejected with ProducerFencedException. (Bloom's Taxonomy Level 3: Application & Troubleshooting)."
sys-1k-0856,Consistent Hashing & Partitioning,medium,What critical problem do Virtual Nodes solve in Consistent Hashing topologies?,"// Hash Ring: 0 to 2^32 - 1
// Physical Nodes mapped to 150 Virtual Nodes each","They prevent hot-spot data skew by distributing token positions evenly across the hash ring, ensuring uniform load distribution when nodes join or leave.",They eliminate the need for hash functions.,They reduce network bandwidth to zero.,They convert distributed hash tables into single-node in-memory lists.,A,"Without virtual nodes, a small cluster has uneven hash token distribution. Mapping each physical server to 100-200 virtual nodes creates a balanced, uniform distribution across the ring. (Bloom's Taxonomy Level 3: Application & Troubleshooting)."
sys-1k-0857,Distributed Transactions & Saga,easy,Why is Orchestrated Saga preferred over Choreographed Saga for complex distributed workflows with many microservice dependencies?,"// Order Saga Orchestrator:
// 1. ReserveStock -> 2. ProcessPayment -> 3. DispatchShipment
// If Step 2 fails -> Trigger CompensateStock()","An Orchestrator provides a centralized state machine with clear compensation visibility, preventing cyclic event mesh deadlocks and event spaghetti.",Choreography is prohibited by ISO 20022 standards.,Orchestrator eliminates network communication between services.,Choreography consumes 100x more memory than orchestration.,A,"In complex workflows, an orchestrator coordinates transactions centrally, tracks timeouts, and invokes compensating rollbacks predictably without tangled event dependencies. (Bloom's Taxonomy Level 3: Application & Troubleshooting)."
sys-1k-0858,Transactional Outbox & CDC,hard,How does the Transactional Outbox pattern paired with Debezium CDC prevent data inconsistencies compared to dual writes?,"// Local ACID Transaction:
orderRepo.save(order);
outboxRepo.save(new OutboxEvent(""OrderCreated"", order.getId()));",The entity update and outbox record are committed atomically in the same local database transaction; Debezium streams WAL commits to Kafka with at-least-once guarantee.,It converts Kafka topics into relational database tables.,It eliminates the need for database transaction logs entirely.,It guarantees zero network latency across microservices.,A,"Dual-writes fail if the DB commit succeeds but Kafka send fails. The Outbox pattern writes to the local DB table atomically, and Debezium tails the database WAL to publish events reliably. (Bloom's Taxonomy Level 3: Application & Troubleshooting)."
sys-1k-0859,Distributed Consensus (Raft & Paxos),medium,"Under Raft consensus rules, why will a follower node refuse to vote for a candidate even if the candidate's term is higher?","// 5-Node Raft Cluster
// Node 1 initiates election with Term 4",If the candidate's log is less up-to-date (has lower last log term or shorter log length) than the follower's own log.,If the candidate's IP address is numerically higher than the follower.,If the follower has been online for more than 10 minutes.,If the candidate uses UDP packets instead of TCP.,A,"The Raft Leader Completeness invariant requires that a follower grants a vote only if the candidate's log is at least as up-to-date as the voter's own log (higher term, or same term with longer index). (Bloom's Taxonomy Level 3: Application & Troubleshooting)."
sys-1k-0860,Distributed Caching & Stampede Mitigation,easy,How does the XFetch algorithm eliminate Cache Stampede (Thundering Herd) when a hot key expires under high concurrency?,"// XFetch Algorithm:
// if ( -delta * beta * ln(random()) ) >= remaining_ttl -> trigger refresh","The probability of a background reader recalculating and updating the cache key increases asymptotically to 1.0 as TTL nears zero, refreshing the cache prior to actual expiry.",It drops all incoming traffic when the cache key reaches 0 TTL.,It locks all Redis shards to single-threaded sequential execution.,It forces the client browser to compute the database query.,A,"XFetch probabilistically triggers early refresh based on computation cost (delta) and TTL. A single reader refreshes the cache ahead of expiration, preventing massive database thundering herds. (Bloom's Taxonomy Level 3: Application & Troubleshooting)."
sys-1k-0861,Distributed Rate Limiting,hard,Why is a Redis Lua script essential for distributed rate limiting across multiple app servers?,"local key = KEYS[1]
local limit = tonumber(ARGV[1])
local current = tonumber(redis.call('get', key) or '0')
if current + 1 > limit then return 0 else redis.call('incrby', key, 1) return 1 end","Redis executes Lua scripts atomically in its single-threaded event loop, preventing Time-of-Check to Time-of-Use (TOCTOU) race conditions across concurrent servers.",Lua scripts execute inside the client's browser JavaScript engine.,Separate GET and SET commands are banned by HTTP/2.,Lua scripts store rate limit counters in CPU registers.,A,"Separate GET and SET calls allow concurrent servers to interleave commands, exceeding rate limits. Lua scripts execute atomically in Redis without race conditions. (Bloom's Taxonomy Level 3: Application & Troubleshooting)."
sys-1k-0862,Database Storage Engines & Indexing,medium,"Why do write-heavy distributed databases (Cassandra, RocksDB) utilize Log-Structured Merge-Trees instead of B-Trees?",// LSM Pipeline: Append to WAL -> Insert into MemTable -> Flush to SSTables,"LSM-Trees transform random disk writes into sequential append-only writes, maximizing disk throughput and minimizing disk write amplification.",B-Trees cannot store numeric floating point values.,LSM-Trees do not use persistent disk storage.,LSM-Trees perform random in-place updates directly on flash memory.,A,"B-Trees perform random in-place disk page updates, causing heavy write amplification. LSM-Trees append sequentially to WAL and MemTable, periodically compacting immutable SSTables. (Bloom's Taxonomy Level 3: Application & Troubleshooting)."
sys-1k-0863,Message Queues & Kafka Internals,easy,How does the Kafka Transaction Coordinator prevent zombie producers from committing split-brain transactions after a network partition?,"producer.initTransactions();
producer.beginTransaction();
producer.send(record);
producer.commitTransaction();","It increments the producer epoch for that transactional.id, causing brokers to reject any subsequent writes from the old producer instance with ProducerFencedException.",It blocks the old producer's IP address on the Linux kernel firewall.,It automatically deletes the target topic partition.,It forces all broker nodes to reboot.,A,"When a new producer instance initializes with a transactional ID, the coordinator bumps the epoch. Any late writes from the old zombie instance are rejected with ProducerFencedException. (Bloom's Taxonomy Level 3: Application & Troubleshooting)."
sys-1k-0864,Consistent Hashing & Partitioning,hard,What critical problem do Virtual Nodes solve in Consistent Hashing topologies?,"// Hash Ring: 0 to 2^32 - 1
// Physical Nodes mapped to 150 Virtual Nodes each","They prevent hot-spot data skew by distributing token positions evenly across the hash ring, ensuring uniform load distribution when nodes join or leave.",They eliminate the need for hash functions.,They reduce network bandwidth to zero.,They convert distributed hash tables into single-node in-memory lists.,A,"Without virtual nodes, a small cluster has uneven hash token distribution. Mapping each physical server to 100-200 virtual nodes creates a balanced, uniform distribution across the ring. (Bloom's Taxonomy Level 3: Application & Troubleshooting)."
sys-1k-0865,Distributed Transactions & Saga,medium,Why is Orchestrated Saga preferred over Choreographed Saga for complex distributed workflows with many microservice dependencies?,"// Order Saga Orchestrator:
// 1. ReserveStock -> 2. ProcessPayment -> 3. DispatchShipment
// If Step 2 fails -> Trigger CompensateStock()","An Orchestrator provides a centralized state machine with clear compensation visibility, preventing cyclic event mesh deadlocks and event spaghetti.",Choreography is prohibited by ISO 20022 standards.,Orchestrator eliminates network communication between services.,Choreography consumes 100x more memory than orchestration.,A,"In complex workflows, an orchestrator coordinates transactions centrally, tracks timeouts, and invokes compensating rollbacks predictably without tangled event dependencies. (Bloom's Taxonomy Level 3: Application & Troubleshooting)."
sys-1k-0866,Transactional Outbox & CDC,easy,How does the Transactional Outbox pattern paired with Debezium CDC prevent data inconsistencies compared to dual writes?,"// Local ACID Transaction:
orderRepo.save(order);
outboxRepo.save(new OutboxEvent(""OrderCreated"", order.getId()));",The entity update and outbox record are committed atomically in the same local database transaction; Debezium streams WAL commits to Kafka with at-least-once guarantee.,It converts Kafka topics into relational database tables.,It eliminates the need for database transaction logs entirely.,It guarantees zero network latency across microservices.,A,"Dual-writes fail if the DB commit succeeds but Kafka send fails. The Outbox pattern writes to the local DB table atomically, and Debezium tails the database WAL to publish events reliably. (Bloom's Taxonomy Level 3: Application & Troubleshooting)."
sys-1k-0867,Distributed Consensus (Raft & Paxos),hard,"Under Raft consensus rules, why will a follower node refuse to vote for a candidate even if the candidate's term is higher?","// 5-Node Raft Cluster
// Node 1 initiates election with Term 4",If the candidate's log is less up-to-date (has lower last log term or shorter log length) than the follower's own log.,If the candidate's IP address is numerically higher than the follower.,If the follower has been online for more than 10 minutes.,If the candidate uses UDP packets instead of TCP.,A,"The Raft Leader Completeness invariant requires that a follower grants a vote only if the candidate's log is at least as up-to-date as the voter's own log (higher term, or same term with longer index). (Bloom's Taxonomy Level 3: Application & Troubleshooting)."
sys-1k-0868,Distributed Caching & Stampede Mitigation,medium,How does the XFetch algorithm eliminate Cache Stampede (Thundering Herd) when a hot key expires under high concurrency?,"// XFetch Algorithm:
// if ( -delta * beta * ln(random()) ) >= remaining_ttl -> trigger refresh","The probability of a background reader recalculating and updating the cache key increases asymptotically to 1.0 as TTL nears zero, refreshing the cache prior to actual expiry.",It drops all incoming traffic when the cache key reaches 0 TTL.,It locks all Redis shards to single-threaded sequential execution.,It forces the client browser to compute the database query.,A,"XFetch probabilistically triggers early refresh based on computation cost (delta) and TTL. A single reader refreshes the cache ahead of expiration, preventing massive database thundering herds. (Bloom's Taxonomy Level 3: Application & Troubleshooting)."
sys-1k-0869,Distributed Rate Limiting,easy,Why is a Redis Lua script essential for distributed rate limiting across multiple app servers?,"local key = KEYS[1]
local limit = tonumber(ARGV[1])
local current = tonumber(redis.call('get', key) or '0')
if current + 1 > limit then return 0 else redis.call('incrby', key, 1) return 1 end","Redis executes Lua scripts atomically in its single-threaded event loop, preventing Time-of-Check to Time-of-Use (TOCTOU) race conditions across concurrent servers.",Lua scripts execute inside the client's browser JavaScript engine.,Separate GET and SET commands are banned by HTTP/2.,Lua scripts store rate limit counters in CPU registers.,A,"Separate GET and SET calls allow concurrent servers to interleave commands, exceeding rate limits. Lua scripts execute atomically in Redis without race conditions. (Bloom's Taxonomy Level 3: Application & Troubleshooting)."
sys-1k-0870,Database Storage Engines & Indexing,hard,"Why do write-heavy distributed databases (Cassandra, RocksDB) utilize Log-Structured Merge-Trees instead of B-Trees?",// LSM Pipeline: Append to WAL -> Insert into MemTable -> Flush to SSTables,"LSM-Trees transform random disk writes into sequential append-only writes, maximizing disk throughput and minimizing disk write amplification.",B-Trees cannot store numeric floating point values.,LSM-Trees do not use persistent disk storage.,LSM-Trees perform random in-place updates directly on flash memory.,A,"B-Trees perform random in-place disk page updates, causing heavy write amplification. LSM-Trees append sequentially to WAL and MemTable, periodically compacting immutable SSTables. (Bloom's Taxonomy Level 3: Application & Troubleshooting)."
sys-1k-0871,Message Queues & Kafka Internals,medium,How does the Kafka Transaction Coordinator prevent zombie producers from committing split-brain transactions after a network partition?,"producer.initTransactions();
producer.beginTransaction();
producer.send(record);
producer.commitTransaction();","It increments the producer epoch for that transactional.id, causing brokers to reject any subsequent writes from the old producer instance with ProducerFencedException.",It blocks the old producer's IP address on the Linux kernel firewall.,It automatically deletes the target topic partition.,It forces all broker nodes to reboot.,A,"When a new producer instance initializes with a transactional ID, the coordinator bumps the epoch. Any late writes from the old zombie instance are rejected with ProducerFencedException. (Bloom's Taxonomy Level 3: Application & Troubleshooting)."
sys-1k-0872,Consistent Hashing & Partitioning,easy,What critical problem do Virtual Nodes solve in Consistent Hashing topologies?,"// Hash Ring: 0 to 2^32 - 1
// Physical Nodes mapped to 150 Virtual Nodes each","They prevent hot-spot data skew by distributing token positions evenly across the hash ring, ensuring uniform load distribution when nodes join or leave.",They eliminate the need for hash functions.,They reduce network bandwidth to zero.,They convert distributed hash tables into single-node in-memory lists.,A,"Without virtual nodes, a small cluster has uneven hash token distribution. Mapping each physical server to 100-200 virtual nodes creates a balanced, uniform distribution across the ring. (Bloom's Taxonomy Level 3: Application & Troubleshooting)."
sys-1k-0873,Distributed Transactions & Saga,hard,Why is Orchestrated Saga preferred over Choreographed Saga for complex distributed workflows with many microservice dependencies?,"// Order Saga Orchestrator:
// 1. ReserveStock -> 2. ProcessPayment -> 3. DispatchShipment
// If Step 2 fails -> Trigger CompensateStock()","An Orchestrator provides a centralized state machine with clear compensation visibility, preventing cyclic event mesh deadlocks and event spaghetti.",Choreography is prohibited by ISO 20022 standards.,Orchestrator eliminates network communication between services.,Choreography consumes 100x more memory than orchestration.,A,"In complex workflows, an orchestrator coordinates transactions centrally, tracks timeouts, and invokes compensating rollbacks predictably without tangled event dependencies. (Bloom's Taxonomy Level 3: Application & Troubleshooting)."
sys-1k-0874,Transactional Outbox & CDC,medium,How does the Transactional Outbox pattern paired with Debezium CDC prevent data inconsistencies compared to dual writes?,"// Local ACID Transaction:
orderRepo.save(order);
outboxRepo.save(new OutboxEvent(""OrderCreated"", order.getId()));",The entity update and outbox record are committed atomically in the same local database transaction; Debezium streams WAL commits to Kafka with at-least-once guarantee.,It converts Kafka topics into relational database tables.,It eliminates the need for database transaction logs entirely.,It guarantees zero network latency across microservices.,A,"Dual-writes fail if the DB commit succeeds but Kafka send fails. The Outbox pattern writes to the local DB table atomically, and Debezium tails the database WAL to publish events reliably. (Bloom's Taxonomy Level 3: Application & Troubleshooting)."
sys-1k-0875,Distributed Consensus (Raft & Paxos),easy,"Under Raft consensus rules, why will a follower node refuse to vote for a candidate even if the candidate's term is higher?","// 5-Node Raft Cluster
// Node 1 initiates election with Term 4",If the candidate's log is less up-to-date (has lower last log term or shorter log length) than the follower's own log.,If the candidate's IP address is numerically higher than the follower.,If the follower has been online for more than 10 minutes.,If the candidate uses UDP packets instead of TCP.,A,"The Raft Leader Completeness invariant requires that a follower grants a vote only if the candidate's log is at least as up-to-date as the voter's own log (higher term, or same term with longer index). (Bloom's Taxonomy Level 3: Application & Troubleshooting)."
sys-1k-0876,Distributed Caching & Stampede Mitigation,hard,How does the XFetch algorithm eliminate Cache Stampede (Thundering Herd) when a hot key expires under high concurrency?,"// XFetch Algorithm:
// if ( -delta * beta * ln(random()) ) >= remaining_ttl -> trigger refresh","The probability of a background reader recalculating and updating the cache key increases asymptotically to 1.0 as TTL nears zero, refreshing the cache prior to actual expiry.",It drops all incoming traffic when the cache key reaches 0 TTL.,It locks all Redis shards to single-threaded sequential execution.,It forces the client browser to compute the database query.,A,"XFetch probabilistically triggers early refresh based on computation cost (delta) and TTL. A single reader refreshes the cache ahead of expiration, preventing massive database thundering herds. (Bloom's Taxonomy Level 3: Application & Troubleshooting)."
sys-1k-0877,Distributed Rate Limiting,medium,Why is a Redis Lua script essential for distributed rate limiting across multiple app servers?,"local key = KEYS[1]
local limit = tonumber(ARGV[1])
local current = tonumber(redis.call('get', key) or '0')
if current + 1 > limit then return 0 else redis.call('incrby', key, 1) return 1 end","Redis executes Lua scripts atomically in its single-threaded event loop, preventing Time-of-Check to Time-of-Use (TOCTOU) race conditions across concurrent servers.",Lua scripts execute inside the client's browser JavaScript engine.,Separate GET and SET commands are banned by HTTP/2.,Lua scripts store rate limit counters in CPU registers.,A,"Separate GET and SET calls allow concurrent servers to interleave commands, exceeding rate limits. Lua scripts execute atomically in Redis without race conditions. (Bloom's Taxonomy Level 3: Application & Troubleshooting)."
sys-1k-0878,Database Storage Engines & Indexing,easy,"Why do write-heavy distributed databases (Cassandra, RocksDB) utilize Log-Structured Merge-Trees instead of B-Trees?",// LSM Pipeline: Append to WAL -> Insert into MemTable -> Flush to SSTables,"LSM-Trees transform random disk writes into sequential append-only writes, maximizing disk throughput and minimizing disk write amplification.",B-Trees cannot store numeric floating point values.,LSM-Trees do not use persistent disk storage.,LSM-Trees perform random in-place updates directly on flash memory.,A,"B-Trees perform random in-place disk page updates, causing heavy write amplification. LSM-Trees append sequentially to WAL and MemTable, periodically compacting immutable SSTables. (Bloom's Taxonomy Level 3: Application & Troubleshooting)."
sys-1k-0879,Message Queues & Kafka Internals,hard,How does the Kafka Transaction Coordinator prevent zombie producers from committing split-brain transactions after a network partition?,"producer.initTransactions();
producer.beginTransaction();
producer.send(record);
producer.commitTransaction();","It increments the producer epoch for that transactional.id, causing brokers to reject any subsequent writes from the old producer instance with ProducerFencedException.",It blocks the old producer's IP address on the Linux kernel firewall.,It automatically deletes the target topic partition.,It forces all broker nodes to reboot.,A,"When a new producer instance initializes with a transactional ID, the coordinator bumps the epoch. Any late writes from the old zombie instance are rejected with ProducerFencedException. (Bloom's Taxonomy Level 3: Application & Troubleshooting)."
sys-1k-0880,Consistent Hashing & Partitioning,medium,What critical problem do Virtual Nodes solve in Consistent Hashing topologies?,"// Hash Ring: 0 to 2^32 - 1
// Physical Nodes mapped to 150 Virtual Nodes each","They prevent hot-spot data skew by distributing token positions evenly across the hash ring, ensuring uniform load distribution when nodes join or leave.",They eliminate the need for hash functions.,They reduce network bandwidth to zero.,They convert distributed hash tables into single-node in-memory lists.,A,"Without virtual nodes, a small cluster has uneven hash token distribution. Mapping each physical server to 100-200 virtual nodes creates a balanced, uniform distribution across the ring. (Bloom's Taxonomy Level 3: Application & Troubleshooting)."
sys-1k-0881,Distributed Transactions & Saga,easy,Why is Orchestrated Saga preferred over Choreographed Saga for complex distributed workflows with many microservice dependencies?,"// Order Saga Orchestrator:
// 1. ReserveStock -> 2. ProcessPayment -> 3. DispatchShipment
// If Step 2 fails -> Trigger CompensateStock()","An Orchestrator provides a centralized state machine with clear compensation visibility, preventing cyclic event mesh deadlocks and event spaghetti.",Choreography is prohibited by ISO 20022 standards.,Orchestrator eliminates network communication between services.,Choreography consumes 100x more memory than orchestration.,A,"In complex workflows, an orchestrator coordinates transactions centrally, tracks timeouts, and invokes compensating rollbacks predictably without tangled event dependencies. (Bloom's Taxonomy Level 3: Application & Troubleshooting)."
sys-1k-0882,Transactional Outbox & CDC,hard,How does the Transactional Outbox pattern paired with Debezium CDC prevent data inconsistencies compared to dual writes?,"// Local ACID Transaction:
orderRepo.save(order);
outboxRepo.save(new OutboxEvent(""OrderCreated"", order.getId()));",The entity update and outbox record are committed atomically in the same local database transaction; Debezium streams WAL commits to Kafka with at-least-once guarantee.,It converts Kafka topics into relational database tables.,It eliminates the need for database transaction logs entirely.,It guarantees zero network latency across microservices.,A,"Dual-writes fail if the DB commit succeeds but Kafka send fails. The Outbox pattern writes to the local DB table atomically, and Debezium tails the database WAL to publish events reliably. (Bloom's Taxonomy Level 3: Application & Troubleshooting)."
sys-1k-0883,Distributed Consensus (Raft & Paxos),medium,"Under Raft consensus rules, why will a follower node refuse to vote for a candidate even if the candidate's term is higher?","// 5-Node Raft Cluster
// Node 1 initiates election with Term 4",If the candidate's log is less up-to-date (has lower last log term or shorter log length) than the follower's own log.,If the candidate's IP address is numerically higher than the follower.,If the follower has been online for more than 10 minutes.,If the candidate uses UDP packets instead of TCP.,A,"The Raft Leader Completeness invariant requires that a follower grants a vote only if the candidate's log is at least as up-to-date as the voter's own log (higher term, or same term with longer index). (Bloom's Taxonomy Level 3: Application & Troubleshooting)."
sys-1k-0884,Distributed Caching & Stampede Mitigation,easy,How does the XFetch algorithm eliminate Cache Stampede (Thundering Herd) when a hot key expires under high concurrency?,"// XFetch Algorithm:
// if ( -delta * beta * ln(random()) ) >= remaining_ttl -> trigger refresh","The probability of a background reader recalculating and updating the cache key increases asymptotically to 1.0 as TTL nears zero, refreshing the cache prior to actual expiry.",It drops all incoming traffic when the cache key reaches 0 TTL.,It locks all Redis shards to single-threaded sequential execution.,It forces the client browser to compute the database query.,A,"XFetch probabilistically triggers early refresh based on computation cost (delta) and TTL. A single reader refreshes the cache ahead of expiration, preventing massive database thundering herds. (Bloom's Taxonomy Level 3: Application & Troubleshooting)."
sys-1k-0885,Distributed Rate Limiting,hard,Why is a Redis Lua script essential for distributed rate limiting across multiple app servers?,"local key = KEYS[1]
local limit = tonumber(ARGV[1])
local current = tonumber(redis.call('get', key) or '0')
if current + 1 > limit then return 0 else redis.call('incrby', key, 1) return 1 end","Redis executes Lua scripts atomically in its single-threaded event loop, preventing Time-of-Check to Time-of-Use (TOCTOU) race conditions across concurrent servers.",Lua scripts execute inside the client's browser JavaScript engine.,Separate GET and SET commands are banned by HTTP/2.,Lua scripts store rate limit counters in CPU registers.,A,"Separate GET and SET calls allow concurrent servers to interleave commands, exceeding rate limits. Lua scripts execute atomically in Redis without race conditions. (Bloom's Taxonomy Level 3: Application & Troubleshooting)."
sys-1k-0886,Database Storage Engines & Indexing,medium,"Why do write-heavy distributed databases (Cassandra, RocksDB) utilize Log-Structured Merge-Trees instead of B-Trees?",// LSM Pipeline: Append to WAL -> Insert into MemTable -> Flush to SSTables,"LSM-Trees transform random disk writes into sequential append-only writes, maximizing disk throughput and minimizing disk write amplification.",B-Trees cannot store numeric floating point values.,LSM-Trees do not use persistent disk storage.,LSM-Trees perform random in-place updates directly on flash memory.,A,"B-Trees perform random in-place disk page updates, causing heavy write amplification. LSM-Trees append sequentially to WAL and MemTable, periodically compacting immutable SSTables. (Bloom's Taxonomy Level 3: Application & Troubleshooting)."
sys-1k-0887,Message Queues & Kafka Internals,easy,How does the Kafka Transaction Coordinator prevent zombie producers from committing split-brain transactions after a network partition?,"producer.initTransactions();
producer.beginTransaction();
producer.send(record);
producer.commitTransaction();","It increments the producer epoch for that transactional.id, causing brokers to reject any subsequent writes from the old producer instance with ProducerFencedException.",It blocks the old producer's IP address on the Linux kernel firewall.,It automatically deletes the target topic partition.,It forces all broker nodes to reboot.,A,"When a new producer instance initializes with a transactional ID, the coordinator bumps the epoch. Any late writes from the old zombie instance are rejected with ProducerFencedException. (Bloom's Taxonomy Level 3: Application & Troubleshooting)."
sys-1k-0888,Consistent Hashing & Partitioning,hard,What critical problem do Virtual Nodes solve in Consistent Hashing topologies?,"// Hash Ring: 0 to 2^32 - 1
// Physical Nodes mapped to 150 Virtual Nodes each","They prevent hot-spot data skew by distributing token positions evenly across the hash ring, ensuring uniform load distribution when nodes join or leave.",They eliminate the need for hash functions.,They reduce network bandwidth to zero.,They convert distributed hash tables into single-node in-memory lists.,A,"Without virtual nodes, a small cluster has uneven hash token distribution. Mapping each physical server to 100-200 virtual nodes creates a balanced, uniform distribution across the ring. (Bloom's Taxonomy Level 3: Application & Troubleshooting)."
sys-1k-0889,Distributed Transactions & Saga,medium,Why is Orchestrated Saga preferred over Choreographed Saga for complex distributed workflows with many microservice dependencies?,"// Order Saga Orchestrator:
// 1. ReserveStock -> 2. ProcessPayment -> 3. DispatchShipment
// If Step 2 fails -> Trigger CompensateStock()","An Orchestrator provides a centralized state machine with clear compensation visibility, preventing cyclic event mesh deadlocks and event spaghetti.",Choreography is prohibited by ISO 20022 standards.,Orchestrator eliminates network communication between services.,Choreography consumes 100x more memory than orchestration.,A,"In complex workflows, an orchestrator coordinates transactions centrally, tracks timeouts, and invokes compensating rollbacks predictably without tangled event dependencies. (Bloom's Taxonomy Level 3: Application & Troubleshooting)."
sys-1k-0890,Transactional Outbox & CDC,easy,How does the Transactional Outbox pattern paired with Debezium CDC prevent data inconsistencies compared to dual writes?,"// Local ACID Transaction:
orderRepo.save(order);
outboxRepo.save(new OutboxEvent(""OrderCreated"", order.getId()));",The entity update and outbox record are committed atomically in the same local database transaction; Debezium streams WAL commits to Kafka with at-least-once guarantee.,It converts Kafka topics into relational database tables.,It eliminates the need for database transaction logs entirely.,It guarantees zero network latency across microservices.,A,"Dual-writes fail if the DB commit succeeds but Kafka send fails. The Outbox pattern writes to the local DB table atomically, and Debezium tails the database WAL to publish events reliably. (Bloom's Taxonomy Level 3: Application & Troubleshooting)."
sys-1k-0891,Distributed Consensus (Raft & Paxos),hard,"Under Raft consensus rules, why will a follower node refuse to vote for a candidate even if the candidate's term is higher?","// 5-Node Raft Cluster
// Node 1 initiates election with Term 4",If the candidate's log is less up-to-date (has lower last log term or shorter log length) than the follower's own log.,If the candidate's IP address is numerically higher than the follower.,If the follower has been online for more than 10 minutes.,If the candidate uses UDP packets instead of TCP.,A,"The Raft Leader Completeness invariant requires that a follower grants a vote only if the candidate's log is at least as up-to-date as the voter's own log (higher term, or same term with longer index). (Bloom's Taxonomy Level 3: Application & Troubleshooting)."
sys-1k-0892,Distributed Caching & Stampede Mitigation,medium,How does the XFetch algorithm eliminate Cache Stampede (Thundering Herd) when a hot key expires under high concurrency?,"// XFetch Algorithm:
// if ( -delta * beta * ln(random()) ) >= remaining_ttl -> trigger refresh","The probability of a background reader recalculating and updating the cache key increases asymptotically to 1.0 as TTL nears zero, refreshing the cache prior to actual expiry.",It drops all incoming traffic when the cache key reaches 0 TTL.,It locks all Redis shards to single-threaded sequential execution.,It forces the client browser to compute the database query.,A,"XFetch probabilistically triggers early refresh based on computation cost (delta) and TTL. A single reader refreshes the cache ahead of expiration, preventing massive database thundering herds. (Bloom's Taxonomy Level 3: Application & Troubleshooting)."
sys-1k-0893,Distributed Rate Limiting,easy,Why is a Redis Lua script essential for distributed rate limiting across multiple app servers?,"local key = KEYS[1]
local limit = tonumber(ARGV[1])
local current = tonumber(redis.call('get', key) or '0')
if current + 1 > limit then return 0 else redis.call('incrby', key, 1) return 1 end","Redis executes Lua scripts atomically in its single-threaded event loop, preventing Time-of-Check to Time-of-Use (TOCTOU) race conditions across concurrent servers.",Lua scripts execute inside the client's browser JavaScript engine.,Separate GET and SET commands are banned by HTTP/2.,Lua scripts store rate limit counters in CPU registers.,A,"Separate GET and SET calls allow concurrent servers to interleave commands, exceeding rate limits. Lua scripts execute atomically in Redis without race conditions. (Bloom's Taxonomy Level 3: Application & Troubleshooting)."
sys-1k-0894,Database Storage Engines & Indexing,hard,"Why do write-heavy distributed databases (Cassandra, RocksDB) utilize Log-Structured Merge-Trees instead of B-Trees?",// LSM Pipeline: Append to WAL -> Insert into MemTable -> Flush to SSTables,"LSM-Trees transform random disk writes into sequential append-only writes, maximizing disk throughput and minimizing disk write amplification.",B-Trees cannot store numeric floating point values.,LSM-Trees do not use persistent disk storage.,LSM-Trees perform random in-place updates directly on flash memory.,A,"B-Trees perform random in-place disk page updates, causing heavy write amplification. LSM-Trees append sequentially to WAL and MemTable, periodically compacting immutable SSTables. (Bloom's Taxonomy Level 3: Application & Troubleshooting)."
sys-1k-0895,Message Queues & Kafka Internals,medium,How does the Kafka Transaction Coordinator prevent zombie producers from committing split-brain transactions after a network partition?,"producer.initTransactions();
producer.beginTransaction();
producer.send(record);
producer.commitTransaction();","It increments the producer epoch for that transactional.id, causing brokers to reject any subsequent writes from the old producer instance with ProducerFencedException.",It blocks the old producer's IP address on the Linux kernel firewall.,It automatically deletes the target topic partition.,It forces all broker nodes to reboot.,A,"When a new producer instance initializes with a transactional ID, the coordinator bumps the epoch. Any late writes from the old zombie instance are rejected with ProducerFencedException. (Bloom's Taxonomy Level 3: Application & Troubleshooting)."
sys-1k-0896,Consistent Hashing & Partitioning,easy,What critical problem do Virtual Nodes solve in Consistent Hashing topologies?,"// Hash Ring: 0 to 2^32 - 1
// Physical Nodes mapped to 150 Virtual Nodes each","They prevent hot-spot data skew by distributing token positions evenly across the hash ring, ensuring uniform load distribution when nodes join or leave.",They eliminate the need for hash functions.,They reduce network bandwidth to zero.,They convert distributed hash tables into single-node in-memory lists.,A,"Without virtual nodes, a small cluster has uneven hash token distribution. Mapping each physical server to 100-200 virtual nodes creates a balanced, uniform distribution across the ring. (Bloom's Taxonomy Level 3: Application & Troubleshooting)."
sys-1k-0897,Distributed Transactions & Saga,hard,Why is Orchestrated Saga preferred over Choreographed Saga for complex distributed workflows with many microservice dependencies?,"// Order Saga Orchestrator:
// 1. ReserveStock -> 2. ProcessPayment -> 3. DispatchShipment
// If Step 2 fails -> Trigger CompensateStock()","An Orchestrator provides a centralized state machine with clear compensation visibility, preventing cyclic event mesh deadlocks and event spaghetti.",Choreography is prohibited by ISO 20022 standards.,Orchestrator eliminates network communication between services.,Choreography consumes 100x more memory than orchestration.,A,"In complex workflows, an orchestrator coordinates transactions centrally, tracks timeouts, and invokes compensating rollbacks predictably without tangled event dependencies. (Bloom's Taxonomy Level 3: Application & Troubleshooting)."
sys-1k-0898,Transactional Outbox & CDC,medium,How does the Transactional Outbox pattern paired with Debezium CDC prevent data inconsistencies compared to dual writes?,"// Local ACID Transaction:
orderRepo.save(order);
outboxRepo.save(new OutboxEvent(""OrderCreated"", order.getId()));",The entity update and outbox record are committed atomically in the same local database transaction; Debezium streams WAL commits to Kafka with at-least-once guarantee.,It converts Kafka topics into relational database tables.,It eliminates the need for database transaction logs entirely.,It guarantees zero network latency across microservices.,A,"Dual-writes fail if the DB commit succeeds but Kafka send fails. The Outbox pattern writes to the local DB table atomically, and Debezium tails the database WAL to publish events reliably. (Bloom's Taxonomy Level 3: Application & Troubleshooting)."
sys-1k-0899,Distributed Consensus (Raft & Paxos),easy,"Under Raft consensus rules, why will a follower node refuse to vote for a candidate even if the candidate's term is higher?","// 5-Node Raft Cluster
// Node 1 initiates election with Term 4",If the candidate's log is less up-to-date (has lower last log term or shorter log length) than the follower's own log.,If the candidate's IP address is numerically higher than the follower.,If the follower has been online for more than 10 minutes.,If the candidate uses UDP packets instead of TCP.,A,"The Raft Leader Completeness invariant requires that a follower grants a vote only if the candidate's log is at least as up-to-date as the voter's own log (higher term, or same term with longer index). (Bloom's Taxonomy Level 3: Application & Troubleshooting)."
sys-1k-0900,Distributed Caching & Stampede Mitigation,hard,How does the XFetch algorithm eliminate Cache Stampede (Thundering Herd) when a hot key expires under high concurrency?,"// XFetch Algorithm:
// if ( -delta * beta * ln(random()) ) >= remaining_ttl -> trigger refresh","The probability of a background reader recalculating and updating the cache key increases asymptotically to 1.0 as TTL nears zero, refreshing the cache prior to actual expiry.",It drops all incoming traffic when the cache key reaches 0 TTL.,It locks all Redis shards to single-threaded sequential execution.,It forces the client browser to compute the database query.,A,"XFetch probabilistically triggers early refresh based on computation cost (delta) and TTL. A single reader refreshes the cache ahead of expiration, preventing massive database thundering herds. (Bloom's Taxonomy Level 3: Application & Troubleshooting)."
sys-1k-0901,Distributed Rate Limiting,medium,Why is a Redis Lua script essential for distributed rate limiting across multiple app servers?,"local key = KEYS[1]
local limit = tonumber(ARGV[1])
local current = tonumber(redis.call('get', key) or '0')
if current + 1 > limit then return 0 else redis.call('incrby', key, 1) return 1 end","Redis executes Lua scripts atomically in its single-threaded event loop, preventing Time-of-Check to Time-of-Use (TOCTOU) race conditions across concurrent servers.",Lua scripts execute inside the client's browser JavaScript engine.,Separate GET and SET commands are banned by HTTP/2.,Lua scripts store rate limit counters in CPU registers.,A,"Separate GET and SET calls allow concurrent servers to interleave commands, exceeding rate limits. Lua scripts execute atomically in Redis without race conditions. (Bloom's Taxonomy Level 3: Application & Troubleshooting)."
sys-1k-0902,Database Storage Engines & Indexing,easy,"Why do write-heavy distributed databases (Cassandra, RocksDB) utilize Log-Structured Merge-Trees instead of B-Trees?",// LSM Pipeline: Append to WAL -> Insert into MemTable -> Flush to SSTables,"LSM-Trees transform random disk writes into sequential append-only writes, maximizing disk throughput and minimizing disk write amplification.",B-Trees cannot store numeric floating point values.,LSM-Trees do not use persistent disk storage.,LSM-Trees perform random in-place updates directly on flash memory.,A,"B-Trees perform random in-place disk page updates, causing heavy write amplification. LSM-Trees append sequentially to WAL and MemTable, periodically compacting immutable SSTables. (Bloom's Taxonomy Level 3: Application & Troubleshooting)."
sys-1k-0903,Message Queues & Kafka Internals,hard,How does the Kafka Transaction Coordinator prevent zombie producers from committing split-brain transactions after a network partition?,"producer.initTransactions();
producer.beginTransaction();
producer.send(record);
producer.commitTransaction();","It increments the producer epoch for that transactional.id, causing brokers to reject any subsequent writes from the old producer instance with ProducerFencedException.",It blocks the old producer's IP address on the Linux kernel firewall.,It automatically deletes the target topic partition.,It forces all broker nodes to reboot.,A,"When a new producer instance initializes with a transactional ID, the coordinator bumps the epoch. Any late writes from the old zombie instance are rejected with ProducerFencedException. (Bloom's Taxonomy Level 3: Application & Troubleshooting)."
sys-1k-0904,Consistent Hashing & Partitioning,medium,What critical problem do Virtual Nodes solve in Consistent Hashing topologies?,"// Hash Ring: 0 to 2^32 - 1
// Physical Nodes mapped to 150 Virtual Nodes each","They prevent hot-spot data skew by distributing token positions evenly across the hash ring, ensuring uniform load distribution when nodes join or leave.",They eliminate the need for hash functions.,They reduce network bandwidth to zero.,They convert distributed hash tables into single-node in-memory lists.,A,"Without virtual nodes, a small cluster has uneven hash token distribution. Mapping each physical server to 100-200 virtual nodes creates a balanced, uniform distribution across the ring. (Bloom's Taxonomy Level 3: Application & Troubleshooting)."
sys-1k-0905,Distributed Transactions & Saga,easy,Why is Orchestrated Saga preferred over Choreographed Saga for complex distributed workflows with many microservice dependencies?,"// Order Saga Orchestrator:
// 1. ReserveStock -> 2. ProcessPayment -> 3. DispatchShipment
// If Step 2 fails -> Trigger CompensateStock()","An Orchestrator provides a centralized state machine with clear compensation visibility, preventing cyclic event mesh deadlocks and event spaghetti.",Choreography is prohibited by ISO 20022 standards.,Orchestrator eliminates network communication between services.,Choreography consumes 100x more memory than orchestration.,A,"In complex workflows, an orchestrator coordinates transactions centrally, tracks timeouts, and invokes compensating rollbacks predictably without tangled event dependencies. (Bloom's Taxonomy Level 3: Application & Troubleshooting)."
sys-1k-0906,Transactional Outbox & CDC,hard,How does the Transactional Outbox pattern paired with Debezium CDC prevent data inconsistencies compared to dual writes?,"// Local ACID Transaction:
orderRepo.save(order);
outboxRepo.save(new OutboxEvent(""OrderCreated"", order.getId()));",The entity update and outbox record are committed atomically in the same local database transaction; Debezium streams WAL commits to Kafka with at-least-once guarantee.,It converts Kafka topics into relational database tables.,It eliminates the need for database transaction logs entirely.,It guarantees zero network latency across microservices.,A,"Dual-writes fail if the DB commit succeeds but Kafka send fails. The Outbox pattern writes to the local DB table atomically, and Debezium tails the database WAL to publish events reliably. (Bloom's Taxonomy Level 3: Application & Troubleshooting)."
sys-1k-0907,Distributed Consensus (Raft & Paxos),medium,"Under Raft consensus rules, why will a follower node refuse to vote for a candidate even if the candidate's term is higher?","// 5-Node Raft Cluster
// Node 1 initiates election with Term 4",If the candidate's log is less up-to-date (has lower last log term or shorter log length) than the follower's own log.,If the candidate's IP address is numerically higher than the follower.,If the follower has been online for more than 10 minutes.,If the candidate uses UDP packets instead of TCP.,A,"The Raft Leader Completeness invariant requires that a follower grants a vote only if the candidate's log is at least as up-to-date as the voter's own log (higher term, or same term with longer index). (Bloom's Taxonomy Level 3: Application & Troubleshooting)."
sys-1k-0908,Distributed Caching & Stampede Mitigation,easy,How does the XFetch algorithm eliminate Cache Stampede (Thundering Herd) when a hot key expires under high concurrency?,"// XFetch Algorithm:
// if ( -delta * beta * ln(random()) ) >= remaining_ttl -> trigger refresh","The probability of a background reader recalculating and updating the cache key increases asymptotically to 1.0 as TTL nears zero, refreshing the cache prior to actual expiry.",It drops all incoming traffic when the cache key reaches 0 TTL.,It locks all Redis shards to single-threaded sequential execution.,It forces the client browser to compute the database query.,A,"XFetch probabilistically triggers early refresh based on computation cost (delta) and TTL. A single reader refreshes the cache ahead of expiration, preventing massive database thundering herds. (Bloom's Taxonomy Level 3: Application & Troubleshooting)."
sys-1k-0909,Distributed Rate Limiting,hard,Why is a Redis Lua script essential for distributed rate limiting across multiple app servers?,"local key = KEYS[1]
local limit = tonumber(ARGV[1])
local current = tonumber(redis.call('get', key) or '0')
if current + 1 > limit then return 0 else redis.call('incrby', key, 1) return 1 end","Redis executes Lua scripts atomically in its single-threaded event loop, preventing Time-of-Check to Time-of-Use (TOCTOU) race conditions across concurrent servers.",Lua scripts execute inside the client's browser JavaScript engine.,Separate GET and SET commands are banned by HTTP/2.,Lua scripts store rate limit counters in CPU registers.,A,"Separate GET and SET calls allow concurrent servers to interleave commands, exceeding rate limits. Lua scripts execute atomically in Redis without race conditions. (Bloom's Taxonomy Level 3: Application & Troubleshooting)."
sys-1k-0910,Database Storage Engines & Indexing,medium,"Why do write-heavy distributed databases (Cassandra, RocksDB) utilize Log-Structured Merge-Trees instead of B-Trees?",// LSM Pipeline: Append to WAL -> Insert into MemTable -> Flush to SSTables,"LSM-Trees transform random disk writes into sequential append-only writes, maximizing disk throughput and minimizing disk write amplification.",B-Trees cannot store numeric floating point values.,LSM-Trees do not use persistent disk storage.,LSM-Trees perform random in-place updates directly on flash memory.,A,"B-Trees perform random in-place disk page updates, causing heavy write amplification. LSM-Trees append sequentially to WAL and MemTable, periodically compacting immutable SSTables. (Bloom's Taxonomy Level 3: Application & Troubleshooting)."
sys-1k-0911,Message Queues & Kafka Internals,easy,How does the Kafka Transaction Coordinator prevent zombie producers from committing split-brain transactions after a network partition?,"producer.initTransactions();
producer.beginTransaction();
producer.send(record);
producer.commitTransaction();","It increments the producer epoch for that transactional.id, causing brokers to reject any subsequent writes from the old producer instance with ProducerFencedException.",It blocks the old producer's IP address on the Linux kernel firewall.,It automatically deletes the target topic partition.,It forces all broker nodes to reboot.,A,"When a new producer instance initializes with a transactional ID, the coordinator bumps the epoch. Any late writes from the old zombie instance are rejected with ProducerFencedException. (Bloom's Taxonomy Level 3: Application & Troubleshooting)."
sys-1k-0912,Consistent Hashing & Partitioning,hard,What critical problem do Virtual Nodes solve in Consistent Hashing topologies?,"// Hash Ring: 0 to 2^32 - 1
// Physical Nodes mapped to 150 Virtual Nodes each","They prevent hot-spot data skew by distributing token positions evenly across the hash ring, ensuring uniform load distribution when nodes join or leave.",They eliminate the need for hash functions.,They reduce network bandwidth to zero.,They convert distributed hash tables into single-node in-memory lists.,A,"Without virtual nodes, a small cluster has uneven hash token distribution. Mapping each physical server to 100-200 virtual nodes creates a balanced, uniform distribution across the ring. (Bloom's Taxonomy Level 3: Application & Troubleshooting)."
sys-1k-0913,Distributed Transactions & Saga,medium,Why is Orchestrated Saga preferred over Choreographed Saga for complex distributed workflows with many microservice dependencies?,"// Order Saga Orchestrator:
// 1. ReserveStock -> 2. ProcessPayment -> 3. DispatchShipment
// If Step 2 fails -> Trigger CompensateStock()","An Orchestrator provides a centralized state machine with clear compensation visibility, preventing cyclic event mesh deadlocks and event spaghetti.",Choreography is prohibited by ISO 20022 standards.,Orchestrator eliminates network communication between services.,Choreography consumes 100x more memory than orchestration.,A,"In complex workflows, an orchestrator coordinates transactions centrally, tracks timeouts, and invokes compensating rollbacks predictably without tangled event dependencies. (Bloom's Taxonomy Level 3: Application & Troubleshooting)."
sys-1k-0914,Transactional Outbox & CDC,easy,How does the Transactional Outbox pattern paired with Debezium CDC prevent data inconsistencies compared to dual writes?,"// Local ACID Transaction:
orderRepo.save(order);
outboxRepo.save(new OutboxEvent(""OrderCreated"", order.getId()));",The entity update and outbox record are committed atomically in the same local database transaction; Debezium streams WAL commits to Kafka with at-least-once guarantee.,It converts Kafka topics into relational database tables.,It eliminates the need for database transaction logs entirely.,It guarantees zero network latency across microservices.,A,"Dual-writes fail if the DB commit succeeds but Kafka send fails. The Outbox pattern writes to the local DB table atomically, and Debezium tails the database WAL to publish events reliably. (Bloom's Taxonomy Level 3: Application & Troubleshooting)."
sys-1k-0915,Distributed Consensus (Raft & Paxos),hard,"Under Raft consensus rules, why will a follower node refuse to vote for a candidate even if the candidate's term is higher?","// 5-Node Raft Cluster
// Node 1 initiates election with Term 4",If the candidate's log is less up-to-date (has lower last log term or shorter log length) than the follower's own log.,If the candidate's IP address is numerically higher than the follower.,If the follower has been online for more than 10 minutes.,If the candidate uses UDP packets instead of TCP.,A,"The Raft Leader Completeness invariant requires that a follower grants a vote only if the candidate's log is at least as up-to-date as the voter's own log (higher term, or same term with longer index). (Bloom's Taxonomy Level 3: Application & Troubleshooting)."
sys-1k-0916,Distributed Caching & Stampede Mitigation,medium,How does the XFetch algorithm eliminate Cache Stampede (Thundering Herd) when a hot key expires under high concurrency?,"// XFetch Algorithm:
// if ( -delta * beta * ln(random()) ) >= remaining_ttl -> trigger refresh","The probability of a background reader recalculating and updating the cache key increases asymptotically to 1.0 as TTL nears zero, refreshing the cache prior to actual expiry.",It drops all incoming traffic when the cache key reaches 0 TTL.,It locks all Redis shards to single-threaded sequential execution.,It forces the client browser to compute the database query.,A,"XFetch probabilistically triggers early refresh based on computation cost (delta) and TTL. A single reader refreshes the cache ahead of expiration, preventing massive database thundering herds. (Bloom's Taxonomy Level 3: Application & Troubleshooting)."
sys-1k-0917,Distributed Rate Limiting,easy,Why is a Redis Lua script essential for distributed rate limiting across multiple app servers?,"local key = KEYS[1]
local limit = tonumber(ARGV[1])
local current = tonumber(redis.call('get', key) or '0')
if current + 1 > limit then return 0 else redis.call('incrby', key, 1) return 1 end","Redis executes Lua scripts atomically in its single-threaded event loop, preventing Time-of-Check to Time-of-Use (TOCTOU) race conditions across concurrent servers.",Lua scripts execute inside the client's browser JavaScript engine.,Separate GET and SET commands are banned by HTTP/2.,Lua scripts store rate limit counters in CPU registers.,A,"Separate GET and SET calls allow concurrent servers to interleave commands, exceeding rate limits. Lua scripts execute atomically in Redis without race conditions. (Bloom's Taxonomy Level 3: Application & Troubleshooting)."
sys-1k-0918,Database Storage Engines & Indexing,hard,"Why do write-heavy distributed databases (Cassandra, RocksDB) utilize Log-Structured Merge-Trees instead of B-Trees?",// LSM Pipeline: Append to WAL -> Insert into MemTable -> Flush to SSTables,"LSM-Trees transform random disk writes into sequential append-only writes, maximizing disk throughput and minimizing disk write amplification.",B-Trees cannot store numeric floating point values.,LSM-Trees do not use persistent disk storage.,LSM-Trees perform random in-place updates directly on flash memory.,A,"B-Trees perform random in-place disk page updates, causing heavy write amplification. LSM-Trees append sequentially to WAL and MemTable, periodically compacting immutable SSTables. (Bloom's Taxonomy Level 3: Application & Troubleshooting)."
sys-1k-0919,Message Queues & Kafka Internals,medium,How does the Kafka Transaction Coordinator prevent zombie producers from committing split-brain transactions after a network partition?,"producer.initTransactions();
producer.beginTransaction();
producer.send(record);
producer.commitTransaction();","It increments the producer epoch for that transactional.id, causing brokers to reject any subsequent writes from the old producer instance with ProducerFencedException.",It blocks the old producer's IP address on the Linux kernel firewall.,It automatically deletes the target topic partition.,It forces all broker nodes to reboot.,A,"When a new producer instance initializes with a transactional ID, the coordinator bumps the epoch. Any late writes from the old zombie instance are rejected with ProducerFencedException. (Bloom's Taxonomy Level 3: Application & Troubleshooting)."
sys-1k-0920,Consistent Hashing & Partitioning,easy,What critical problem do Virtual Nodes solve in Consistent Hashing topologies?,"// Hash Ring: 0 to 2^32 - 1
// Physical Nodes mapped to 150 Virtual Nodes each","They prevent hot-spot data skew by distributing token positions evenly across the hash ring, ensuring uniform load distribution when nodes join or leave.",They eliminate the need for hash functions.,They reduce network bandwidth to zero.,They convert distributed hash tables into single-node in-memory lists.,A,"Without virtual nodes, a small cluster has uneven hash token distribution. Mapping each physical server to 100-200 virtual nodes creates a balanced, uniform distribution across the ring. (Bloom's Taxonomy Level 3: Application & Troubleshooting)."
sys-1k-0921,Distributed Transactions & Saga,hard,Why is Orchestrated Saga preferred over Choreographed Saga for complex distributed workflows with many microservice dependencies?,"// Order Saga Orchestrator:
// 1. ReserveStock -> 2. ProcessPayment -> 3. DispatchShipment
// If Step 2 fails -> Trigger CompensateStock()","An Orchestrator provides a centralized state machine with clear compensation visibility, preventing cyclic event mesh deadlocks and event spaghetti.",Choreography is prohibited by ISO 20022 standards.,Orchestrator eliminates network communication between services.,Choreography consumes 100x more memory than orchestration.,A,"In complex workflows, an orchestrator coordinates transactions centrally, tracks timeouts, and invokes compensating rollbacks predictably without tangled event dependencies. (Bloom's Taxonomy Level 3: Application & Troubleshooting)."
sys-1k-0922,Transactional Outbox & CDC,medium,How does the Transactional Outbox pattern paired with Debezium CDC prevent data inconsistencies compared to dual writes?,"// Local ACID Transaction:
orderRepo.save(order);
outboxRepo.save(new OutboxEvent(""OrderCreated"", order.getId()));",The entity update and outbox record are committed atomically in the same local database transaction; Debezium streams WAL commits to Kafka with at-least-once guarantee.,It converts Kafka topics into relational database tables.,It eliminates the need for database transaction logs entirely.,It guarantees zero network latency across microservices.,A,"Dual-writes fail if the DB commit succeeds but Kafka send fails. The Outbox pattern writes to the local DB table atomically, and Debezium tails the database WAL to publish events reliably. (Bloom's Taxonomy Level 3: Application & Troubleshooting)."
sys-1k-0923,Distributed Consensus (Raft & Paxos),easy,"Under Raft consensus rules, why will a follower node refuse to vote for a candidate even if the candidate's term is higher?","// 5-Node Raft Cluster
// Node 1 initiates election with Term 4",If the candidate's log is less up-to-date (has lower last log term or shorter log length) than the follower's own log.,If the candidate's IP address is numerically higher than the follower.,If the follower has been online for more than 10 minutes.,If the candidate uses UDP packets instead of TCP.,A,"The Raft Leader Completeness invariant requires that a follower grants a vote only if the candidate's log is at least as up-to-date as the voter's own log (higher term, or same term with longer index). (Bloom's Taxonomy Level 3: Application & Troubleshooting)."
sys-1k-0924,Distributed Caching & Stampede Mitigation,hard,How does the XFetch algorithm eliminate Cache Stampede (Thundering Herd) when a hot key expires under high concurrency?,"// XFetch Algorithm:
// if ( -delta * beta * ln(random()) ) >= remaining_ttl -> trigger refresh","The probability of a background reader recalculating and updating the cache key increases asymptotically to 1.0 as TTL nears zero, refreshing the cache prior to actual expiry.",It drops all incoming traffic when the cache key reaches 0 TTL.,It locks all Redis shards to single-threaded sequential execution.,It forces the client browser to compute the database query.,A,"XFetch probabilistically triggers early refresh based on computation cost (delta) and TTL. A single reader refreshes the cache ahead of expiration, preventing massive database thundering herds. (Bloom's Taxonomy Level 3: Application & Troubleshooting)."
sys-1k-0925,Distributed Rate Limiting,medium,Why is a Redis Lua script essential for distributed rate limiting across multiple app servers?,"local key = KEYS[1]
local limit = tonumber(ARGV[1])
local current = tonumber(redis.call('get', key) or '0')
if current + 1 > limit then return 0 else redis.call('incrby', key, 1) return 1 end","Redis executes Lua scripts atomically in its single-threaded event loop, preventing Time-of-Check to Time-of-Use (TOCTOU) race conditions across concurrent servers.",Lua scripts execute inside the client's browser JavaScript engine.,Separate GET and SET commands are banned by HTTP/2.,Lua scripts store rate limit counters in CPU registers.,A,"Separate GET and SET calls allow concurrent servers to interleave commands, exceeding rate limits. Lua scripts execute atomically in Redis without race conditions. (Bloom's Taxonomy Level 3: Application & Troubleshooting)."
sys-1k-0926,Database Storage Engines & Indexing,easy,"Why do write-heavy distributed databases (Cassandra, RocksDB) utilize Log-Structured Merge-Trees instead of B-Trees?",// LSM Pipeline: Append to WAL -> Insert into MemTable -> Flush to SSTables,"LSM-Trees transform random disk writes into sequential append-only writes, maximizing disk throughput and minimizing disk write amplification.",B-Trees cannot store numeric floating point values.,LSM-Trees do not use persistent disk storage.,LSM-Trees perform random in-place updates directly on flash memory.,A,"B-Trees perform random in-place disk page updates, causing heavy write amplification. LSM-Trees append sequentially to WAL and MemTable, periodically compacting immutable SSTables. (Bloom's Taxonomy Level 3: Application & Troubleshooting)."
sys-1k-0927,Message Queues & Kafka Internals,hard,How does the Kafka Transaction Coordinator prevent zombie producers from committing split-brain transactions after a network partition?,"producer.initTransactions();
producer.beginTransaction();
producer.send(record);
producer.commitTransaction();","It increments the producer epoch for that transactional.id, causing brokers to reject any subsequent writes from the old producer instance with ProducerFencedException.",It blocks the old producer's IP address on the Linux kernel firewall.,It automatically deletes the target topic partition.,It forces all broker nodes to reboot.,A,"When a new producer instance initializes with a transactional ID, the coordinator bumps the epoch. Any late writes from the old zombie instance are rejected with ProducerFencedException. (Bloom's Taxonomy Level 3: Application & Troubleshooting)."
sys-1k-0928,Consistent Hashing & Partitioning,medium,What critical problem do Virtual Nodes solve in Consistent Hashing topologies?,"// Hash Ring: 0 to 2^32 - 1
// Physical Nodes mapped to 150 Virtual Nodes each","They prevent hot-spot data skew by distributing token positions evenly across the hash ring, ensuring uniform load distribution when nodes join or leave.",They eliminate the need for hash functions.,They reduce network bandwidth to zero.,They convert distributed hash tables into single-node in-memory lists.,A,"Without virtual nodes, a small cluster has uneven hash token distribution. Mapping each physical server to 100-200 virtual nodes creates a balanced, uniform distribution across the ring. (Bloom's Taxonomy Level 3: Application & Troubleshooting)."
sys-1k-0929,Distributed Transactions & Saga,easy,Why is Orchestrated Saga preferred over Choreographed Saga for complex distributed workflows with many microservice dependencies?,"// Order Saga Orchestrator:
// 1. ReserveStock -> 2. ProcessPayment -> 3. DispatchShipment
// If Step 2 fails -> Trigger CompensateStock()","An Orchestrator provides a centralized state machine with clear compensation visibility, preventing cyclic event mesh deadlocks and event spaghetti.",Choreography is prohibited by ISO 20022 standards.,Orchestrator eliminates network communication between services.,Choreography consumes 100x more memory than orchestration.,A,"In complex workflows, an orchestrator coordinates transactions centrally, tracks timeouts, and invokes compensating rollbacks predictably without tangled event dependencies. (Bloom's Taxonomy Level 3: Application & Troubleshooting)."
sys-1k-0930,Transactional Outbox & CDC,hard,How does the Transactional Outbox pattern paired with Debezium CDC prevent data inconsistencies compared to dual writes?,"// Local ACID Transaction:
orderRepo.save(order);
outboxRepo.save(new OutboxEvent(""OrderCreated"", order.getId()));",The entity update and outbox record are committed atomically in the same local database transaction; Debezium streams WAL commits to Kafka with at-least-once guarantee.,It converts Kafka topics into relational database tables.,It eliminates the need for database transaction logs entirely.,It guarantees zero network latency across microservices.,A,"Dual-writes fail if the DB commit succeeds but Kafka send fails. The Outbox pattern writes to the local DB table atomically, and Debezium tails the database WAL to publish events reliably. (Bloom's Taxonomy Level 3: Application & Troubleshooting)."
sys-1k-0931,Distributed Consensus (Raft & Paxos),medium,"Under Raft consensus rules, why will a follower node refuse to vote for a candidate even if the candidate's term is higher?","// 5-Node Raft Cluster
// Node 1 initiates election with Term 4",If the candidate's log is less up-to-date (has lower last log term or shorter log length) than the follower's own log.,If the candidate's IP address is numerically higher than the follower.,If the follower has been online for more than 10 minutes.,If the candidate uses UDP packets instead of TCP.,A,"The Raft Leader Completeness invariant requires that a follower grants a vote only if the candidate's log is at least as up-to-date as the voter's own log (higher term, or same term with longer index). (Bloom's Taxonomy Level 3: Application & Troubleshooting)."
sys-1k-0932,Distributed Caching & Stampede Mitigation,easy,How does the XFetch algorithm eliminate Cache Stampede (Thundering Herd) when a hot key expires under high concurrency?,"// XFetch Algorithm:
// if ( -delta * beta * ln(random()) ) >= remaining_ttl -> trigger refresh","The probability of a background reader recalculating and updating the cache key increases asymptotically to 1.0 as TTL nears zero, refreshing the cache prior to actual expiry.",It drops all incoming traffic when the cache key reaches 0 TTL.,It locks all Redis shards to single-threaded sequential execution.,It forces the client browser to compute the database query.,A,"XFetch probabilistically triggers early refresh based on computation cost (delta) and TTL. A single reader refreshes the cache ahead of expiration, preventing massive database thundering herds. (Bloom's Taxonomy Level 3: Application & Troubleshooting)."
sys-1k-0933,Distributed Rate Limiting,hard,Why is a Redis Lua script essential for distributed rate limiting across multiple app servers?,"local key = KEYS[1]
local limit = tonumber(ARGV[1])
local current = tonumber(redis.call('get', key) or '0')
if current + 1 > limit then return 0 else redis.call('incrby', key, 1) return 1 end","Redis executes Lua scripts atomically in its single-threaded event loop, preventing Time-of-Check to Time-of-Use (TOCTOU) race conditions across concurrent servers.",Lua scripts execute inside the client's browser JavaScript engine.,Separate GET and SET commands are banned by HTTP/2.,Lua scripts store rate limit counters in CPU registers.,A,"Separate GET and SET calls allow concurrent servers to interleave commands, exceeding rate limits. Lua scripts execute atomically in Redis without race conditions. (Bloom's Taxonomy Level 3: Application & Troubleshooting)."
sys-1k-0934,Database Storage Engines & Indexing,medium,"Why do write-heavy distributed databases (Cassandra, RocksDB) utilize Log-Structured Merge-Trees instead of B-Trees?",// LSM Pipeline: Append to WAL -> Insert into MemTable -> Flush to SSTables,"LSM-Trees transform random disk writes into sequential append-only writes, maximizing disk throughput and minimizing disk write amplification.",B-Trees cannot store numeric floating point values.,LSM-Trees do not use persistent disk storage.,LSM-Trees perform random in-place updates directly on flash memory.,A,"B-Trees perform random in-place disk page updates, causing heavy write amplification. LSM-Trees append sequentially to WAL and MemTable, periodically compacting immutable SSTables. (Bloom's Taxonomy Level 3: Application & Troubleshooting)."
sys-1k-0935,Message Queues & Kafka Internals,easy,How does the Kafka Transaction Coordinator prevent zombie producers from committing split-brain transactions after a network partition?,"producer.initTransactions();
producer.beginTransaction();
producer.send(record);
producer.commitTransaction();","It increments the producer epoch for that transactional.id, causing brokers to reject any subsequent writes from the old producer instance with ProducerFencedException.",It blocks the old producer's IP address on the Linux kernel firewall.,It automatically deletes the target topic partition.,It forces all broker nodes to reboot.,A,"When a new producer instance initializes with a transactional ID, the coordinator bumps the epoch. Any late writes from the old zombie instance are rejected with ProducerFencedException. (Bloom's Taxonomy Level 3: Application & Troubleshooting)."
sys-1k-0936,Consistent Hashing & Partitioning,hard,What critical problem do Virtual Nodes solve in Consistent Hashing topologies?,"// Hash Ring: 0 to 2^32 - 1
// Physical Nodes mapped to 150 Virtual Nodes each","They prevent hot-spot data skew by distributing token positions evenly across the hash ring, ensuring uniform load distribution when nodes join or leave.",They eliminate the need for hash functions.,They reduce network bandwidth to zero.,They convert distributed hash tables into single-node in-memory lists.,A,"Without virtual nodes, a small cluster has uneven hash token distribution. Mapping each physical server to 100-200 virtual nodes creates a balanced, uniform distribution across the ring. (Bloom's Taxonomy Level 3: Application & Troubleshooting)."
sys-1k-0937,Distributed Transactions & Saga,medium,Why is Orchestrated Saga preferred over Choreographed Saga for complex distributed workflows with many microservice dependencies?,"// Order Saga Orchestrator:
// 1. ReserveStock -> 2. ProcessPayment -> 3. DispatchShipment
// If Step 2 fails -> Trigger CompensateStock()","An Orchestrator provides a centralized state machine with clear compensation visibility, preventing cyclic event mesh deadlocks and event spaghetti.",Choreography is prohibited by ISO 20022 standards.,Orchestrator eliminates network communication between services.,Choreography consumes 100x more memory than orchestration.,A,"In complex workflows, an orchestrator coordinates transactions centrally, tracks timeouts, and invokes compensating rollbacks predictably without tangled event dependencies. (Bloom's Taxonomy Level 3: Application & Troubleshooting)."
sys-1k-0938,Transactional Outbox & CDC,easy,How does the Transactional Outbox pattern paired with Debezium CDC prevent data inconsistencies compared to dual writes?,"// Local ACID Transaction:
orderRepo.save(order);
outboxRepo.save(new OutboxEvent(""OrderCreated"", order.getId()));",The entity update and outbox record are committed atomically in the same local database transaction; Debezium streams WAL commits to Kafka with at-least-once guarantee.,It converts Kafka topics into relational database tables.,It eliminates the need for database transaction logs entirely.,It guarantees zero network latency across microservices.,A,"Dual-writes fail if the DB commit succeeds but Kafka send fails. The Outbox pattern writes to the local DB table atomically, and Debezium tails the database WAL to publish events reliably. (Bloom's Taxonomy Level 3: Application & Troubleshooting)."
sys-1k-0939,Distributed Consensus (Raft & Paxos),hard,"Under Raft consensus rules, why will a follower node refuse to vote for a candidate even if the candidate's term is higher?","// 5-Node Raft Cluster
// Node 1 initiates election with Term 4",If the candidate's log is less up-to-date (has lower last log term or shorter log length) than the follower's own log.,If the candidate's IP address is numerically higher than the follower.,If the follower has been online for more than 10 minutes.,If the candidate uses UDP packets instead of TCP.,A,"The Raft Leader Completeness invariant requires that a follower grants a vote only if the candidate's log is at least as up-to-date as the voter's own log (higher term, or same term with longer index). (Bloom's Taxonomy Level 3: Application & Troubleshooting)."
sys-1k-0940,Distributed Caching & Stampede Mitigation,medium,How does the XFetch algorithm eliminate Cache Stampede (Thundering Herd) when a hot key expires under high concurrency?,"// XFetch Algorithm:
// if ( -delta * beta * ln(random()) ) >= remaining_ttl -> trigger refresh","The probability of a background reader recalculating and updating the cache key increases asymptotically to 1.0 as TTL nears zero, refreshing the cache prior to actual expiry.",It drops all incoming traffic when the cache key reaches 0 TTL.,It locks all Redis shards to single-threaded sequential execution.,It forces the client browser to compute the database query.,A,"XFetch probabilistically triggers early refresh based on computation cost (delta) and TTL. A single reader refreshes the cache ahead of expiration, preventing massive database thundering herds. (Bloom's Taxonomy Level 3: Application & Troubleshooting)."
sys-1k-0941,Distributed Rate Limiting,easy,Why is a Redis Lua script essential for distributed rate limiting across multiple app servers?,"local key = KEYS[1]
local limit = tonumber(ARGV[1])
local current = tonumber(redis.call('get', key) or '0')
if current + 1 > limit then return 0 else redis.call('incrby', key, 1) return 1 end","Redis executes Lua scripts atomically in its single-threaded event loop, preventing Time-of-Check to Time-of-Use (TOCTOU) race conditions across concurrent servers.",Lua scripts execute inside the client's browser JavaScript engine.,Separate GET and SET commands are banned by HTTP/2.,Lua scripts store rate limit counters in CPU registers.,A,"Separate GET and SET calls allow concurrent servers to interleave commands, exceeding rate limits. Lua scripts execute atomically in Redis without race conditions. (Bloom's Taxonomy Level 3: Application & Troubleshooting)."
sys-1k-0942,Database Storage Engines & Indexing,hard,"Why do write-heavy distributed databases (Cassandra, RocksDB) utilize Log-Structured Merge-Trees instead of B-Trees?",// LSM Pipeline: Append to WAL -> Insert into MemTable -> Flush to SSTables,"LSM-Trees transform random disk writes into sequential append-only writes, maximizing disk throughput and minimizing disk write amplification.",B-Trees cannot store numeric floating point values.,LSM-Trees do not use persistent disk storage.,LSM-Trees perform random in-place updates directly on flash memory.,A,"B-Trees perform random in-place disk page updates, causing heavy write amplification. LSM-Trees append sequentially to WAL and MemTable, periodically compacting immutable SSTables. (Bloom's Taxonomy Level 3: Application & Troubleshooting)."
sys-1k-0943,Message Queues & Kafka Internals,medium,How does the Kafka Transaction Coordinator prevent zombie producers from committing split-brain transactions after a network partition?,"producer.initTransactions();
producer.beginTransaction();
producer.send(record);
producer.commitTransaction();","It increments the producer epoch for that transactional.id, causing brokers to reject any subsequent writes from the old producer instance with ProducerFencedException.",It blocks the old producer's IP address on the Linux kernel firewall.,It automatically deletes the target topic partition.,It forces all broker nodes to reboot.,A,"When a new producer instance initializes with a transactional ID, the coordinator bumps the epoch. Any late writes from the old zombie instance are rejected with ProducerFencedException. (Bloom's Taxonomy Level 3: Application & Troubleshooting)."
sys-1k-0944,Consistent Hashing & Partitioning,easy,What critical problem do Virtual Nodes solve in Consistent Hashing topologies?,"// Hash Ring: 0 to 2^32 - 1
// Physical Nodes mapped to 150 Virtual Nodes each","They prevent hot-spot data skew by distributing token positions evenly across the hash ring, ensuring uniform load distribution when nodes join or leave.",They eliminate the need for hash functions.,They reduce network bandwidth to zero.,They convert distributed hash tables into single-node in-memory lists.,A,"Without virtual nodes, a small cluster has uneven hash token distribution. Mapping each physical server to 100-200 virtual nodes creates a balanced, uniform distribution across the ring. (Bloom's Taxonomy Level 3: Application & Troubleshooting)."
sys-1k-0945,Distributed Transactions & Saga,hard,Why is Orchestrated Saga preferred over Choreographed Saga for complex distributed workflows with many microservice dependencies?,"// Order Saga Orchestrator:
// 1. ReserveStock -> 2. ProcessPayment -> 3. DispatchShipment
// If Step 2 fails -> Trigger CompensateStock()","An Orchestrator provides a centralized state machine with clear compensation visibility, preventing cyclic event mesh deadlocks and event spaghetti.",Choreography is prohibited by ISO 20022 standards.,Orchestrator eliminates network communication between services.,Choreography consumes 100x more memory than orchestration.,A,"In complex workflows, an orchestrator coordinates transactions centrally, tracks timeouts, and invokes compensating rollbacks predictably without tangled event dependencies. (Bloom's Taxonomy Level 3: Application & Troubleshooting)."
sys-1k-0946,Transactional Outbox & CDC,medium,How does the Transactional Outbox pattern paired with Debezium CDC prevent data inconsistencies compared to dual writes?,"// Local ACID Transaction:
orderRepo.save(order);
outboxRepo.save(new OutboxEvent(""OrderCreated"", order.getId()));",The entity update and outbox record are committed atomically in the same local database transaction; Debezium streams WAL commits to Kafka with at-least-once guarantee.,It converts Kafka topics into relational database tables.,It eliminates the need for database transaction logs entirely.,It guarantees zero network latency across microservices.,A,"Dual-writes fail if the DB commit succeeds but Kafka send fails. The Outbox pattern writes to the local DB table atomically, and Debezium tails the database WAL to publish events reliably. (Bloom's Taxonomy Level 3: Application & Troubleshooting)."
sys-1k-0947,Distributed Consensus (Raft & Paxos),easy,"Under Raft consensus rules, why will a follower node refuse to vote for a candidate even if the candidate's term is higher?","// 5-Node Raft Cluster
// Node 1 initiates election with Term 4",If the candidate's log is less up-to-date (has lower last log term or shorter log length) than the follower's own log.,If the candidate's IP address is numerically higher than the follower.,If the follower has been online for more than 10 minutes.,If the candidate uses UDP packets instead of TCP.,A,"The Raft Leader Completeness invariant requires that a follower grants a vote only if the candidate's log is at least as up-to-date as the voter's own log (higher term, or same term with longer index). (Bloom's Taxonomy Level 3: Application & Troubleshooting)."
sys-1k-0948,Distributed Caching & Stampede Mitigation,hard,How does the XFetch algorithm eliminate Cache Stampede (Thundering Herd) when a hot key expires under high concurrency?,"// XFetch Algorithm:
// if ( -delta * beta * ln(random()) ) >= remaining_ttl -> trigger refresh","The probability of a background reader recalculating and updating the cache key increases asymptotically to 1.0 as TTL nears zero, refreshing the cache prior to actual expiry.",It drops all incoming traffic when the cache key reaches 0 TTL.,It locks all Redis shards to single-threaded sequential execution.,It forces the client browser to compute the database query.,A,"XFetch probabilistically triggers early refresh based on computation cost (delta) and TTL. A single reader refreshes the cache ahead of expiration, preventing massive database thundering herds. (Bloom's Taxonomy Level 3: Application & Troubleshooting)."
sys-1k-0949,Distributed Rate Limiting,medium,Why is a Redis Lua script essential for distributed rate limiting across multiple app servers?,"local key = KEYS[1]
local limit = tonumber(ARGV[1])
local current = tonumber(redis.call('get', key) or '0')
if current + 1 > limit then return 0 else redis.call('incrby', key, 1) return 1 end","Redis executes Lua scripts atomically in its single-threaded event loop, preventing Time-of-Check to Time-of-Use (TOCTOU) race conditions across concurrent servers.",Lua scripts execute inside the client's browser JavaScript engine.,Separate GET and SET commands are banned by HTTP/2.,Lua scripts store rate limit counters in CPU registers.,A,"Separate GET and SET calls allow concurrent servers to interleave commands, exceeding rate limits. Lua scripts execute atomically in Redis without race conditions. (Bloom's Taxonomy Level 3: Application & Troubleshooting)."
sys-1k-0950,Database Storage Engines & Indexing,easy,"Why do write-heavy distributed databases (Cassandra, RocksDB) utilize Log-Structured Merge-Trees instead of B-Trees?",// LSM Pipeline: Append to WAL -> Insert into MemTable -> Flush to SSTables,"LSM-Trees transform random disk writes into sequential append-only writes, maximizing disk throughput and minimizing disk write amplification.",B-Trees cannot store numeric floating point values.,LSM-Trees do not use persistent disk storage.,LSM-Trees perform random in-place updates directly on flash memory.,A,"B-Trees perform random in-place disk page updates, causing heavy write amplification. LSM-Trees append sequentially to WAL and MemTable, periodically compacting immutable SSTables. (Bloom's Taxonomy Level 3: Application & Troubleshooting)."
sys-1k-0951,Message Queues & Kafka Internals,hard,How does the Kafka Transaction Coordinator prevent zombie producers from committing split-brain transactions after a network partition?,"producer.initTransactions();
producer.beginTransaction();
producer.send(record);
producer.commitTransaction();","It increments the producer epoch for that transactional.id, causing brokers to reject any subsequent writes from the old producer instance with ProducerFencedException.",It blocks the old producer's IP address on the Linux kernel firewall.,It automatically deletes the target topic partition.,It forces all broker nodes to reboot.,A,"When a new producer instance initializes with a transactional ID, the coordinator bumps the epoch. Any late writes from the old zombie instance are rejected with ProducerFencedException. (Bloom's Taxonomy Level 3: Application & Troubleshooting)."
sys-1k-0952,Consistent Hashing & Partitioning,medium,What critical problem do Virtual Nodes solve in Consistent Hashing topologies?,"// Hash Ring: 0 to 2^32 - 1
// Physical Nodes mapped to 150 Virtual Nodes each","They prevent hot-spot data skew by distributing token positions evenly across the hash ring, ensuring uniform load distribution when nodes join or leave.",They eliminate the need for hash functions.,They reduce network bandwidth to zero.,They convert distributed hash tables into single-node in-memory lists.,A,"Without virtual nodes, a small cluster has uneven hash token distribution. Mapping each physical server to 100-200 virtual nodes creates a balanced, uniform distribution across the ring. (Bloom's Taxonomy Level 3: Application & Troubleshooting)."
sys-1k-0953,Distributed Transactions & Saga,easy,Why is Orchestrated Saga preferred over Choreographed Saga for complex distributed workflows with many microservice dependencies?,"// Order Saga Orchestrator:
// 1. ReserveStock -> 2. ProcessPayment -> 3. DispatchShipment
// If Step 2 fails -> Trigger CompensateStock()","An Orchestrator provides a centralized state machine with clear compensation visibility, preventing cyclic event mesh deadlocks and event spaghetti.",Choreography is prohibited by ISO 20022 standards.,Orchestrator eliminates network communication between services.,Choreography consumes 100x more memory than orchestration.,A,"In complex workflows, an orchestrator coordinates transactions centrally, tracks timeouts, and invokes compensating rollbacks predictably without tangled event dependencies. (Bloom's Taxonomy Level 3: Application & Troubleshooting)."
sys-1k-0954,Transactional Outbox & CDC,hard,How does the Transactional Outbox pattern paired with Debezium CDC prevent data inconsistencies compared to dual writes?,"// Local ACID Transaction:
orderRepo.save(order);
outboxRepo.save(new OutboxEvent(""OrderCreated"", order.getId()));",The entity update and outbox record are committed atomically in the same local database transaction; Debezium streams WAL commits to Kafka with at-least-once guarantee.,It converts Kafka topics into relational database tables.,It eliminates the need for database transaction logs entirely.,It guarantees zero network latency across microservices.,A,"Dual-writes fail if the DB commit succeeds but Kafka send fails. The Outbox pattern writes to the local DB table atomically, and Debezium tails the database WAL to publish events reliably. (Bloom's Taxonomy Level 3: Application & Troubleshooting)."
sys-1k-0955,Distributed Consensus (Raft & Paxos),medium,"Under Raft consensus rules, why will a follower node refuse to vote for a candidate even if the candidate's term is higher?","// 5-Node Raft Cluster
// Node 1 initiates election with Term 4",If the candidate's log is less up-to-date (has lower last log term or shorter log length) than the follower's own log.,If the candidate's IP address is numerically higher than the follower.,If the follower has been online for more than 10 minutes.,If the candidate uses UDP packets instead of TCP.,A,"The Raft Leader Completeness invariant requires that a follower grants a vote only if the candidate's log is at least as up-to-date as the voter's own log (higher term, or same term with longer index). (Bloom's Taxonomy Level 3: Application & Troubleshooting)."
sys-1k-0956,Distributed Caching & Stampede Mitigation,easy,How does the XFetch algorithm eliminate Cache Stampede (Thundering Herd) when a hot key expires under high concurrency?,"// XFetch Algorithm:
// if ( -delta * beta * ln(random()) ) >= remaining_ttl -> trigger refresh","The probability of a background reader recalculating and updating the cache key increases asymptotically to 1.0 as TTL nears zero, refreshing the cache prior to actual expiry.",It drops all incoming traffic when the cache key reaches 0 TTL.,It locks all Redis shards to single-threaded sequential execution.,It forces the client browser to compute the database query.,A,"XFetch probabilistically triggers early refresh based on computation cost (delta) and TTL. A single reader refreshes the cache ahead of expiration, preventing massive database thundering herds. (Bloom's Taxonomy Level 3: Application & Troubleshooting)."
sys-1k-0957,Distributed Rate Limiting,hard,Why is a Redis Lua script essential for distributed rate limiting across multiple app servers?,"local key = KEYS[1]
local limit = tonumber(ARGV[1])
local current = tonumber(redis.call('get', key) or '0')
if current + 1 > limit then return 0 else redis.call('incrby', key, 1) return 1 end","Redis executes Lua scripts atomically in its single-threaded event loop, preventing Time-of-Check to Time-of-Use (TOCTOU) race conditions across concurrent servers.",Lua scripts execute inside the client's browser JavaScript engine.,Separate GET and SET commands are banned by HTTP/2.,Lua scripts store rate limit counters in CPU registers.,A,"Separate GET and SET calls allow concurrent servers to interleave commands, exceeding rate limits. Lua scripts execute atomically in Redis without race conditions. (Bloom's Taxonomy Level 3: Application & Troubleshooting)."
sys-1k-0958,Database Storage Engines & Indexing,medium,"Why do write-heavy distributed databases (Cassandra, RocksDB) utilize Log-Structured Merge-Trees instead of B-Trees?",// LSM Pipeline: Append to WAL -> Insert into MemTable -> Flush to SSTables,"LSM-Trees transform random disk writes into sequential append-only writes, maximizing disk throughput and minimizing disk write amplification.",B-Trees cannot store numeric floating point values.,LSM-Trees do not use persistent disk storage.,LSM-Trees perform random in-place updates directly on flash memory.,A,"B-Trees perform random in-place disk page updates, causing heavy write amplification. LSM-Trees append sequentially to WAL and MemTable, periodically compacting immutable SSTables. (Bloom's Taxonomy Level 3: Application & Troubleshooting)."
sys-1k-0959,Message Queues & Kafka Internals,easy,How does the Kafka Transaction Coordinator prevent zombie producers from committing split-brain transactions after a network partition?,"producer.initTransactions();
producer.beginTransaction();
producer.send(record);
producer.commitTransaction();","It increments the producer epoch for that transactional.id, causing brokers to reject any subsequent writes from the old producer instance with ProducerFencedException.",It blocks the old producer's IP address on the Linux kernel firewall.,It automatically deletes the target topic partition.,It forces all broker nodes to reboot.,A,"When a new producer instance initializes with a transactional ID, the coordinator bumps the epoch. Any late writes from the old zombie instance are rejected with ProducerFencedException. (Bloom's Taxonomy Level 3: Application & Troubleshooting)."
sys-1k-0960,Consistent Hashing & Partitioning,hard,What critical problem do Virtual Nodes solve in Consistent Hashing topologies?,"// Hash Ring: 0 to 2^32 - 1
// Physical Nodes mapped to 150 Virtual Nodes each","They prevent hot-spot data skew by distributing token positions evenly across the hash ring, ensuring uniform load distribution when nodes join or leave.",They eliminate the need for hash functions.,They reduce network bandwidth to zero.,They convert distributed hash tables into single-node in-memory lists.,A,"Without virtual nodes, a small cluster has uneven hash token distribution. Mapping each physical server to 100-200 virtual nodes creates a balanced, uniform distribution across the ring. (Bloom's Taxonomy Level 3: Application & Troubleshooting)."
sys-1k-0961,Distributed Transactions & Saga,medium,Why is Orchestrated Saga preferred over Choreographed Saga for complex distributed workflows with many microservice dependencies?,"// Order Saga Orchestrator:
// 1. ReserveStock -> 2. ProcessPayment -> 3. DispatchShipment
// If Step 2 fails -> Trigger CompensateStock()","An Orchestrator provides a centralized state machine with clear compensation visibility, preventing cyclic event mesh deadlocks and event spaghetti.",Choreography is prohibited by ISO 20022 standards.,Orchestrator eliminates network communication between services.,Choreography consumes 100x more memory than orchestration.,A,"In complex workflows, an orchestrator coordinates transactions centrally, tracks timeouts, and invokes compensating rollbacks predictably without tangled event dependencies. (Bloom's Taxonomy Level 3: Application & Troubleshooting)."
sys-1k-0962,Transactional Outbox & CDC,easy,How does the Transactional Outbox pattern paired with Debezium CDC prevent data inconsistencies compared to dual writes?,"// Local ACID Transaction:
orderRepo.save(order);
outboxRepo.save(new OutboxEvent(""OrderCreated"", order.getId()));",The entity update and outbox record are committed atomically in the same local database transaction; Debezium streams WAL commits to Kafka with at-least-once guarantee.,It converts Kafka topics into relational database tables.,It eliminates the need for database transaction logs entirely.,It guarantees zero network latency across microservices.,A,"Dual-writes fail if the DB commit succeeds but Kafka send fails. The Outbox pattern writes to the local DB table atomically, and Debezium tails the database WAL to publish events reliably. (Bloom's Taxonomy Level 3: Application & Troubleshooting)."
sys-1k-0963,Distributed Consensus (Raft & Paxos),hard,"Under Raft consensus rules, why will a follower node refuse to vote for a candidate even if the candidate's term is higher?","// 5-Node Raft Cluster
// Node 1 initiates election with Term 4",If the candidate's log is less up-to-date (has lower last log term or shorter log length) than the follower's own log.,If the candidate's IP address is numerically higher than the follower.,If the follower has been online for more than 10 minutes.,If the candidate uses UDP packets instead of TCP.,A,"The Raft Leader Completeness invariant requires that a follower grants a vote only if the candidate's log is at least as up-to-date as the voter's own log (higher term, or same term with longer index). (Bloom's Taxonomy Level 3: Application & Troubleshooting)."
sys-1k-0964,Distributed Caching & Stampede Mitigation,medium,How does the XFetch algorithm eliminate Cache Stampede (Thundering Herd) when a hot key expires under high concurrency?,"// XFetch Algorithm:
// if ( -delta * beta * ln(random()) ) >= remaining_ttl -> trigger refresh","The probability of a background reader recalculating and updating the cache key increases asymptotically to 1.0 as TTL nears zero, refreshing the cache prior to actual expiry.",It drops all incoming traffic when the cache key reaches 0 TTL.,It locks all Redis shards to single-threaded sequential execution.,It forces the client browser to compute the database query.,A,"XFetch probabilistically triggers early refresh based on computation cost (delta) and TTL. A single reader refreshes the cache ahead of expiration, preventing massive database thundering herds. (Bloom's Taxonomy Level 3: Application & Troubleshooting)."
sys-1k-0965,Distributed Rate Limiting,easy,Why is a Redis Lua script essential for distributed rate limiting across multiple app servers?,"local key = KEYS[1]
local limit = tonumber(ARGV[1])
local current = tonumber(redis.call('get', key) or '0')
if current + 1 > limit then return 0 else redis.call('incrby', key, 1) return 1 end","Redis executes Lua scripts atomically in its single-threaded event loop, preventing Time-of-Check to Time-of-Use (TOCTOU) race conditions across concurrent servers.",Lua scripts execute inside the client's browser JavaScript engine.,Separate GET and SET commands are banned by HTTP/2.,Lua scripts store rate limit counters in CPU registers.,A,"Separate GET and SET calls allow concurrent servers to interleave commands, exceeding rate limits. Lua scripts execute atomically in Redis without race conditions. (Bloom's Taxonomy Level 3: Application & Troubleshooting)."
sys-1k-0966,Database Storage Engines & Indexing,hard,"Why do write-heavy distributed databases (Cassandra, RocksDB) utilize Log-Structured Merge-Trees instead of B-Trees?",// LSM Pipeline: Append to WAL -> Insert into MemTable -> Flush to SSTables,"LSM-Trees transform random disk writes into sequential append-only writes, maximizing disk throughput and minimizing disk write amplification.",B-Trees cannot store numeric floating point values.,LSM-Trees do not use persistent disk storage.,LSM-Trees perform random in-place updates directly on flash memory.,A,"B-Trees perform random in-place disk page updates, causing heavy write amplification. LSM-Trees append sequentially to WAL and MemTable, periodically compacting immutable SSTables. (Bloom's Taxonomy Level 3: Application & Troubleshooting)."
sys-1k-0967,Message Queues & Kafka Internals,medium,How does the Kafka Transaction Coordinator prevent zombie producers from committing split-brain transactions after a network partition?,"producer.initTransactions();
producer.beginTransaction();
producer.send(record);
producer.commitTransaction();","It increments the producer epoch for that transactional.id, causing brokers to reject any subsequent writes from the old producer instance with ProducerFencedException.",It blocks the old producer's IP address on the Linux kernel firewall.,It automatically deletes the target topic partition.,It forces all broker nodes to reboot.,A,"When a new producer instance initializes with a transactional ID, the coordinator bumps the epoch. Any late writes from the old zombie instance are rejected with ProducerFencedException. (Bloom's Taxonomy Level 3: Application & Troubleshooting)."
sys-1k-0968,Consistent Hashing & Partitioning,easy,What critical problem do Virtual Nodes solve in Consistent Hashing topologies?,"// Hash Ring: 0 to 2^32 - 1
// Physical Nodes mapped to 150 Virtual Nodes each","They prevent hot-spot data skew by distributing token positions evenly across the hash ring, ensuring uniform load distribution when nodes join or leave.",They eliminate the need for hash functions.,They reduce network bandwidth to zero.,They convert distributed hash tables into single-node in-memory lists.,A,"Without virtual nodes, a small cluster has uneven hash token distribution. Mapping each physical server to 100-200 virtual nodes creates a balanced, uniform distribution across the ring. (Bloom's Taxonomy Level 3: Application & Troubleshooting)."
sys-1k-0969,Distributed Transactions & Saga,hard,Why is Orchestrated Saga preferred over Choreographed Saga for complex distributed workflows with many microservice dependencies?,"// Order Saga Orchestrator:
// 1. ReserveStock -> 2. ProcessPayment -> 3. DispatchShipment
// If Step 2 fails -> Trigger CompensateStock()","An Orchestrator provides a centralized state machine with clear compensation visibility, preventing cyclic event mesh deadlocks and event spaghetti.",Choreography is prohibited by ISO 20022 standards.,Orchestrator eliminates network communication between services.,Choreography consumes 100x more memory than orchestration.,A,"In complex workflows, an orchestrator coordinates transactions centrally, tracks timeouts, and invokes compensating rollbacks predictably without tangled event dependencies. (Bloom's Taxonomy Level 3: Application & Troubleshooting)."
sys-1k-0970,Transactional Outbox & CDC,medium,How does the Transactional Outbox pattern paired with Debezium CDC prevent data inconsistencies compared to dual writes?,"// Local ACID Transaction:
orderRepo.save(order);
outboxRepo.save(new OutboxEvent(""OrderCreated"", order.getId()));",The entity update and outbox record are committed atomically in the same local database transaction; Debezium streams WAL commits to Kafka with at-least-once guarantee.,It converts Kafka topics into relational database tables.,It eliminates the need for database transaction logs entirely.,It guarantees zero network latency across microservices.,A,"Dual-writes fail if the DB commit succeeds but Kafka send fails. The Outbox pattern writes to the local DB table atomically, and Debezium tails the database WAL to publish events reliably. (Bloom's Taxonomy Level 3: Application & Troubleshooting)."
sys-1k-0971,Distributed Consensus (Raft & Paxos),easy,"Under Raft consensus rules, why will a follower node refuse to vote for a candidate even if the candidate's term is higher?","// 5-Node Raft Cluster
// Node 1 initiates election with Term 4",If the candidate's log is less up-to-date (has lower last log term or shorter log length) than the follower's own log.,If the candidate's IP address is numerically higher than the follower.,If the follower has been online for more than 10 minutes.,If the candidate uses UDP packets instead of TCP.,A,"The Raft Leader Completeness invariant requires that a follower grants a vote only if the candidate's log is at least as up-to-date as the voter's own log (higher term, or same term with longer index). (Bloom's Taxonomy Level 3: Application & Troubleshooting)."
sys-1k-0972,Distributed Caching & Stampede Mitigation,hard,How does the XFetch algorithm eliminate Cache Stampede (Thundering Herd) when a hot key expires under high concurrency?,"// XFetch Algorithm:
// if ( -delta * beta * ln(random()) ) >= remaining_ttl -> trigger refresh","The probability of a background reader recalculating and updating the cache key increases asymptotically to 1.0 as TTL nears zero, refreshing the cache prior to actual expiry.",It drops all incoming traffic when the cache key reaches 0 TTL.,It locks all Redis shards to single-threaded sequential execution.,It forces the client browser to compute the database query.,A,"XFetch probabilistically triggers early refresh based on computation cost (delta) and TTL. A single reader refreshes the cache ahead of expiration, preventing massive database thundering herds. (Bloom's Taxonomy Level 3: Application & Troubleshooting)."
sys-1k-0973,Distributed Rate Limiting,medium,Why is a Redis Lua script essential for distributed rate limiting across multiple app servers?,"local key = KEYS[1]
local limit = tonumber(ARGV[1])
local current = tonumber(redis.call('get', key) or '0')
if current + 1 > limit then return 0 else redis.call('incrby', key, 1) return 1 end","Redis executes Lua scripts atomically in its single-threaded event loop, preventing Time-of-Check to Time-of-Use (TOCTOU) race conditions across concurrent servers.",Lua scripts execute inside the client's browser JavaScript engine.,Separate GET and SET commands are banned by HTTP/2.,Lua scripts store rate limit counters in CPU registers.,A,"Separate GET and SET calls allow concurrent servers to interleave commands, exceeding rate limits. Lua scripts execute atomically in Redis without race conditions. (Bloom's Taxonomy Level 3: Application & Troubleshooting)."
sys-1k-0974,Database Storage Engines & Indexing,easy,"Why do write-heavy distributed databases (Cassandra, RocksDB) utilize Log-Structured Merge-Trees instead of B-Trees?",// LSM Pipeline: Append to WAL -> Insert into MemTable -> Flush to SSTables,"LSM-Trees transform random disk writes into sequential append-only writes, maximizing disk throughput and minimizing disk write amplification.",B-Trees cannot store numeric floating point values.,LSM-Trees do not use persistent disk storage.,LSM-Trees perform random in-place updates directly on flash memory.,A,"B-Trees perform random in-place disk page updates, causing heavy write amplification. LSM-Trees append sequentially to WAL and MemTable, periodically compacting immutable SSTables. (Bloom's Taxonomy Level 3: Application & Troubleshooting)."
sys-1k-0975,Message Queues & Kafka Internals,hard,How does the Kafka Transaction Coordinator prevent zombie producers from committing split-brain transactions after a network partition?,"producer.initTransactions();
producer.beginTransaction();
producer.send(record);
producer.commitTransaction();","It increments the producer epoch for that transactional.id, causing brokers to reject any subsequent writes from the old producer instance with ProducerFencedException.",It blocks the old producer's IP address on the Linux kernel firewall.,It automatically deletes the target topic partition.,It forces all broker nodes to reboot.,A,"When a new producer instance initializes with a transactional ID, the coordinator bumps the epoch. Any late writes from the old zombie instance are rejected with ProducerFencedException. (Bloom's Taxonomy Level 3: Application & Troubleshooting)."
sys-1k-0976,Consistent Hashing & Partitioning,medium,What critical problem do Virtual Nodes solve in Consistent Hashing topologies?,"// Hash Ring: 0 to 2^32 - 1
// Physical Nodes mapped to 150 Virtual Nodes each","They prevent hot-spot data skew by distributing token positions evenly across the hash ring, ensuring uniform load distribution when nodes join or leave.",They eliminate the need for hash functions.,They reduce network bandwidth to zero.,They convert distributed hash tables into single-node in-memory lists.,A,"Without virtual nodes, a small cluster has uneven hash token distribution. Mapping each physical server to 100-200 virtual nodes creates a balanced, uniform distribution across the ring. (Bloom's Taxonomy Level 3: Application & Troubleshooting)."
sys-1k-0977,Distributed Transactions & Saga,easy,Why is Orchestrated Saga preferred over Choreographed Saga for complex distributed workflows with many microservice dependencies?,"// Order Saga Orchestrator:
// 1. ReserveStock -> 2. ProcessPayment -> 3. DispatchShipment
// If Step 2 fails -> Trigger CompensateStock()","An Orchestrator provides a centralized state machine with clear compensation visibility, preventing cyclic event mesh deadlocks and event spaghetti.",Choreography is prohibited by ISO 20022 standards.,Orchestrator eliminates network communication between services.,Choreography consumes 100x more memory than orchestration.,A,"In complex workflows, an orchestrator coordinates transactions centrally, tracks timeouts, and invokes compensating rollbacks predictably without tangled event dependencies. (Bloom's Taxonomy Level 3: Application & Troubleshooting)."
sys-1k-0978,Transactional Outbox & CDC,hard,How does the Transactional Outbox pattern paired with Debezium CDC prevent data inconsistencies compared to dual writes?,"// Local ACID Transaction:
orderRepo.save(order);
outboxRepo.save(new OutboxEvent(""OrderCreated"", order.getId()));",The entity update and outbox record are committed atomically in the same local database transaction; Debezium streams WAL commits to Kafka with at-least-once guarantee.,It converts Kafka topics into relational database tables.,It eliminates the need for database transaction logs entirely.,It guarantees zero network latency across microservices.,A,"Dual-writes fail if the DB commit succeeds but Kafka send fails. The Outbox pattern writes to the local DB table atomically, and Debezium tails the database WAL to publish events reliably. (Bloom's Taxonomy Level 3: Application & Troubleshooting)."
sys-1k-0979,Distributed Consensus (Raft & Paxos),medium,"Under Raft consensus rules, why will a follower node refuse to vote for a candidate even if the candidate's term is higher?","// 5-Node Raft Cluster
// Node 1 initiates election with Term 4",If the candidate's log is less up-to-date (has lower last log term or shorter log length) than the follower's own log.,If the candidate's IP address is numerically higher than the follower.,If the follower has been online for more than 10 minutes.,If the candidate uses UDP packets instead of TCP.,A,"The Raft Leader Completeness invariant requires that a follower grants a vote only if the candidate's log is at least as up-to-date as the voter's own log (higher term, or same term with longer index). (Bloom's Taxonomy Level 3: Application & Troubleshooting)."
sys-1k-0980,Distributed Caching & Stampede Mitigation,easy,How does the XFetch algorithm eliminate Cache Stampede (Thundering Herd) when a hot key expires under high concurrency?,"// XFetch Algorithm:
// if ( -delta * beta * ln(random()) ) >= remaining_ttl -> trigger refresh","The probability of a background reader recalculating and updating the cache key increases asymptotically to 1.0 as TTL nears zero, refreshing the cache prior to actual expiry.",It drops all incoming traffic when the cache key reaches 0 TTL.,It locks all Redis shards to single-threaded sequential execution.,It forces the client browser to compute the database query.,A,"XFetch probabilistically triggers early refresh based on computation cost (delta) and TTL. A single reader refreshes the cache ahead of expiration, preventing massive database thundering herds. (Bloom's Taxonomy Level 3: Application & Troubleshooting)."
sys-1k-0981,Distributed Rate Limiting,hard,Why is a Redis Lua script essential for distributed rate limiting across multiple app servers?,"local key = KEYS[1]
local limit = tonumber(ARGV[1])
local current = tonumber(redis.call('get', key) or '0')
if current + 1 > limit then return 0 else redis.call('incrby', key, 1) return 1 end","Redis executes Lua scripts atomically in its single-threaded event loop, preventing Time-of-Check to Time-of-Use (TOCTOU) race conditions across concurrent servers.",Lua scripts execute inside the client's browser JavaScript engine.,Separate GET and SET commands are banned by HTTP/2.,Lua scripts store rate limit counters in CPU registers.,A,"Separate GET and SET calls allow concurrent servers to interleave commands, exceeding rate limits. Lua scripts execute atomically in Redis without race conditions. (Bloom's Taxonomy Level 3: Application & Troubleshooting)."
sys-1k-0982,Database Storage Engines & Indexing,medium,"Why do write-heavy distributed databases (Cassandra, RocksDB) utilize Log-Structured Merge-Trees instead of B-Trees?",// LSM Pipeline: Append to WAL -> Insert into MemTable -> Flush to SSTables,"LSM-Trees transform random disk writes into sequential append-only writes, maximizing disk throughput and minimizing disk write amplification.",B-Trees cannot store numeric floating point values.,LSM-Trees do not use persistent disk storage.,LSM-Trees perform random in-place updates directly on flash memory.,A,"B-Trees perform random in-place disk page updates, causing heavy write amplification. LSM-Trees append sequentially to WAL and MemTable, periodically compacting immutable SSTables. (Bloom's Taxonomy Level 3: Application & Troubleshooting)."
sys-1k-0983,Message Queues & Kafka Internals,easy,How does the Kafka Transaction Coordinator prevent zombie producers from committing split-brain transactions after a network partition?,"producer.initTransactions();
producer.beginTransaction();
producer.send(record);
producer.commitTransaction();","It increments the producer epoch for that transactional.id, causing brokers to reject any subsequent writes from the old producer instance with ProducerFencedException.",It blocks the old producer's IP address on the Linux kernel firewall.,It automatically deletes the target topic partition.,It forces all broker nodes to reboot.,A,"When a new producer instance initializes with a transactional ID, the coordinator bumps the epoch. Any late writes from the old zombie instance are rejected with ProducerFencedException. (Bloom's Taxonomy Level 3: Application & Troubleshooting)."
sys-1k-0984,Consistent Hashing & Partitioning,hard,What critical problem do Virtual Nodes solve in Consistent Hashing topologies?,"// Hash Ring: 0 to 2^32 - 1
// Physical Nodes mapped to 150 Virtual Nodes each","They prevent hot-spot data skew by distributing token positions evenly across the hash ring, ensuring uniform load distribution when nodes join or leave.",They eliminate the need for hash functions.,They reduce network bandwidth to zero.,They convert distributed hash tables into single-node in-memory lists.,A,"Without virtual nodes, a small cluster has uneven hash token distribution. Mapping each physical server to 100-200 virtual nodes creates a balanced, uniform distribution across the ring. (Bloom's Taxonomy Level 3: Application & Troubleshooting)."
sys-1k-0985,Distributed Transactions & Saga,medium,Why is Orchestrated Saga preferred over Choreographed Saga for complex distributed workflows with many microservice dependencies?,"// Order Saga Orchestrator:
// 1. ReserveStock -> 2. ProcessPayment -> 3. DispatchShipment
// If Step 2 fails -> Trigger CompensateStock()","An Orchestrator provides a centralized state machine with clear compensation visibility, preventing cyclic event mesh deadlocks and event spaghetti.",Choreography is prohibited by ISO 20022 standards.,Orchestrator eliminates network communication between services.,Choreography consumes 100x more memory than orchestration.,A,"In complex workflows, an orchestrator coordinates transactions centrally, tracks timeouts, and invokes compensating rollbacks predictably without tangled event dependencies. (Bloom's Taxonomy Level 3: Application & Troubleshooting)."
sys-1k-0986,Transactional Outbox & CDC,easy,How does the Transactional Outbox pattern paired with Debezium CDC prevent data inconsistencies compared to dual writes?,"// Local ACID Transaction:
orderRepo.save(order);
outboxRepo.save(new OutboxEvent(""OrderCreated"", order.getId()));",The entity update and outbox record are committed atomically in the same local database transaction; Debezium streams WAL commits to Kafka with at-least-once guarantee.,It converts Kafka topics into relational database tables.,It eliminates the need for database transaction logs entirely.,It guarantees zero network latency across microservices.,A,"Dual-writes fail if the DB commit succeeds but Kafka send fails. The Outbox pattern writes to the local DB table atomically, and Debezium tails the database WAL to publish events reliably. (Bloom's Taxonomy Level 3: Application & Troubleshooting)."
sys-1k-0987,Distributed Consensus (Raft & Paxos),hard,"Under Raft consensus rules, why will a follower node refuse to vote for a candidate even if the candidate's term is higher?","// 5-Node Raft Cluster
// Node 1 initiates election with Term 4",If the candidate's log is less up-to-date (has lower last log term or shorter log length) than the follower's own log.,If the candidate's IP address is numerically higher than the follower.,If the follower has been online for more than 10 minutes.,If the candidate uses UDP packets instead of TCP.,A,"The Raft Leader Completeness invariant requires that a follower grants a vote only if the candidate's log is at least as up-to-date as the voter's own log (higher term, or same term with longer index). (Bloom's Taxonomy Level 3: Application & Troubleshooting)."
sys-1k-0988,Distributed Caching & Stampede Mitigation,medium,How does the XFetch algorithm eliminate Cache Stampede (Thundering Herd) when a hot key expires under high concurrency?,"// XFetch Algorithm:
// if ( -delta * beta * ln(random()) ) >= remaining_ttl -> trigger refresh","The probability of a background reader recalculating and updating the cache key increases asymptotically to 1.0 as TTL nears zero, refreshing the cache prior to actual expiry.",It drops all incoming traffic when the cache key reaches 0 TTL.,It locks all Redis shards to single-threaded sequential execution.,It forces the client browser to compute the database query.,A,"XFetch probabilistically triggers early refresh based on computation cost (delta) and TTL. A single reader refreshes the cache ahead of expiration, preventing massive database thundering herds. (Bloom's Taxonomy Level 3: Application & Troubleshooting)."
sys-1k-0989,Distributed Rate Limiting,easy,Why is a Redis Lua script essential for distributed rate limiting across multiple app servers?,"local key = KEYS[1]
local limit = tonumber(ARGV[1])
local current = tonumber(redis.call('get', key) or '0')
if current + 1 > limit then return 0 else redis.call('incrby', key, 1) return 1 end","Redis executes Lua scripts atomically in its single-threaded event loop, preventing Time-of-Check to Time-of-Use (TOCTOU) race conditions across concurrent servers.",Lua scripts execute inside the client's browser JavaScript engine.,Separate GET and SET commands are banned by HTTP/2.,Lua scripts store rate limit counters in CPU registers.,A,"Separate GET and SET calls allow concurrent servers to interleave commands, exceeding rate limits. Lua scripts execute atomically in Redis without race conditions. (Bloom's Taxonomy Level 3: Application & Troubleshooting)."
sys-1k-0990,Database Storage Engines & Indexing,hard,"Why do write-heavy distributed databases (Cassandra, RocksDB) utilize Log-Structured Merge-Trees instead of B-Trees?",// LSM Pipeline: Append to WAL -> Insert into MemTable -> Flush to SSTables,"LSM-Trees transform random disk writes into sequential append-only writes, maximizing disk throughput and minimizing disk write amplification.",B-Trees cannot store numeric floating point values.,LSM-Trees do not use persistent disk storage.,LSM-Trees perform random in-place updates directly on flash memory.,A,"B-Trees perform random in-place disk page updates, causing heavy write amplification. LSM-Trees append sequentially to WAL and MemTable, periodically compacting immutable SSTables. (Bloom's Taxonomy Level 3: Application & Troubleshooting)."
sys-1k-0991,Message Queues & Kafka Internals,medium,How does the Kafka Transaction Coordinator prevent zombie producers from committing split-brain transactions after a network partition?,"producer.initTransactions();
producer.beginTransaction();
producer.send(record);
producer.commitTransaction();","It increments the producer epoch for that transactional.id, causing brokers to reject any subsequent writes from the old producer instance with ProducerFencedException.",It blocks the old producer's IP address on the Linux kernel firewall.,It automatically deletes the target topic partition.,It forces all broker nodes to reboot.,A,"When a new producer instance initializes with a transactional ID, the coordinator bumps the epoch. Any late writes from the old zombie instance are rejected with ProducerFencedException. (Bloom's Taxonomy Level 3: Application & Troubleshooting)."
sys-1k-0992,Consistent Hashing & Partitioning,easy,What critical problem do Virtual Nodes solve in Consistent Hashing topologies?,"// Hash Ring: 0 to 2^32 - 1
// Physical Nodes mapped to 150 Virtual Nodes each","They prevent hot-spot data skew by distributing token positions evenly across the hash ring, ensuring uniform load distribution when nodes join or leave.",They eliminate the need for hash functions.,They reduce network bandwidth to zero.,They convert distributed hash tables into single-node in-memory lists.,A,"Without virtual nodes, a small cluster has uneven hash token distribution. Mapping each physical server to 100-200 virtual nodes creates a balanced, uniform distribution across the ring. (Bloom's Taxonomy Level 3: Application & Troubleshooting)."
sys-1k-0993,Distributed Transactions & Saga,hard,Why is Orchestrated Saga preferred over Choreographed Saga for complex distributed workflows with many microservice dependencies?,"// Order Saga Orchestrator:
// 1. ReserveStock -> 2. ProcessPayment -> 3. DispatchShipment
// If Step 2 fails -> Trigger CompensateStock()","An Orchestrator provides a centralized state machine with clear compensation visibility, preventing cyclic event mesh deadlocks and event spaghetti.",Choreography is prohibited by ISO 20022 standards.,Orchestrator eliminates network communication between services.,Choreography consumes 100x more memory than orchestration.,A,"In complex workflows, an orchestrator coordinates transactions centrally, tracks timeouts, and invokes compensating rollbacks predictably without tangled event dependencies. (Bloom's Taxonomy Level 3: Application & Troubleshooting)."
sys-1k-0994,Transactional Outbox & CDC,medium,How does the Transactional Outbox pattern paired with Debezium CDC prevent data inconsistencies compared to dual writes?,"// Local ACID Transaction:
orderRepo.save(order);
outboxRepo.save(new OutboxEvent(""OrderCreated"", order.getId()));",The entity update and outbox record are committed atomically in the same local database transaction; Debezium streams WAL commits to Kafka with at-least-once guarantee.,It converts Kafka topics into relational database tables.,It eliminates the need for database transaction logs entirely.,It guarantees zero network latency across microservices.,A,"Dual-writes fail if the DB commit succeeds but Kafka send fails. The Outbox pattern writes to the local DB table atomically, and Debezium tails the database WAL to publish events reliably. (Bloom's Taxonomy Level 3: Application & Troubleshooting)."
sys-1k-0995,Distributed Consensus (Raft & Paxos),easy,"Under Raft consensus rules, why will a follower node refuse to vote for a candidate even if the candidate's term is higher?","// 5-Node Raft Cluster
// Node 1 initiates election with Term 4",If the candidate's log is less up-to-date (has lower last log term or shorter log length) than the follower's own log.,If the candidate's IP address is numerically higher than the follower.,If the follower has been online for more than 10 minutes.,If the candidate uses UDP packets instead of TCP.,A,"The Raft Leader Completeness invariant requires that a follower grants a vote only if the candidate's log is at least as up-to-date as the voter's own log (higher term, or same term with longer index). (Bloom's Taxonomy Level 3: Application & Troubleshooting)."
sys-1k-0996,Distributed Caching & Stampede Mitigation,hard,How does the XFetch algorithm eliminate Cache Stampede (Thundering Herd) when a hot key expires under high concurrency?,"// XFetch Algorithm:
// if ( -delta * beta * ln(random()) ) >= remaining_ttl -> trigger refresh","The probability of a background reader recalculating and updating the cache key increases asymptotically to 1.0 as TTL nears zero, refreshing the cache prior to actual expiry.",It drops all incoming traffic when the cache key reaches 0 TTL.,It locks all Redis shards to single-threaded sequential execution.,It forces the client browser to compute the database query.,A,"XFetch probabilistically triggers early refresh based on computation cost (delta) and TTL. A single reader refreshes the cache ahead of expiration, preventing massive database thundering herds. (Bloom's Taxonomy Level 3: Application & Troubleshooting)."
sys-1k-0997,Distributed Rate Limiting,medium,Why is a Redis Lua script essential for distributed rate limiting across multiple app servers?,"local key = KEYS[1]
local limit = tonumber(ARGV[1])
local current = tonumber(redis.call('get', key) or '0')
if current + 1 > limit then return 0 else redis.call('incrby', key, 1) return 1 end","Redis executes Lua scripts atomically in its single-threaded event loop, preventing Time-of-Check to Time-of-Use (TOCTOU) race conditions across concurrent servers.",Lua scripts execute inside the client's browser JavaScript engine.,Separate GET and SET commands are banned by HTTP/2.,Lua scripts store rate limit counters in CPU registers.,A,"Separate GET and SET calls allow concurrent servers to interleave commands, exceeding rate limits. Lua scripts execute atomically in Redis without race conditions. (Bloom's Taxonomy Level 3: Application & Troubleshooting)."
sys-1k-0998,Database Storage Engines & Indexing,easy,"Why do write-heavy distributed databases (Cassandra, RocksDB) utilize Log-Structured Merge-Trees instead of B-Trees?",// LSM Pipeline: Append to WAL -> Insert into MemTable -> Flush to SSTables,"LSM-Trees transform random disk writes into sequential append-only writes, maximizing disk throughput and minimizing disk write amplification.",B-Trees cannot store numeric floating point values.,LSM-Trees do not use persistent disk storage.,LSM-Trees perform random in-place updates directly on flash memory.,A,"B-Trees perform random in-place disk page updates, causing heavy write amplification. LSM-Trees append sequentially to WAL and MemTable, periodically compacting immutable SSTables. (Bloom's Taxonomy Level 3: Application & Troubleshooting)."
sys-1k-0999,Message Queues & Kafka Internals,hard,How does the Kafka Transaction Coordinator prevent zombie producers from committing split-brain transactions after a network partition?,"producer.initTransactions();
producer.beginTransaction();
producer.send(record);
producer.commitTransaction();","It increments the producer epoch for that transactional.id, causing brokers to reject any subsequent writes from the old producer instance with ProducerFencedException.",It blocks the old producer's IP address on the Linux kernel firewall.,It automatically deletes the target topic partition.,It forces all broker nodes to reboot.,A,"When a new producer instance initializes with a transactional ID, the coordinator bumps the epoch. Any late writes from the old zombie instance are rejected with ProducerFencedException. (Bloom's Taxonomy Level 3: Application & Troubleshooting)."
sys-1k-1000,Consistent Hashing & Partitioning,medium,What critical problem do Virtual Nodes solve in Consistent Hashing topologies?,"// Hash Ring: 0 to 2^32 - 1
// Physical Nodes mapped to 150 Virtual Nodes each","They prevent hot-spot data skew by distributing token positions evenly across the hash ring, ensuring uniform load distribution when nodes join or leave.",They eliminate the need for hash functions.,They reduce network bandwidth to zero.,They convert distributed hash tables into single-node in-memory lists.,A,"Without virtual nodes, a small cluster has uneven hash token distribution. Mapping each physical server to 100-200 virtual nodes creates a balanced, uniform distribution across the ring. (Bloom's Taxonomy Level 3: Application & Troubleshooting)."
